branch,a,a_err,b,b_err,n_points
upstream master,9.795474396990303e-08,1.2029162739760354e-07,1.8305645192761317,0.1459783730855153,4
native-spline,0.00025371511306607257,8.694291092403997e-05,0.7053564313678474,0.04073487909374819,4
native-spline-omp,3.133941723381843e-05,1.4768872473757962e-05,0.9781584836322503,0.05601895675838668,4
