branch,n_molecules,n_segments,eta_mPa_s,eta_sem,D_PBC_ang2_ps,D_PBC_sem,D_0_ang2_ps,D_0_sem,time_per_step_s,time_per_step_sem,seg_walltime_s,seg_walltime_sem
feature-nnp-chebyshev,64,5,0.828958,0.126437,0.23897273,0.03931347,0.31079640,0.05554566,0.029880,0.000200,5976.60,39.87
feature-nnp-chebyshev,128,5,0.653863,0.031641,0.26475920,0.01840839,0.32628244,0.02007200,0.028878,0.000806,5776.84,161.06
