lag_ps,msd_seg1_A2,msd_seg2_A2,msd_seg3_A2,msd_seg4_A2,msd_seg5_A2
0.000000000000000000e+00,3.992031858290543465e-13,5.837739031852511784e-13,4.430583265044154780e-13,6.336993280240303800e-13,7.939590897868044776e-13
1.000000000000000056e-01,2.294304475293137968e-01,2.229214492541734538e-01,2.291277512490339785e-01,2.267870399054117136e-01,2.225040575977284552e-01
2.000000000000000111e-01,4.991333904815198896e-01,4.799671240507603076e-01,4.987532734626133890e-01,4.931533948091683661e-01,4.801907481992849780e-01
2.999999999999999889e-01,6.999083631238204317e-01,6.644606792824701014e-01,6.994643100681432468e-01,6.894855402672130928e-01,6.652790940523495289e-01
4.000000000000000222e-01,8.206280876280458436e-01,7.671838538310882250e-01,8.190552822553617274e-01,8.041068344827858594e-01,7.682225470352362917e-01
5.000000000000000000e-01,9.065527076929983386e-01,8.361087970650814549e-01,9.034991622923734811e-01,8.842751785668730991e-01,8.371579057826221693e-01
5.999999999999999778e-01,9.859210127668622814e-01,9.001106385023174283e-01,9.811994785436575217e-01,9.589884024365515902e-01,9.024443380729607611e-01
7.000000000000000666e-01,1.062133780070817934e+00,9.614966340361603692e-01,1.055855108408622733e+00,1.031382554414622676e+00,9.657936239901411257e-01
8.000000000000000444e-01,1.134726285363169440e+00,1.019806348567145138e+00,1.126250490034683249e+00,1.100040540248153897e+00,1.025606368696844406e+00
9.000000000000000222e-01,1.205211842738458827e+00,1.076553810713735349e+00,1.193949035952347248e+00,1.166537531148879037e+00,1.083147803724195279e+00
1.000000000000000000e+00,1.274599831946371609e+00,1.132702588630131180e+00,1.260548365069017240e+00,1.232161857282941364e+00,1.139892564336438596e+00
1.100000000000000089e+00,1.342263566923657336e+00,1.187339394357193045e+00,1.325889509088522766e+00,1.297117257394936107e+00,1.195592070883645164e+00
1.199999999999999956e+00,1.407903152156278814e+00,1.240591426222660720e+00,1.389810124780141098e+00,1.360756579826945645e+00,1.249451859361863981e+00
1.300000000000000044e+00,1.472407595904120736e+00,1.292848620894440304e+00,1.452684622471576148e+00,1.423015615061102190e+00,1.301442767619043872e+00
1.400000000000000133e+00,1.536015416876410633e+00,1.344098786385177657e+00,1.514594954418862160e+00,1.483875429364251985e+00,1.352647405709028527e+00
1.500000000000000000e+00,1.598849104195819493e+00,1.393871036552460030e+00,1.574837206999509132e+00,1.543649736243326132e+00,1.403724309332455844e+00
1.600000000000000089e+00,1.660837646729762973e+00,1.442561363408904951e+00,1.632948006014378173e+00,1.602661294779711865e+00,1.454468222114157605e+00
1.699999999999999956e+00,1.721837498826340074e+00,1.490464773426947831e+00,1.688983935627010879e+00,1.661018516059837191e+00,1.504424837299174422e+00
1.800000000000000044e+00,1.781951021331033891e+00,1.537422451584452343e+00,1.744264442245893054e+00,1.718674320936768307e+00,1.553734961125589953e+00
1.900000000000000133e+00,1.841855683806322697e+00,1.583783201437307886e+00,1.801875892149350511e+00,1.775431616354304465e+00,1.602604838655875552e+00
2.000000000000000000e+00,1.901611342902754576e+00,1.629529994896276479e+00,1.862847571914698852e+00,1.831571881663439871e+00,1.650845210602464919e+00
2.100000000000000089e+00,1.961021763194620293e+00,1.674634197266764879e+00,1.923706681947021657e+00,1.887381908393629182e+00,1.699036239400733450e+00
2.200000000000000178e+00,2.019830940967845212e+00,1.719461901861843778e+00,1.983827750089027564e+00,1.943352485420206888e+00,1.747428144986930665e+00
2.300000000000000266e+00,2.078441846153568306e+00,1.764189516795902968e+00,2.042879137091556441e+00,1.999161036631529331e+00,1.795782150168317770e+00
2.399999999999999911e+00,2.137660323193281808e+00,1.809068852284954732e+00,2.101329416934846428e+00,2.054747814664693362e+00,1.843933975148670745e+00
2.500000000000000000e+00,2.197617459217773295e+00,1.853573063186418235e+00,2.159464324391920265e+00,2.110004809524538061e+00,1.892266525685648570e+00
2.600000000000000089e+00,2.257511873938629954e+00,1.897647523531918567e+00,2.217290811054074329e+00,2.165070209426609438e+00,1.940708380401939381e+00
2.700000000000000178e+00,2.317099330520267841e+00,1.940350957743795401e+00,2.275041644920180683e+00,2.220107997064725947e+00,1.989435090200722289e+00
2.800000000000000266e+00,2.376469717349045219e+00,1.981169948892408161e+00,2.332764405433091159e+00,2.275349331380455808e+00,2.038210403952694261e+00
2.899999999999999911e+00,2.436015745040223557e+00,2.021028839523966614e+00,2.390604855340226376e+00,2.330640521265042064e+00,2.086784630957336351e+00
3.000000000000000000e+00,2.495762477232294607e+00,2.067101347915907272e+00,2.448639848369319250e+00,2.386188728465190145e+00,2.135032029276506371e+00
3.100000000000000089e+00,2.555425359942216978e+00,2.116936568772818550e+00,2.506665904026404323e+00,2.442034975630975602e+00,2.183115902660249574e+00
3.200000000000000178e+00,2.614928782613947345e+00,2.166069659949713788e+00,2.564641711198737184e+00,2.497577744968351166e+00,2.231438768220252555e+00
3.300000000000000266e+00,2.674230867085112262e+00,2.213223094687635228e+00,2.622389331462074757e+00,2.552488027657205727e+00,2.279906422408452649e+00
3.399999999999999911e+00,2.733485739698898076e+00,2.259188580372402555e+00,2.679499393839343213e+00,2.607102657539129176e+00,2.328226862766717975e+00
3.500000000000000000e+00,2.792792414382849753e+00,2.304823398635296616e+00,2.736077462052059150e+00,2.661614021142033160e+00,2.376456999401626469e+00
3.600000000000000089e+00,2.852239998970444113e+00,2.350393146488036766e+00,2.792545194059988578e+00,2.716530477697504775e+00,2.424447201272406538e+00
3.700000000000000178e+00,2.911550070828153647e+00,2.395712534947795458e+00,2.848968472742410718e+00,2.771798490936077997e+00,2.472015335638264588e+00
3.800000000000000266e+00,2.970965048953261078e+00,2.440779161500886030e+00,2.905909019818925909e+00,2.827069355032289621e+00,2.519333656862074111e+00
3.899999999999999911e+00,3.030444862872489153e+00,2.485434526219904683e+00,2.962995433461067751e+00,2.881936548949524113e+00,2.566679111121821233e+00
4.000000000000000000e+00,3.089764264901666557e+00,2.529768934368804345e+00,3.020313953230847837e+00,2.936478603264575771e+00,2.614291567219396040e+00
4.099999999999999645e+00,3.148877637923092276e+00,2.574603398181955605e+00,3.077733699630586628e+00,2.991164176821346832e+00,2.661652730698008007e+00
4.200000000000000178e+00,3.207776787579545985e+00,2.619888882328518243e+00,3.134955872421908207e+00,3.045878865599286556e+00,2.708790585872735690e+00
4.299999999999999822e+00,3.266445793223541560e+00,2.665058987652839662e+00,3.192117884475107470e+00,3.100450070843547401e+00,2.755815441643848285e+00
4.400000000000000355e+00,3.324714868209839747e+00,2.709835594810975135e+00,3.248944539502988782e+00,3.154242915034641825e+00,2.802652032422296102e+00
4.500000000000000000e+00,3.382806852399448339e+00,2.754372331793853323e+00,3.305485960218384811e+00,3.207497459822783004e+00,2.849447071876892501e+00
4.600000000000000533e+00,3.440918170806069654e+00,2.798921945784255794e+00,3.361693846530897645e+00,3.260879804074445332e+00,2.896091356185979571e+00
4.700000000000000178e+00,3.498805422258841613e+00,2.843165903769572900e+00,3.417701605618037597e+00,3.314426130438500984e+00,2.942299581042715051e+00
4.799999999999999822e+00,3.556300904244753980e+00,2.887156509469683829e+00,3.473595196352532888e+00,3.368142850077790129e+00,2.988248023870597514e+00
4.900000000000000355e+00,3.613202437359134489e+00,2.930968459385855596e+00,3.529603262404286124e+00,3.422033097882679176e+00,3.033942630679890229e+00
5.000000000000000000e+00,3.669703727846631125e+00,2.974877524786177396e+00,3.585660637505339920e+00,3.475927971739555478e+00,3.079543320490173208e+00
5.100000000000000533e+00,3.726436018002187378e+00,3.018615463516673980e+00,3.641923959860295046e+00,3.529724076020060775e+00,3.125307754028235241e+00
5.200000000000000178e+00,3.783178109800077404e+00,3.062765385289696773e+00,3.698708604828902402e+00,3.583499955310987861e+00,3.171082158145575924e+00
5.299999999999999822e+00,3.839641621153110584e+00,3.107484330900220915e+00,3.755739506438780850e+00,3.637371154714819976e+00,3.216847033190282978e+00
5.400000000000000355e+00,3.896038897455398331e+00,3.151939143069120153e+00,3.812767741261941179e+00,3.690970719425975322e+00,3.262841973833336962e+00
5.500000000000000000e+00,3.952771869643162628e+00,3.196071436421810130e+00,3.869247725864544130e+00,3.744418635372652293e+00,3.309072119289322877e+00
5.600000000000000533e+00,4.009703274795130667e+00,3.240208758287750790e+00,3.925008913090871410e+00,3.797846822251310428e+00,3.355483508630351608e+00
5.700000000000000178e+00,4.066796428014564313e+00,3.284404821074625502e+00,3.980413583938994027e+00,3.851304995449272628e+00,3.401926276852968556e+00
5.799999999999999822e+00,4.123488794099295696e+00,3.328489651676378447e+00,4.036128772348170024e+00,3.905028551934861536e+00,3.448043322406731281e+00
5.900000000000000355e+00,4.179909544630646678e+00,3.372332922961715163e+00,4.092400582242184726e+00,3.958941764238421701e+00,3.494026139166778844e+00
6.000000000000000000e+00,4.236421011298133088e+00,3.415715202770704728e+00,4.148754508844462841e+00,4.012834544248732982e+00,3.540189257896049213e+00
6.100000000000000533e+00,4.293197037113988479e+00,3.458997765467104912e+00,4.204648101453514641e+00,4.066532012820000652e+00,3.586376193286648029e+00
6.200000000000000178e+00,4.350264228204218320e+00,3.502509184407995857e+00,4.260207206246050760e+00,4.120138816070038956e+00,3.632477141965881451e+00
6.299999999999999822e+00,4.407585509793616296e+00,3.546219967873652568e+00,4.315571177707943740e+00,4.173684861627498854e+00,3.678461140530034701e+00
6.400000000000000355e+00,4.464868393701407534e+00,3.589778395822065704e+00,4.371003596660186119e+00,4.227217421036177925e+00,3.724276766278063810e+00
6.500000000000000000e+00,4.521845566507316505e+00,3.633463655466809605e+00,4.426442440698473035e+00,4.280290325773328242e+00,3.770165024135196497e+00
6.600000000000000533e+00,4.578439723763548130e+00,3.677345298494858028e+00,4.481901628589260334e+00,4.333141547055780585e+00,3.815864904486834241e+00
6.700000000000000178e+00,4.634749042660354590e+00,3.721192148751979456e+00,4.537426817257466105e+00,4.386132210402116094e+00,3.861702616032171687e+00
6.799999999999999822e+00,4.691038672423120559e+00,3.764720800353734020e+00,4.592920485521346130e+00,4.439505104175084149e+00,3.907551252128909525e+00
6.900000000000000355e+00,4.747373780070185845e+00,3.807795981724302781e+00,4.648092760751877606e+00,4.493023838005096415e+00,3.953259167142264108e+00
7.000000000000000000e+00,4.803770126402291396e+00,3.850706432251199463e+00,4.703123698683685738e+00,4.546424333040461896e+00,3.998630673534410818e+00
7.100000000000000533e+00,4.860373005037224914e+00,3.893825123043342273e+00,4.758048444703598001e+00,4.599380310856712839e+00,4.044014282780801217e+00
7.200000000000000178e+00,4.916936079002898197e+00,3.937630327762486449e+00,4.813047394532061318e+00,4.652083294037331562e+00,4.089209212778642133e+00
7.299999999999999822e+00,4.973396030397318590e+00,3.981615319246593288e+00,4.868169591594031509e+00,4.704685488314662045e+00,4.134028888548701985e+00
7.400000000000000355e+00,5.029532915736826482e+00,4.025192879042380767e+00,4.923402415692487821e+00,4.757452742132279866e+00,4.178692295744899532e+00
7.500000000000000000e+00,5.085312279012192072e+00,4.068417712270298026e+00,4.978550501893186819e+00,4.810254185208428623e+00,4.223108147462231621e+00
7.600000000000000533e+00,5.140981495144039570e+00,4.111748081793336951e+00,5.033868472916548598e+00,4.862972965990402407e+00,4.267371569475834292e+00
7.700000000000000178e+00,5.196371327859353961e+00,4.155097159671119478e+00,5.089210079572805689e+00,4.915620401774202008e+00,4.311381732362332464e+00
7.799999999999999822e+00,5.251453839155841408e+00,4.198218526042855281e+00,5.144739949702259452e+00,4.968073290319493296e+00,4.355614053479025749e+00
7.900000000000000355e+00,5.306412560033296089e+00,4.240890354336463552e+00,5.200246723837052443e+00,5.020333138861612809e+00,4.400442709994434765e+00
8.000000000000000000e+00,5.361227386384702420e+00,4.283359554244440481e+00,5.255650497327285287e+00,5.072898664773589417e+00,4.445462143489376849e+00
8.099999999999999645e+00,5.415842166284662085e+00,4.325742691594472333e+00,5.310780965034218148e+00,5.125513624522656464e+00,4.490455277579312288e+00
8.199999999999999289e+00,5.470915934064139563e+00,4.368027549674012633e+00,5.365640154865152667e+00,5.177712387796486126e+00,4.535258827697961515e+00
8.300000000000000711e+00,5.526753580199260441e+00,4.410394771966788419e+00,5.420713132301363757e+00,5.229481854797709772e+00,4.579974914031730293e+00
8.400000000000000355e+00,5.582758761506103617e+00,4.453150013947908548e+00,5.476043947390031974e+00,5.281233345336609375e+00,4.624667473373028415e+00
8.500000000000000000e+00,5.638211315669718005e+00,4.496016527863011092e+00,5.531333787774860511e+00,5.333213288343235270e+00,4.669395574416002503e+00
8.599999999999999645e+00,5.693446866677652096e+00,4.538816179036323284e+00,5.586442816864080285e+00,5.385304461694911282e+00,4.714232085585337906e+00
8.700000000000001066e+00,5.748775470055851322e+00,4.581569766285686462e+00,5.641377222174453365e+00,5.437319791671231251e+00,4.759148274097034559e+00
8.800000000000000711e+00,5.804461083062380844e+00,4.624439520022965766e+00,5.696234815239420435e+00,5.489208050602085720e+00,4.804058341507736252e+00
8.900000000000000355e+00,5.860335587393684875e+00,4.667414473029000810e+00,5.751118317487904363e+00,5.541313808361562288e+00,4.849168595910185786e+00
9.000000000000000000e+00,5.916192310514335695e+00,4.710286387950481490e+00,5.806030438666599736e+00,5.593520185019587920e+00,4.894353689293585497e+00
9.099999999999999645e+00,5.971843524262825831e+00,4.752829169151834954e+00,5.860721731764978237e+00,5.645565507494607616e+00,4.939398401482772094e+00
9.200000000000001066e+00,6.027074845612409248e+00,4.795589163509563768e+00,5.915889511930418010e+00,5.697444506113130913e+00,4.984163918132872517e+00
9.300000000000000711e+00,6.082057289716485293e+00,4.838771724643003758e+00,5.971053565095300719e+00,5.749436190094145083e+00,5.028730618842607747e+00
9.400000000000000355e+00,6.136809115065281262e+00,4.881993749078830547e+00,6.025769933021522640e+00,5.801726351841683282e+00,5.073236371933622202e+00
9.500000000000000000e+00,6.191556244786377228e+00,4.924920326452913777e+00,6.080274811425807613e+00,5.854166781501676908e+00,5.117991020124660118e+00
9.599999999999999645e+00,6.246388608118500052e+00,4.967325260386475705e+00,6.134730922925009544e+00,5.906983936145970837e+00,5.163275134663265042e+00
9.700000000000001066e+00,6.301149315336639134e+00,5.009484191804174813e+00,6.189335530295251964e+00,5.960167417163062531e+00,5.208609494377746785e+00
9.800000000000000711e+00,6.356022813889634193e+00,5.051569659953006663e+00,6.243951412219651331e+00,6.013281756927669086e+00,5.253664728810828244e+00
9.900000000000000355e+00,6.410754690637236131e+00,5.093953370806587166e+00,6.298324157483345509e+00,6.066044796787014803e+00,5.298476137167304145e+00
1.000000000000000000e+01,6.465308578736987499e+00,5.136764271835730256e+00,6.352527073828625248e+00,6.118418138969157205e+00,5.343471084586830067e+00
1.009999999999999964e+01,6.519338755934753316e+00,5.179839970407230432e+00,6.406903059657471644e+00,6.170621792894173119e+00,5.388728576685805294e+00
1.020000000000000107e+01,6.572996602444000303e+00,5.222899584437608489e+00,6.461289426772288458e+00,6.222760694978818563e+00,5.434149242886248565e+00
1.030000000000000071e+01,6.626937496321349208e+00,5.265549266636665671e+00,6.515680731384814628e+00,6.274808235464322870e+00,5.479535900066107246e+00
1.040000000000000036e+01,6.681246319480607987e+00,5.307887868876452586e+00,6.570157281302727803e+00,6.326538347634267367e+00,5.524932187339504530e+00
1.050000000000000000e+01,6.735893786905762681e+00,5.350316754879951731e+00,6.624875757945614119e+00,6.378073287327238994e+00,5.570179588997809184e+00
1.059999999999999964e+01,6.790414756822320541e+00,5.392878570974449559e+00,6.679796218880646563e+00,6.429613022197325556e+00,5.615236038347957148e+00
1.070000000000000107e+01,6.844495273031818705e+00,5.435355158161775613e+00,6.734944763441379045e+00,6.481192369792575292e+00,5.660307221571284408e+00
1.080000000000000071e+01,6.898550776573809884e+00,5.477579116037288642e+00,6.790378008617880212e+00,6.532429940202792551e+00,5.705551486376997161e+00
1.090000000000000036e+01,6.952807481184223981e+00,5.519972061924992346e+00,6.845617391351445313e+00,6.583252989075295325e+00,5.750673957751769372e+00
1.100000000000000000e+01,7.007378640868367370e+00,5.562445827312709312e+00,6.900450111731315950e+00,6.634250782202080643e+00,5.795565348933140903e+00
1.109999999999999964e+01,7.061996576178290574e+00,5.604658301584156455e+00,6.955332462651059089e+00,6.685421660172908176e+00,5.840073457212196395e+00
1.120000000000000107e+01,7.116373219661642935e+00,5.647087217156995465e+00,7.010243240486167871e+00,6.736660769195326637e+00,5.884876931267177369e+00
1.130000000000000071e+01,7.170553178870738620e+00,5.689680286865772096e+00,7.065177853226068727e+00,6.787976455263279085e+00,5.929863069147553567e+00
1.140000000000000036e+01,7.224769811142927267e+00,5.732315839877412778e+00,7.119779962851837674e+00,6.839284543719160503e+00,5.974826783405748465e+00
1.150000000000000000e+01,7.278895937205040134e+00,5.774364808891147227e+00,7.174055497673654358e+00,6.890263011931653025e+00,6.019619496518392232e+00
1.159999999999999964e+01,7.332977292375272071e+00,5.816001454438408658e+00,7.228221070551414940e+00,6.940917855340715370e+00,6.064252151705759708e+00
1.170000000000000107e+01,7.387231736701714624e+00,5.857565993998879783e+00,7.282443942405245174e+00,6.991259825087888125e+00,6.108816045657831317e+00
1.180000000000000071e+01,7.441361743452886479e+00,5.899130151637687725e+00,7.336721131095320203e+00,7.041359328020923236e+00,6.153367601673750187e+00
1.190000000000000036e+01,7.495382608714326267e+00,5.940778317515412965e+00,7.391029787370396953e+00,7.091570752612403439e+00,6.198336312343833754e+00
1.200000000000000000e+01,7.549295822945964574e+00,5.982220959039152852e+00,7.445241942900995724e+00,7.142014518125105127e+00,6.243425970938732306e+00
1.209999999999999964e+01,7.603051233588933755e+00,6.023591712872429227e+00,7.499423926642344362e+00,7.192835821753833514e+00,6.288366247445799750e+00
1.220000000000000107e+01,7.656928265383468712e+00,6.065068041620350847e+00,7.553663874897928565e+00,7.244048758991968207e+00,6.333072797552858013e+00
1.230000000000000071e+01,7.710960187636320740e+00,6.106835248203178246e+00,7.607934347627781868e+00,7.295234463642815470e+00,6.377709298645228841e+00
1.240000000000000036e+01,7.764979871046715054e+00,6.148673568377705401e+00,7.662180171104573390e+00,7.346364728828771007e+00,6.422643248688022055e+00
1.250000000000000000e+01,7.818798764475501706e+00,6.190509718371537851e+00,7.716045871226241637e+00,7.397261202884103604e+00,6.467599641904083541e+00
1.259999999999999964e+01,7.872641812268141415e+00,6.232359447235524819e+00,7.769731882626793151e+00,7.448287522227755808e+00,6.512392030679300170e+00
1.270000000000000107e+01,7.926775244548977639e+00,6.274157226734318193e+00,7.823310006623477086e+00,7.499599301756376235e+00,6.557227021560219526e+00
1.280000000000000071e+01,7.981116148543659250e+00,6.315968060916707927e+00,7.877079619238632091e+00,7.551021110954470039e+00,6.602390756039131503e+00
1.290000000000000036e+01,8.035357944033586719e+00,6.358070522461404472e+00,7.930992972836484078e+00,7.601783631014277454e+00,6.647565018098556600e+00
1.300000000000000000e+01,8.089492318079313904e+00,6.400261159824538026e+00,7.984999602831848620e+00,7.652438058198208992e+00,6.692609458252935184e+00
1.309999999999999964e+01,8.143700793598357635e+00,6.442117712382610328e+00,8.038708382909611316e+00,7.702879309583057221e+00,6.737810388940210338e+00
1.320000000000000107e+01,8.197597058060033248e+00,6.483588604127588972e+00,8.092241946855605050e+00,7.752939324055453163e+00,6.783398129133758836e+00
1.330000000000000071e+01,8.251043445895337669e+00,6.524890773300090707e+00,8.145750836581486354e+00,7.802749370469213908e+00,6.829110368113267882e+00
1.340000000000000036e+01,8.304170439397800862e+00,6.566437249214848393e+00,8.199604885025504331e+00,7.852602677642456008e+00,6.874629708659367289e+00
1.350000000000000000e+01,8.357194919588867066e+00,6.607963530064520086e+00,8.253400701979220599e+00,7.902694707416838327e+00,6.919818369127440860e+00
1.359999999999999964e+01,8.410204972880801932e+00,6.649715969492440593e+00,8.306812456146117185e+00,7.952654977182465501e+00,6.965017425284066199e+00
1.370000000000000107e+01,8.463314106658430092e+00,6.691554164848705355e+00,8.360264133802509434e+00,8.002630365406833590e+00,7.010173039513873050e+00
1.380000000000000071e+01,8.516516469537942058e+00,6.733466709472725853e+00,8.414063259229783043e+00,8.052485320319711093e+00,7.055266611003522037e+00
1.390000000000000036e+01,8.569654464339818034e+00,6.775171526757979734e+00,8.468104580772463308e+00,8.102445391319813339e+00,7.100217116790472183e+00
1.400000000000000000e+01,8.622843416869384825e+00,6.816729395156493787e+00,8.522421549102736194e+00,8.152520696553716917e+00,7.145083063087815489e+00
1.409999999999999964e+01,8.676382989071928620e+00,6.858306216028659641e+00,8.576688556915190276e+00,8.202743058382043984e+00,7.189918965046103949e+00
1.420000000000000107e+01,8.730339126955202644e+00,6.900031168504613177e+00,8.630536482738220272e+00,8.252840178091531698e+00,7.234680158624279933e+00
1.430000000000000071e+01,8.784350221831923378e+00,6.941534686480260952e+00,8.684221442781542066e+00,8.302853103615094099e+00,7.279584318646961982e+00
1.440000000000000036e+01,8.838454414230911382e+00,6.983218803436331612e+00,8.737977773010003446e+00,8.353198400227462628e+00,7.324320741811358282e+00
1.450000000000000000e+01,8.892600838695148724e+00,7.024971210658024212e+00,8.791793826317592320e+00,8.403739882088874680e+00,7.368940113175004747e+00
1.459999999999999964e+01,8.946673203149195785e+00,7.066735675486955692e+00,8.845766778206797909e+00,8.454078880505644378e+00,7.413727960886883572e+00
1.470000000000000107e+01,9.000651002720690741e+00,7.108641679995363560e+00,8.899578923885080428e+00,8.503940804872398118e+00,7.458821448618890848e+00
1.480000000000000071e+01,9.054690458053215707e+00,7.150761460262425651e+00,8.952993191169110077e+00,8.553647938764218139e+00,7.504379183206617121e+00
1.490000000000000036e+01,9.108930758221008617e+00,7.193063207290025574e+00,9.005954460797767069e+00,8.603359269191262371e+00,7.549955768386510613e+00
1.500000000000000000e+01,9.163322727324930028e+00,7.235242102394471075e+00,9.058878807040121828e+00,8.653161430440444946e+00,7.595458974958996023e+00
1.509999999999999964e+01,9.217585202677350154e+00,7.277386338390551046e+00,9.111962782663471927e+00,8.703516801584678220e+00,7.640745585462173750e+00
1.520000000000000107e+01,9.271644365691837919e+00,7.319147198956147626e+00,9.165225283354521579e+00,8.753937173584297682e+00,7.686017246987788987e+00
1.530000000000000071e+01,9.325534779523591666e+00,7.360620747174402290e+00,9.218512042625386371e+00,8.804497140822908463e+00,7.731397847497475162e+00
1.540000000000000036e+01,9.379540054556489537e+00,7.401851563689414881e+00,9.271613548668840465e+00,8.855270186056230841e+00,7.776829778460041531e+00
1.550000000000000000e+01,9.433705942920065368e+00,7.443041757735977093e+00,9.324681522054859784e+00,8.906183819410221858e+00,7.822306004133745105e+00
1.559999999999999964e+01,9.487974804224442948e+00,7.484624324688929242e+00,9.378092344593008889e+00,8.956820560651351570e+00,7.867616726076153810e+00
1.570000000000000107e+01,9.542278105788755127e+00,7.526623177723681835e+00,9.431722305202622891e+00,9.007162679875557743e+00,7.912960282716979599e+00
1.580000000000000071e+01,9.596234923217918933e+00,7.568706407525252366e+00,9.485456796585246764e+00,9.057152787763445900e+00,7.958208392013175647e+00
1.590000000000000036e+01,9.650007056298429475e+00,7.610421877669242718e+00,9.538920998843078536e+00,9.106960715302637510e+00,8.003700090219059149e+00
1.600000000000000000e+01,9.703876823368272397e+00,7.652014532313735629e+00,9.592351217487330217e+00,9.156797006068464029e+00,8.049280857139354595e+00
1.610000000000000142e+01,9.757950168816876158e+00,7.693419461506959323e+00,9.646193715376714550e+00,9.206932053603667399e+00,8.094900659645048790e+00
1.619999999999999929e+01,9.812042184448339199e+00,7.734816803630174320e+00,9.700342654396063580e+00,9.257480888457003232e+00,8.140670302210859077e+00
1.630000000000000071e+01,9.866116989227206702e+00,7.776493996545479348e+00,9.754442715095480665e+00,9.308241194870067403e+00,8.186496532615826993e+00
1.639999999999999858e+01,9.920138120373449553e+00,7.818190438969506495e+00,9.808319006258340522e+00,9.359151574398854478e+00,8.232005630681802799e+00
1.650000000000000000e+01,9.974116944328459411e+00,7.860053122996509600e+00,9.861948402566852678e+00,9.410286751692657603e+00,8.277437235902832313e+00
1.660000000000000142e+01,1.002814023030668444e+01,7.901792272634070358e+00,9.915248299520104780e+00,9.461596558758934350e+00,8.323097580924651240e+00
1.669999999999999929e+01,1.008230298753142407e+01,7.943292618034325514e+00,9.968595576655381763e+00,9.512715903373536008e+00,8.369139612380424254e+00
1.680000000000000071e+01,1.013663545431061586e+01,7.985127409695571110e+00,1.002224489410429342e+01,9.563242873416751166e+00,8.415112079592782734e+00
1.689999999999999858e+01,1.019080080076611594e+01,8.027309858954442490e+00,1.007603771663474035e+01,9.613332615204393861e+00,8.460947488088075730e+00
1.700000000000000000e+01,1.024494053314228736e+01,8.069401002774174714e+00,1.012961060990001627e+01,9.663128530076599887e+00,8.506728861940734632e+00
1.710000000000000142e+01,1.029893428055532745e+01,8.111623030742935114e+00,1.018293974350698150e+01,9.712557625438796194e+00,8.552617605177818660e+00
1.719999999999999929e+01,1.035286208473387859e+01,8.153684610555883339e+00,1.023646512195199776e+01,9.761811084303273489e+00,8.598437048043859221e+00
1.730000000000000071e+01,1.040666993511745808e+01,8.195460455206180939e+00,1.028999657942990886e+01,9.811077308533471708e+00,8.644094697394089977e+00
1.740000000000000213e+01,1.046054171228597340e+01,8.237116481943571600e+00,1.034321402246139954e+01,9.860231633212666935e+00,8.689646940684731646e+00
1.750000000000000000e+01,1.051454697704339303e+01,8.278760223233785354e+00,1.039627165660566455e+01,9.909710705645180084e+00,8.734911016170498144e+00
1.760000000000000142e+01,1.056859693625513152e+01,8.320324736909400443e+00,1.044919504560732015e+01,9.959874965649492040e+00,8.780188870177642713e+00
1.769999999999999929e+01,1.062297874802869302e+01,8.361984008810109614e+00,1.050233160651096220e+01,1.001039357263986318e+01,8.825537491708399074e+00
1.780000000000000071e+01,1.067784241417563251e+01,8.403493142366180280e+00,1.055563825758914476e+01,1.006115949143222110e+01,8.870854661169847333e+00
1.790000000000000213e+01,1.073301861220716802e+01,8.445172857072668293e+00,1.060895681423829018e+01,1.011159731899150671e+01,8.916246571873607252e+00
1.800000000000000000e+01,1.078813586113341749e+01,8.486678463564961916e+00,1.066222817160721092e+01,1.016178346671725663e+01,8.961582444419141424e+00
1.810000000000000142e+01,1.084316448419501100e+01,8.527914513508584093e+00,1.071541395249247586e+01,1.021198645076400346e+01,9.006973573405591793e+00
1.819999999999999929e+01,1.089781763895311073e+01,8.568939797094122568e+00,1.076851180659237706e+01,1.026249848275299925e+01,9.052615385991323649e+00
1.830000000000000071e+01,1.095230366309327863e+01,8.610215699824568247e+00,1.082171395179148377e+01,1.031306905290258058e+01,9.098356687193271952e+00
1.840000000000000213e+01,1.100672266678964384e+01,8.651507112051337600e+00,1.087491643490755067e+01,1.036334656508119068e+01,9.143886868045589367e+00
1.850000000000000000e+01,1.106103535119813763e+01,8.692639744799478763e+00,1.092772931093733213e+01,1.041346085897725615e+01,9.189165455166520502e+00
1.860000000000000142e+01,1.111519004618638995e+01,8.733896061016901413e+00,1.098036684783030559e+01,1.046350409265131276e+01,9.234616205218969753e+00
1.869999999999999929e+01,1.116903727417097869e+01,8.775169225598343559e+00,1.103287156918925405e+01,1.051335494045425278e+01,9.279944845976784151e+00
1.880000000000000071e+01,1.122280434345410605e+01,8.816507240062003703e+00,1.108553510893325367e+01,1.056299329068594162e+01,9.325280476094281568e+00
1.890000000000000213e+01,1.127673481288234214e+01,8.857530943208461238e+00,1.113775418307132625e+01,1.061241460586598961e+01,9.370447495904041801e+00
1.900000000000000000e+01,1.133053309509231710e+01,8.898247679066098925e+00,1.118954752656330776e+01,1.066200075228611688e+01,9.415605954565668512e+00
1.910000000000000142e+01,1.138402061996179704e+01,8.938978225927737498e+00,1.124171668872047825e+01,1.071171710393879017e+01,9.460686226603471027e+00
1.919999999999999929e+01,1.143750622340114553e+01,8.979649172334204010e+00,1.129452070295256227e+01,1.076149376416240244e+01,9.505925363178020504e+00
1.930000000000000071e+01,1.149129337710666299e+01,9.020420139209432975e+00,1.134750976967186809e+01,1.081150022090641549e+01,9.551582040855139510e+00
1.940000000000000213e+01,1.154542875922553158e+01,9.061362080367510785e+00,1.140026333610789422e+01,1.086173648924981983e+01,9.597622173403490109e+00
1.950000000000000000e+01,1.159966571530425838e+01,9.102163215370641325e+00,1.145268452831720829e+01,1.091174056604698883e+01,9.643528859826302480e+00
1.960000000000000142e+01,1.165396914322331945e+01,9.142578679509359318e+00,1.150495986112061964e+01,1.096138790149404585e+01,9.689244951921072158e+00
1.969999999999999929e+01,1.170847944334661683e+01,9.182732114293832737e+00,1.155716142182116712e+01,1.101078539378073096e+01,9.734992193597475918e+00
1.980000000000000071e+01,1.176308988616286122e+01,9.222924196099985039e+00,1.160960746132531085e+01,1.106033149399274684e+01,9.780732111619681035e+00
1.990000000000000213e+01,1.181761993668473565e+01,9.263197367814807848e+00,1.166226383811603817e+01,1.110989484967690721e+01,9.826117660921052988e+00
2.000000000000000000e+01,1.187204728832080569e+01,9.303380070503305177e+00,1.171490515009827149e+01,1.115945930048103385e+01,9.871341591354893197e+00
2.010000000000000142e+01,1.192629260249814394e+01,9.343669457182636862e+00,1.176745455461272805e+01,1.120897865861691223e+01,9.916703100760123846e+00
2.019999999999999929e+01,1.198040750839120960e+01,9.383979937460779297e+00,1.181991133201570499e+01,1.125860779491112851e+01,9.962228838306177892e+00
2.030000000000000071e+01,1.203416025570934345e+01,9.424401974036847207e+00,1.187234474774941795e+01,1.130838316278566502e+01,1.000767099391882731e+01
2.040000000000000213e+01,1.208754534408682346e+01,9.465024603616949861e+00,1.192494444909357831e+01,1.135832050535080562e+01,1.005335701685135597e+01
2.050000000000000000e+01,1.214094753132136972e+01,9.505879033285278723e+00,1.197775646571654029e+01,1.140844255491683512e+01,1.009944460489795759e+01
2.060000000000000142e+01,1.219470414115510870e+01,9.546999710337486178e+00,1.203086927090969915e+01,1.145854814848943626e+01,1.014562885697501926e+01
2.069999999999999929e+01,1.224869611105650513e+01,9.588086106758890281e+00,1.208429853317922920e+01,1.150842893679362078e+01,1.019140234731970907e+01
2.080000000000000071e+01,1.230291257046936693e+01,9.629037027369793833e+00,1.213782003932661269e+01,1.155838209736595523e+01,1.023685192793831789e+01
2.090000000000000213e+01,1.235738557005358906e+01,9.670026611800388139e+00,1.219120063322410275e+01,1.160819168218483632e+01,1.028215569439539578e+01
2.100000000000000000e+01,1.241176766968960621e+01,9.711244111743916108e+00,1.224449458326046525e+01,1.165778987907583719e+01,1.032724893031672408e+01
2.110000000000000142e+01,1.246611482531245585e+01,9.752373443837131006e+00,1.229785186506562411e+01,1.170710769335191159e+01,1.037199105554624090e+01
2.119999999999999929e+01,1.252030904001417966e+01,9.793335691661537723e+00,1.235112213114535606e+01,1.175607485755493720e+01,1.041647718897268149e+01
2.130000000000000071e+01,1.257417920685550961e+01,9.834366408727076347e+00,1.240425635711918062e+01,1.180486811113252443e+01,1.046103560414296041e+01
2.140000000000000213e+01,1.262763991319644674e+01,9.875869346863835219e+00,1.245714018997481887e+01,1.185364396373111973e+01,1.050552267442261112e+01
2.150000000000000000e+01,1.268109258386043692e+01,9.917242457628375973e+00,1.251012076087724090e+01,1.190286882626316611e+01,1.055023200176524512e+01
2.160000000000000142e+01,1.273482953790665739e+01,9.958153714853560601e+00,1.256328870363668315e+01,1.195246063632074751e+01,1.059532060558037436e+01
2.169999999999999929e+01,1.278857477566065803e+01,9.999085198811938469e+00,1.261640067024742606e+01,1.200212203678787226e+01,1.064058800135422800e+01
2.180000000000000071e+01,1.284235808872334061e+01,1.003999658520170968e+01,1.266954590662031777e+01,1.205165460592902527e+01,1.068583381320717862e+01
2.190000000000000213e+01,1.289618370765851374e+01,1.008095194698967667e+01,1.272279280892047204e+01,1.210100838080831842e+01,1.073088688511855260e+01
2.200000000000000000e+01,1.294994624684319184e+01,1.012188801425310203e+01,1.277613126457135984e+01,1.215019124707835019e+01,1.077582625509717751e+01
2.210000000000000142e+01,1.300353275636286021e+01,1.016272560161348970e+01,1.282943208217729136e+01,1.219941308303313399e+01,1.082064582507737427e+01
2.219999999999999929e+01,1.305675163629963720e+01,1.020359389350594981e+01,1.288260330806116549e+01,1.224862327380042970e+01,1.086547941738222178e+01
2.230000000000000071e+01,1.310948566706784568e+01,1.024435119421943341e+01,1.293564428137139721e+01,1.229801267636313966e+01,1.091046721630673844e+01
2.240000000000000213e+01,1.316217434722479851e+01,1.028522925737552995e+01,1.298852581692533192e+01,1.234770700578632585e+01,1.095536176072672063e+01
2.250000000000000000e+01,1.321511174942719080e+01,1.032615500908580941e+01,1.304125052514377714e+01,1.239732726990192013e+01,1.100030317787923728e+01
2.260000000000000142e+01,1.326808355170273757e+01,1.036725995729291228e+01,1.309369096953548706e+01,1.244717258121882431e+01,1.104545218422943620e+01
2.269999999999999929e+01,1.332078927042741867e+01,1.040840696555423861e+01,1.314605234357327390e+01,1.249682411920906233e+01,1.109072666659459649e+01
2.280000000000000071e+01,1.337330677112137067e+01,1.044935037016775503e+01,1.319825922846746025e+01,1.254607388163742954e+01,1.113596795439580767e+01
2.290000000000000213e+01,1.342578257343255466e+01,1.049024293981145917e+01,1.325051725846206097e+01,1.259486622281484891e+01,1.118119520397188893e+01
2.300000000000000000e+01,1.347823132514516509e+01,1.053093428092668482e+01,1.330306116437164832e+01,1.264389658432060770e+01,1.122631252370033828e+01
2.310000000000000142e+01,1.353069774979547546e+01,1.057205288144097999e+01,1.335570388384801888e+01,1.269323536677700126e+01,1.127122245609307605e+01
2.319999999999999929e+01,1.358350077206423911e+01,1.061364994688246099e+01,1.340828385112046739e+01,1.274284581921550874e+01,1.131601103368861416e+01
2.330000000000000071e+01,1.363645508852095745e+01,1.065549469101769020e+01,1.346058130501875638e+01,1.279251036468897240e+01,1.136062802747657940e+01
2.340000000000000213e+01,1.368958055487637182e+01,1.069689598479916981e+01,1.351296203241334482e+01,1.284199146913158884e+01,1.140534393099920152e+01
2.350000000000000000e+01,1.374283413639538054e+01,1.073792418726695530e+01,1.356527256902802492e+01,1.289158179405449545e+01,1.145017750736482753e+01
2.360000000000000142e+01,1.379669749093880426e+01,1.077910155276152615e+01,1.361750285999876908e+01,1.294103746814077738e+01,1.149472005819534637e+01
2.369999999999999929e+01,1.385094579372672108e+01,1.082071881490597143e+01,1.366973487376917795e+01,1.299069316161678955e+01,1.153910945538233790e+01
2.380000000000000071e+01,1.390533019597607378e+01,1.086220342694922714e+01,1.372238581429435378e+01,1.304084780923929188e+01,1.158346812949504745e+01
2.390000000000000213e+01,1.395957862523151682e+01,1.090322076278935270e+01,1.377521772907897812e+01,1.309115893259754770e+01,1.162764649644626580e+01
2.400000000000000000e+01,1.401368811776307943e+01,1.094396634684355085e+01,1.382793723047759293e+01,1.314131317297384172e+01,1.167155068617011082e+01
2.410000000000000142e+01,1.406765759569601393e+01,1.098482238280283063e+01,1.388048204688219656e+01,1.319128256054027659e+01,1.171541330618005183e+01
2.419999999999999929e+01,1.412166138219609479e+01,1.102569709413014110e+01,1.393289602464992782e+01,1.324086387877736293e+01,1.175934834831144826e+01
2.430000000000000071e+01,1.417569911520264370e+01,1.106640598260082875e+01,1.398533382127663849e+01,1.329036225423270956e+01,1.180340347640400189e+01
2.440000000000000213e+01,1.422969821266357826e+01,1.110713122495892335e+01,1.403791454382963089e+01,1.333988578490407306e+01,1.184797955390969193e+01
2.450000000000000000e+01,1.428372986053619975e+01,1.114793658882837235e+01,1.409043279796049752e+01,1.338938603840717612e+01,1.189287895641439263e+01
2.460000000000000142e+01,1.433772297001532614e+01,1.118915947446059711e+01,1.414301080363715535e+01,1.343926160654305058e+01,1.193780626276703671e+01
2.469999999999999929e+01,1.439126505185969584e+01,1.123053679688520745e+01,1.419585863827315642e+01,1.348944816568594796e+01,1.198248169658512197e+01
2.480000000000000071e+01,1.444472789133993196e+01,1.127186961905913520e+01,1.424890443822520325e+01,1.353977125137780391e+01,1.202703040393094724e+01
2.490000000000000213e+01,1.449845544705106093e+01,1.131314697712471506e+01,1.430193200954893840e+01,1.358989212154646609e+01,1.207143303290374980e+01
2.500000000000000000e+01,1.455197034192698169e+01,1.135467007777525339e+01,1.435469688895799756e+01,1.363984709772450898e+01,1.211559939470387270e+01
2.510000000000000142e+01,1.460521129806884844e+01,1.139586500643084577e+01,1.440732980950388864e+01,1.368974646456203814e+01,1.215939751591919560e+01
2.519999999999999929e+01,1.465850295189536290e+01,1.143683282569310755e+01,1.446005463719654038e+01,1.373974572265125360e+01,1.220349932908570878e+01
2.530000000000000071e+01,1.471166446690559049e+01,1.147795200196345711e+01,1.451293839059365354e+01,1.378955176438866026e+01,1.224777596108067179e+01
2.540000000000000213e+01,1.476475183689146320e+01,1.151941743152004349e+01,1.456602233046285733e+01,1.383896525122770349e+01,1.229238233765930843e+01
2.550000000000000000e+01,1.481792148725535974e+01,1.156064150738038698e+01,1.461896988220718185e+01,1.388837900942889902e+01,1.233722480374953001e+01
2.560000000000000142e+01,1.487099894506182451e+01,1.160174695636941244e+01,1.467182623592169399e+01,1.393796876126914519e+01,1.238223373420101936e+01
2.569999999999999929e+01,1.492432789637894075e+01,1.164323493829533085e+01,1.472452121149446569e+01,1.398755276229642597e+01,1.242743933595529171e+01
2.580000000000000071e+01,1.497787574828207902e+01,1.168490139270102013e+01,1.477722983438764537e+01,1.403697967002453773e+01,1.247266393496963310e+01
2.590000000000000213e+01,1.503148364551852545e+01,1.172662858668772756e+01,1.483002588947354106e+01,1.408642161912112378e+01,1.251780037482707542e+01
2.600000000000000000e+01,1.508519887451594244e+01,1.176822923193235404e+01,1.488290859350343176e+01,1.413605875328285144e+01,1.256290730519372723e+01
2.610000000000000142e+01,1.513902696106841539e+01,1.180944660220215425e+01,1.493582404166329702e+01,1.418568739446339144e+01,1.260807064260128563e+01
2.619999999999999929e+01,1.519297001161959138e+01,1.185052719110367292e+01,1.498875200860636170e+01,1.423533856470462844e+01,1.265319457755586718e+01
2.630000000000000071e+01,1.524673318003023859e+01,1.189159318051652114e+01,1.504147159787978616e+01,1.428506940201374142e+01,1.269791754658402283e+01
2.640000000000000213e+01,1.530008097019179125e+01,1.193264352487767788e+01,1.509410560567546788e+01,1.433493785281446264e+01,1.274222268897711885e+01
2.650000000000000000e+01,1.535312897477430383e+01,1.197386215744851512e+01,1.514680165019321478e+01,1.438476427589424489e+01,1.278640667491651683e+01
2.660000000000000142e+01,1.540629998907796860e+01,1.201501671027936347e+01,1.519951373021408614e+01,1.443457862165132255e+01,1.283081411487020951e+01
2.669999999999999929e+01,1.545963242110924973e+01,1.205606527153662455e+01,1.525225580229040112e+01,1.448461391194096315e+01,1.287532365444317151e+01
2.680000000000000071e+01,1.551292423627953276e+01,1.209688856021880810e+01,1.530488018574405196e+01,1.453479656035169576e+01,1.291944884308860964e+01
2.690000000000000213e+01,1.556611268104468238e+01,1.213769563172519383e+01,1.535707415659704189e+01,1.458516673642799688e+01,1.296345992358710397e+01
2.700000000000000000e+01,1.561918732498738827e+01,1.217872503154210406e+01,1.540926887425213287e+01,1.463551235950022189e+01,1.300750154177848472e+01
2.710000000000000142e+01,1.567228217086264763e+01,1.221988850450877706e+01,1.546160720373443809e+01,1.468559816937346163e+01,1.305192242981787132e+01
2.719999999999999929e+01,1.572543523976283986e+01,1.226097287794794077e+01,1.551413577463626225e+01,1.473564686804632018e+01,1.309655749693436810e+01
2.730000000000000071e+01,1.577864609059463241e+01,1.230168647525943726e+01,1.556664041240307128e+01,1.478566466234150667e+01,1.314128437012948503e+01
2.740000000000000213e+01,1.583192429806467061e+01,1.234239186403431709e+01,1.561912997448568952e+01,1.483563126793157672e+01,1.318613008181120883e+01
2.750000000000000000e+01,1.588514119845723016e+01,1.238337336833197888e+01,1.567160972514532524e+01,1.488579013711230559e+01,1.323119351798423438e+01
2.760000000000000142e+01,1.593820669893211495e+01,1.242475745448840740e+01,1.572409538499592330e+01,1.493602513246077557e+01,1.327659228940154357e+01
2.769999999999999929e+01,1.599119953496205149e+01,1.246606180416221221e+01,1.577652813612146154e+01,1.498592614192509487e+01,1.332195784262130367e+01
2.780000000000000071e+01,1.604447024625914509e+01,1.250738695840468573e+01,1.582903180457614489e+01,1.503565760092300430e+01,1.336747208786470686e+01
2.790000000000000213e+01,1.609785951958813399e+01,1.254851493956315522e+01,1.588149502640314026e+01,1.508531935129595425e+01,1.341301051225708996e+01
2.800000000000000000e+01,1.615091273828510410e+01,1.258931978599557588e+01,1.593405138156322032e+01,1.513490343379749525e+01,1.345842267768691158e+01
2.810000000000000142e+01,1.620380418348256057e+01,1.262983617129025937e+01,1.598651428701602129e+01,1.518450918229116731e+01,1.350361021095448955e+01
2.819999999999999929e+01,1.625683893002910096e+01,1.267025405187266784e+01,1.603891954493101579e+01,1.523390669127914343e+01,1.354868294053048672e+01
2.830000000000000071e+01,1.630959986560814556e+01,1.271097131027610239e+01,1.609137154697747718e+01,1.528316290648374931e+01,1.359346590855973957e+01
2.840000000000000213e+01,1.636224904921659373e+01,1.275187518848173518e+01,1.614408485675831173e+01,1.533238709593207183e+01,1.363835468507212134e+01
2.850000000000000000e+01,1.641521049573765723e+01,1.279274676920512377e+01,1.619700376822390453e+01,1.538151069887058320e+01,1.368350242325160870e+01
2.860000000000000142e+01,1.646844308176388694e+01,1.283367595836948283e+01,1.624984818749938853e+01,1.543074105616211256e+01,1.372881075810028761e+01
2.869999999999999929e+01,1.652176638565701339e+01,1.287487746946783140e+01,1.630277959179596081e+01,1.547998751899582359e+01,1.377415041688499642e+01
2.880000000000000071e+01,1.657502144671752120e+01,1.291633157662144349e+01,1.635573186254674738e+01,1.552968591667065290e+01,1.381924904629543605e+01
2.890000000000000213e+01,1.662836885995888281e+01,1.295768281496928331e+01,1.640874134611504687e+01,1.557988964417354083e+01,1.386442467215019114e+01
2.900000000000000000e+01,1.668182530130676255e+01,1.299904835138087300e+01,1.646160249939287112e+01,1.563031718363991018e+01,1.390949507683930797e+01
2.910000000000000142e+01,1.673534830830663012e+01,1.304054531648595194e+01,1.651445870567074081e+01,1.568060155847262216e+01,1.395430886860134478e+01
2.919999999999999929e+01,1.678877251975696439e+01,1.308212863371317525e+01,1.656733777277837660e+01,1.573067893843958842e+01,1.399895318398238331e+01
2.930000000000000071e+01,1.684213774343410819e+01,1.312356195751812749e+01,1.662059447146926061e+01,1.578060352624146212e+01,1.404386054832770192e+01
2.940000000000000213e+01,1.689527435609831230e+01,1.316462316436011015e+01,1.667402112543343762e+01,1.583005442774421034e+01,1.408892531880109011e+01
2.950000000000000000e+01,1.694840404513457344e+01,1.320555037599076087e+01,1.672750624893410532e+01,1.587920404499474891e+01,1.413395857893919683e+01
2.960000000000000142e+01,1.700153065306621869e+01,1.324630138945243729e+01,1.678067864378161289e+01,1.592815323749449874e+01,1.417880575549146194e+01
2.969999999999999929e+01,1.705475077453282751e+01,1.328695256905885103e+01,1.683365510224437500e+01,1.597705951228394738e+01,1.422378199005663646e+01
2.980000000000000071e+01,1.710813106754558532e+01,1.332775483466991417e+01,1.688652469956796054e+01,1.602597827339057446e+01,1.426907743558706265e+01
2.990000000000000213e+01,1.716159034692959651e+01,1.336867887028093627e+01,1.693931123479760359e+01,1.607492548507161345e+01,1.431479335802137598e+01
3.000000000000000000e+01,1.721490349200120207e+01,1.340976637496336288e+01,1.699206348268143074e+01,1.612396047937955146e+01,1.436066956356139990e+01
3.010000000000000142e+01,1.726826652300556830e+01,1.345070271355693059e+01,1.704452299534287718e+01,1.617295423992456449e+01,1.440618449758536457e+01
3.019999999999999929e+01,1.732118447221208868e+01,1.349155812568670321e+01,1.709691728811163358e+01,1.622223524538155104e+01,1.445127861828291316e+01
3.030000000000000071e+01,1.737366490238336070e+01,1.353271706588826717e+01,1.714930766457642264e+01,1.627145377384742275e+01,1.449620219002090771e+01
3.040000000000000213e+01,1.742610452020194600e+01,1.357415821909942899e+01,1.720210792049840620e+01,1.632074836159904407e+01,1.454094266561540927e+01
3.050000000000000000e+01,1.747878290564316117e+01,1.361547692675963539e+01,1.725506054140197421e+01,1.637009865454731283e+01,1.458572658474274064e+01
3.060000000000000142e+01,1.753191625127198350e+01,1.365652210372264364e+01,1.730825051190524988e+01,1.641952784132745791e+01,1.463065470220173658e+01
3.069999999999999929e+01,1.758534160060750295e+01,1.369745832046256240e+01,1.736162165902869958e+01,1.646933735241941932e+01,1.467552628153856453e+01
3.080000000000000071e+01,1.763871704754409819e+01,1.373849112794913019e+01,1.741503170351660756e+01,1.651928659468573812e+01,1.472009807937512882e+01
3.090000000000000213e+01,1.769203837655936340e+01,1.377973938298713463e+01,1.746800890004051965e+01,1.656947746743483663e+01,1.476498690847131279e+01
3.100000000000000000e+01,1.774538755985247818e+01,1.382126090352715941e+01,1.752043221522946226e+01,1.661964072753968935e+01,1.481007320840440578e+01
3.110000000000000142e+01,1.779865190952391885e+01,1.386288642689711459e+01,1.757254508786182257e+01,1.666997719896651731e+01,1.485534376860904615e+01
3.119999999999999929e+01,1.785221237847813569e+01,1.390420163943208642e+01,1.762453950814164116e+01,1.672048241646864497e+01,1.490069416258647550e+01
3.130000000000000071e+01,1.790592004418914129e+01,1.394534472914378931e+01,1.767626162495031039e+01,1.677128910703304143e+01,1.494591026708819825e+01
3.140000000000000213e+01,1.795978583098007775e+01,1.398673153185435503e+01,1.772766885570610995e+01,1.682202132002852579e+01,1.499089023677481691e+01
3.150000000000000000e+01,1.801367178802598090e+01,1.402817019423158840e+01,1.777904599113336914e+01,1.687267666749637129e+01,1.503549746927338226e+01
3.160000000000000142e+01,1.806743141299235589e+01,1.406975624679299131e+01,1.783078194508924241e+01,1.692306703652142374e+01,1.507981232296846308e+01
3.169999999999999929e+01,1.812109239666246197e+01,1.411134619671850388e+01,1.788283726507309623e+01,1.697314807841633666e+01,1.512396501731013920e+01
3.180000000000000071e+01,1.817469841757467108e+01,1.415267067012319480e+01,1.793500433047393727e+01,1.702288409225375432e+01,1.516841706996638450e+01
3.190000000000000213e+01,1.822827966392115329e+01,1.419368209859084651e+01,1.798711736330312760e+01,1.707269975289666419e+01,1.521306126102528644e+01
3.200000000000000000e+01,1.828169193114833035e+01,1.423465521443092641e+01,1.803924555222432957e+01,1.712257866549605367e+01,1.525780617592481647e+01
3.210000000000000142e+01,1.833513159155437933e+01,1.427578141916773014e+01,1.809161610504443374e+01,1.717260586525223687e+01,1.530256648425151411e+01
3.220000000000000284e+01,1.838861274647902988e+01,1.431699965110383488e+01,1.814415936003666374e+01,1.722234981937944198e+01,1.534750955386315496e+01
3.229999999999999716e+01,1.844225033042171802e+01,1.435849374729181882e+01,1.819709057924064410e+01,1.727168660251742338e+01,1.539285290323875977e+01
3.239999999999999858e+01,1.849568611165240384e+01,1.439987228955590126e+01,1.825016267306263629e+01,1.732103381425348232e+01,1.543844564910738626e+01
3.250000000000000000e+01,1.854899289205313195e+01,1.444094230442094684e+01,1.830332610025330808e+01,1.737024492214783322e+01,1.548387414073738455e+01
3.260000000000000142e+01,1.860215186873331561e+01,1.448204405285642160e+01,1.835632206203083427e+01,1.741954781285859966e+01,1.552913790103871605e+01
3.270000000000000284e+01,1.865555035645942183e+01,1.452318699205826213e+01,1.840906853782090380e+01,1.746892225297904844e+01,1.557415824603280896e+01
3.279999999999999716e+01,1.870930343807937035e+01,1.456430364874263361e+01,1.846176081196544772e+01,1.751807224939270569e+01,1.561926970315903240e+01
3.289999999999999858e+01,1.876322564863383491e+01,1.460537805080390683e+01,1.851466540216451406e+01,1.756721903283273178e+01,1.566439857371786282e+01
3.300000000000000000e+01,1.881701669923514331e+01,1.464672586355799311e+01,1.856766601656530113e+01,1.761625903443635366e+01,1.570925914694343462e+01
3.310000000000000142e+01,1.887088319350599264e+01,1.468794033386033782e+01,1.862039490741708647e+01,1.766482320081991730e+01,1.575439063119020133e+01
3.320000000000000284e+01,1.892454189172499213e+01,1.472913229205207664e+01,1.867336892288919614e+01,1.771317510763815051e+01,1.579974385643180312e+01
3.329999999999999716e+01,1.897804875559806703e+01,1.477037255782729730e+01,1.872623982743294135e+01,1.776191564873624529e+01,1.584535103501789521e+01
3.339999999999999858e+01,1.903175353142302839e+01,1.481161006749276154e+01,1.877908977926033174e+01,1.781052970155758786e+01,1.589137001163430440e+01
3.350000000000000000e+01,1.908585549850815255e+01,1.485274250439974253e+01,1.883192842599677519e+01,1.785897444074284124e+01,1.593759034642881822e+01
3.360000000000000142e+01,1.913991373719796485e+01,1.489390568292469652e+01,1.888496349943235586e+01,1.790734818677008633e+01,1.598394529004953490e+01
3.370000000000000284e+01,1.919380036383028454e+01,1.493516085650703218e+01,1.893813104432353711e+01,1.795611845515337635e+01,1.603026350299382941e+01
3.379999999999999716e+01,1.924737687439805001e+01,1.497612220296821484e+01,1.899124181546355672e+01,1.800496861807905802e+01,1.607649882933010588e+01
3.389999999999999858e+01,1.930092639924924214e+01,1.501721195531424691e+01,1.904429258220562460e+01,1.805417309245745372e+01,1.612278950088596829e+01
3.400000000000000000e+01,1.935472811077354294e+01,1.505843288054378348e+01,1.909725010248896737e+01,1.810356413637108020e+01,1.616891061330168711e+01
3.410000000000000142e+01,1.940831347055338796e+01,1.509983881205505263e+01,1.915011116755217557e+01,1.815312406938963363e+01,1.621464123861312601e+01
3.420000000000000284e+01,1.946149780584229205e+01,1.514122027990585906e+01,1.920299882776395961e+01,1.820280551608630404e+01,1.625996541973215415e+01
3.430000000000000426e+01,1.951454043561388829e+01,1.518248635937713686e+01,1.925589478132927113e+01,1.825243917795899762e+01,1.630506354695618754e+01
3.439999999999999858e+01,1.956764295624987327e+01,1.522346787411501623e+01,1.930874602169380339e+01,1.830204532205420165e+01,1.635006563629858789e+01
3.450000000000000000e+01,1.962105135473191808e+01,1.526427657597754539e+01,1.936171069121421695e+01,1.835184399092693752e+01,1.639540259571278469e+01
3.460000000000000142e+01,1.967477340087012649e+01,1.530503202517265926e+01,1.941493446652263799e+01,1.840172409083323757e+01,1.644089246886460387e+01
3.470000000000000284e+01,1.972859106676122920e+01,1.534599791837719707e+01,1.946825106529540150e+01,1.845141785056874539e+01,1.648633738683393446e+01
3.480000000000000426e+01,1.978242189914373128e+01,1.538733236605236776e+01,1.952127146364111354e+01,1.850084755356670030e+01,1.653141370012739486e+01
3.489999999999999858e+01,1.983613602352708583e+01,1.542883393595886865e+01,1.957412074729109008e+01,1.855020167882241466e+01,1.657638503679231334e+01
3.500000000000000000e+01,1.988980851866596922e+01,1.547056387324683513e+01,1.962700136541393903e+01,1.859980058845795270e+01,1.662152205917515246e+01
3.510000000000000142e+01,1.994337158265388510e+01,1.551243757926203415e+01,1.968033703944642099e+01,1.864953373664358338e+01,1.666702163739503106e+01
3.520000000000000284e+01,1.999725380192746726e+01,1.555423851006883318e+01,1.973370297207150870e+01,1.869910316628297409e+01,1.671271154984718521e+01
3.530000000000000426e+01,2.005152078979696384e+01,1.559594336951075100e+01,1.978687608484015570e+01,1.874861867831648254e+01,1.675832493612412932e+01
3.539999999999999858e+01,2.010581667557440610e+01,1.563761633319634292e+01,1.984008330010531296e+01,1.879820283630537503e+01,1.680383699405049214e+01
3.550000000000000000e+01,2.015983966923660020e+01,1.567909153307277847e+01,1.989362184288942714e+01,1.884788638116288695e+01,1.684941543151192178e+01
3.560000000000000142e+01,2.021362881129454792e+01,1.572062569754990591e+01,1.994683172657168768e+01,1.889756710854236488e+01,1.689498302084795966e+01
3.570000000000000284e+01,2.026753212931745907e+01,1.576246258903459108e+01,1.999976198492795376e+01,1.894700634697787578e+01,1.694074829590498155e+01
3.580000000000000426e+01,2.032149667193021259e+01,1.580428310466505337e+01,2.005240632489360308e+01,1.899613897225017567e+01,1.698684297352253836e+01
3.589999999999999858e+01,2.037511720454809705e+01,1.584623429508760140e+01,2.010533787222948376e+01,1.904501221403467781e+01,1.703312203764487265e+01
3.600000000000000000e+01,2.042835502390708058e+01,1.588806087683470381e+01,2.015845809006363609e+01,1.909401738624980993e+01,1.707921639617236309e+01
3.610000000000000142e+01,2.048138539556878257e+01,1.592980248695161727e+01,2.021179296338517517e+01,1.914289507291375969e+01,1.712495226644253066e+01
3.620000000000000284e+01,2.053459300837267776e+01,1.597173296750966820e+01,2.026528195144335243e+01,1.919164591335180248e+01,1.717079253561108132e+01
3.630000000000000426e+01,2.058804629921864304e+01,1.601419232697308459e+01,2.031889788136016506e+01,1.924036930895061559e+01,1.721653567986297872e+01
3.639999999999999858e+01,2.064156121616678519e+01,1.605677193646905820e+01,2.037253556589304182e+01,1.928890050261951572e+01,1.726223644280464953e+01
3.650000000000000000e+01,2.069476924294491127e+01,1.609899239776199664e+01,2.042618069159595251e+01,1.933751697932238756e+01,1.730778343871096681e+01
3.660000000000000142e+01,2.074780565760498163e+01,1.614085392109164729e+01,2.047998200609621833e+01,1.938620235334740372e+01,1.735311651124764509e+01
3.670000000000000284e+01,2.080074831689600501e+01,1.618278582309283209e+01,2.053394788627173639e+01,1.943510615674263065e+01,1.739836725150832919e+01
3.680000000000000426e+01,2.085349291606538102e+01,1.622491657829324296e+01,2.058791855537161197e+01,1.948415118969183979e+01,1.744355774536147052e+01
3.689999999999999858e+01,2.090624981465360932e+01,1.626728693389223324e+01,2.064171052986495170e+01,1.953341405474850134e+01,1.748874231371291899e+01
3.700000000000000000e+01,2.095921139426010882e+01,1.630965366064889466e+01,2.069523299480849587e+01,1.958296004090058062e+01,1.753396497843836954e+01
3.710000000000000142e+01,2.101241723804908190e+01,1.635211224988095324e+01,2.074849711182240597e+01,1.963268527977233546e+01,1.757915266593468218e+01
3.720000000000000284e+01,2.106579842875080999e+01,1.639462490990703003e+01,2.080174925327208868e+01,1.968249006386552225e+01,1.762448497227876132e+01
3.730000000000000426e+01,2.111950793831034545e+01,1.643680495055794566e+01,2.085488084078884441e+01,1.973246116131277361e+01,1.766996638123620755e+01
3.739999999999999858e+01,2.117339808090633824e+01,1.647870373992233795e+01,2.090790781197106796e+01,1.978241675741370642e+01,1.771535675216093964e+01
3.750000000000000000e+01,2.122710173956166102e+01,1.652033580287679371e+01,2.096128528813475000e+01,1.983231548552027235e+01,1.776072476975732073e+01
3.760000000000000142e+01,2.128087694609400771e+01,1.656193873017350882e+01,2.101519705431917373e+01,1.988222637977650464e+01,1.780621752842416683e+01
3.770000000000000284e+01,2.133493644902366171e+01,1.660370653181155731e+01,2.106919350745252117e+01,1.993196809410989090e+01,1.785171538120242829e+01
3.780000000000000426e+01,2.138920223178140034e+01,1.664575137620909828e+01,2.112300130530229580e+01,1.998165173295674180e+01,1.789728633522021894e+01
3.789999999999999858e+01,2.144361002043277509e+01,1.668788378158414076e+01,2.117676340574897154e+01,2.003141358942447070e+01,1.794288886561553653e+01
3.800000000000000000e+01,2.149828371650353631e+01,1.672989048675632517e+01,2.123029908111805497e+01,2.008124830482744017e+01,1.798859657542813295e+01
3.810000000000000142e+01,2.155246881870254327e+01,1.677185353161561920e+01,2.128381278393872833e+01,2.013093382540263931e+01,1.803449232270562774e+01
3.820000000000000284e+01,2.160624443598887723e+01,1.681359331026087389e+01,2.133708779010979839e+01,2.017996740926039578e+01,1.808045305391754098e+01
3.830000000000000426e+01,2.165985805930868224e+01,1.685526347206878128e+01,2.139034877844606086e+01,2.022875942877966438e+01,1.812608420210890969e+01
3.839999999999999858e+01,2.171353231782175897e+01,1.689693919270114364e+01,2.144379946857437247e+01,2.027797915968151443e+01,1.817162291298424037e+01
3.850000000000000000e+01,2.176709453230230196e+01,1.693849890529001101e+01,2.149739751346294270e+01,2.032765057615665327e+01,1.821692061142417174e+01
3.860000000000000142e+01,2.182061170996441746e+01,1.697984326541309841e+01,2.155087393458260436e+01,2.037739524867145491e+01,1.826223112996511944e+01
3.870000000000000284e+01,2.187431488636707400e+01,1.702096193126188695e+01,2.160424630748768848e+01,2.042696022357488417e+01,1.830767452328418798e+01
3.880000000000000426e+01,2.192827663237453351e+01,1.706234725562525156e+01,2.165757706013744155e+01,2.047652591211299011e+01,1.835298552865818422e+01
3.889999999999999858e+01,2.198180564274223414e+01,1.710425425349511386e+01,2.171112320531185702e+01,2.052592738559601671e+01,1.839813373179217848e+01
3.900000000000000000e+01,2.203490296579337127e+01,1.714626025975190871e+01,2.176470183681741943e+01,2.057522296989948174e+01,1.844322269620010601e+01
3.910000000000000142e+01,2.208803393125908343e+01,1.718834814888341000e+01,2.181818820004522408e+01,2.062459569450840036e+01,1.848823791394598715e+01
3.920000000000000284e+01,2.214118456621354269e+01,1.723047389066219637e+01,2.187151040109598199e+01,2.067377757199582078e+01,1.853323784561027310e+01
3.930000000000000426e+01,2.219464915365496793e+01,1.727248125290988767e+01,2.192485781618138674e+01,2.072287350040747711e+01,1.857832129686407896e+01
3.939999999999999858e+01,2.224829185747743665e+01,1.731429635430749769e+01,2.197821465416822306e+01,2.077242050283704344e+01,1.862367312424629517e+01
3.950000000000000000e+01,2.230143537701518497e+01,1.735600536538610683e+01,2.203165367487006066e+01,2.082239943661315706e+01,1.866898603254562516e+01
3.960000000000000142e+01,2.235415874107481926e+01,1.739761663931297164e+01,2.208527739434078541e+01,2.087252704849622020e+01,1.871393927762908049e+01
3.970000000000000284e+01,2.240692331348955690e+01,1.743910155367994363e+01,2.213877432774555132e+01,2.092267176467425216e+01,1.875883525506532834e+01
3.980000000000000426e+01,2.245984263854439789e+01,1.748079479385297930e+01,2.219194028413160780e+01,2.097260757062100822e+01,1.880375938958756521e+01
3.989999999999999858e+01,2.251268040550458238e+01,1.752250754948060418e+01,2.224488678946880427e+01,2.102218429942219302e+01,1.884891033100526059e+01
4.000000000000000000e+01,2.256550090868730507e+01,1.756386511477686696e+01,2.229794245446939271e+01,2.107173470688537975e+01,1.889411662443150774e+01
4.010000000000000142e+01,2.261860067689558562e+01,1.760493268767780961e+01,2.235110098653002453e+01,2.112130925262031056e+01,1.893917792469576966e+01
4.020000000000000284e+01,2.267195139457299646e+01,1.764621325815119945e+01,2.240401070861221555e+01,2.117069741121459003e+01,1.898401854923700327e+01
4.030000000000000426e+01,2.272536759945162643e+01,1.768772918278649442e+01,2.245672917958016512e+01,2.122002140704807616e+01,1.902894944994979198e+01
4.039999999999999858e+01,2.277870974747689914e+01,1.772941171943003980e+01,2.250931870550898850e+01,2.126928192484201929e+01,1.907384435907990650e+01
4.050000000000000000e+01,2.283188453642114624e+01,1.777122578698149979e+01,2.256167842030997051e+01,2.131861745638390104e+01,1.911875115200953346e+01
4.060000000000000142e+01,2.288513410043986340e+01,1.781352796245363379e+01,2.261391147411708502e+01,2.136805336136128375e+01,1.916369345101006516e+01
4.070000000000000284e+01,2.293853690928876077e+01,1.785588482111196384e+01,2.266596047412163983e+01,2.141748159952128461e+01,1.920893447819569388e+01
4.080000000000000426e+01,2.299173600046831467e+01,1.789801772116431167e+01,2.271801462401776206e+01,2.146703264747951323e+01,1.925389114588735495e+01
4.089999999999999858e+01,2.304467058748371500e+01,1.793993322653214406e+01,2.277020805034617013e+01,2.151639702838937396e+01,1.929824691774165402e+01
4.100000000000000000e+01,2.309739250106701292e+01,1.798165962977559218e+01,2.282263454603567965e+01,2.156558004450324972e+01,1.934263047919396428e+01
4.110000000000000142e+01,2.315009866821704421e+01,1.802334506779506995e+01,2.287486142609429152e+01,2.161476506860379132e+01,1.938710260177710509e+01
4.120000000000000284e+01,2.320306285662469747e+01,1.806508424384291800e+01,2.292702365258582020e+01,2.166396143333058077e+01,1.943151987208308640e+01
4.130000000000000426e+01,2.325604514273102197e+01,1.810639654360108608e+01,2.297903435178014320e+01,2.171299718227288977e+01,1.947579716780886727e+01
4.139999999999999858e+01,2.330875310798012023e+01,1.814736564363451166e+01,2.303125694059080075e+01,2.176191485811435911e+01,1.951975934965995663e+01
4.150000000000000000e+01,2.336112211441552944e+01,1.818846854433772720e+01,2.308403497843253405e+01,2.181090168217322045e+01,1.956354967818402102e+01
4.160000000000000142e+01,2.341333462898937512e+01,1.822974363568549805e+01,2.313720187727523481e+01,2.186005079355362568e+01,1.960730202509322950e+01
4.170000000000000284e+01,2.346574829304703158e+01,1.827127559240364008e+01,2.319076111474383950e+01,2.190893913839252605e+01,1.965119352269099195e+01
4.180000000000000426e+01,2.351848660531728541e+01,1.831245477981706671e+01,2.324410621789145637e+01,2.195774263817137495e+01,1.969550928437488935e+01
4.189999999999999858e+01,2.357122001447119786e+01,1.835374295765254260e+01,2.329735230688186576e+01,2.200658560404625419e+01,1.973986754524804965e+01
4.200000000000000000e+01,2.362417067507292856e+01,1.839513687928602081e+01,2.335060606403162708e+01,2.205532526837525253e+01,1.978413473878622497e+01
4.210000000000000142e+01,2.367735882860485574e+01,1.843657217912285518e+01,2.340390322255543509e+01,2.210379499354865018e+01,1.982869240469788963e+01
4.220000000000000284e+01,2.373043318684259972e+01,1.847790257246955647e+01,2.345731281252864164e+01,2.215161637514592741e+01,1.987357382511646264e+01
4.230000000000000426e+01,2.378360667586860799e+01,1.851901277310558314e+01,2.351087036082969917e+01,2.219954044719496977e+01,1.991865179575056288e+01
4.239999999999999858e+01,2.383710967614856102e+01,1.855996733763571527e+01,2.356406253585104338e+01,2.224768872496387928e+01,1.996368824413514531e+01
4.250000000000000000e+01,2.389141509343070524e+01,1.860098200137731084e+01,2.361701904942479047e+01,2.229587442303822087e+01,2.000850914167385497e+01
4.260000000000000142e+01,2.394660065933048543e+01,1.864217418847183794e+01,2.366989175205131346e+01,2.234402579436313729e+01,2.005344948471497801e+01
4.270000000000000284e+01,2.400171577218261731e+01,1.868336993676811630e+01,2.372292841626946469e+01,2.239251904547602479e+01,2.009850771212303755e+01
4.280000000000000426e+01,2.405654258756051433e+01,1.872455769614039411e+01,2.377662889660850354e+01,2.244130506630376587e+01,2.014355173238623564e+01
4.289999999999999858e+01,2.411091307300496211e+01,1.876559372377303703e+01,2.383098452091339681e+01,2.249028213689207689e+01,2.018866902374496419e+01
4.300000000000000000e+01,2.416499388937617709e+01,1.880677749697241197e+01,2.388552142598795314e+01,2.253950793920474283e+01,2.023380263041574167e+01
4.310000000000000142e+01,2.421884135135569949e+01,1.884845548881725108e+01,2.393970058472712736e+01,2.258869150808779480e+01,2.027871923921983921e+01
4.320000000000000284e+01,2.427211062312584389e+01,1.889037463151796459e+01,2.399370417360650265e+01,2.263782503939856383e+01,2.032316816621449718e+01
4.330000000000000426e+01,2.432526544161197535e+01,1.893221719730153652e+01,2.404749972428009741e+01,2.268696542461108479e+01,2.036725848713126652e+01
4.339999999999999858e+01,2.437849168012736101e+01,1.897366421082598009e+01,2.410121152783089116e+01,2.273628239186133015e+01,2.041158723846589851e+01
4.350000000000000000e+01,2.443174623313695548e+01,1.901499246351525230e+01,2.415492002020350526e+01,2.278572791909183337e+01,2.045628174309297265e+01
4.360000000000000142e+01,2.448509761735352441e+01,1.905677141205225311e+01,2.420849758930111051e+01,2.283497548545530975e+01,2.050102849674222227e+01
4.370000000000000284e+01,2.453835666284344441e+01,1.909911436733308321e+01,2.426205253013293728e+01,2.288412387983861507e+01,2.054551861670956470e+01
4.380000000000000426e+01,2.459193115086750225e+01,1.914150341734926641e+01,2.431562535275371673e+01,2.293321437657409234e+01,2.058976877771730329e+01
4.389999999999999858e+01,2.464560054719391502e+01,1.918340744439144885e+01,2.436916262383741483e+01,2.298239096753546917e+01,2.063409972828626948e+01
4.400000000000000000e+01,2.469911859571854507e+01,1.922529685241117292e+01,2.442244147172529978e+01,2.303182622371500443e+01,2.067881733259120836e+01
4.410000000000000142e+01,2.475210587769569770e+01,1.926739925279893839e+01,2.447553197471367525e+01,2.308129980022771122e+01,2.072370786345022609e+01
4.420000000000000284e+01,2.480478872323894279e+01,1.930924373259426474e+01,2.452873438707370468e+01,2.313040019180002105e+01,2.076876413635578089e+01
4.430000000000000426e+01,2.485753728161060394e+01,1.935066758947725418e+01,2.458205841146023474e+01,2.317908878923327620e+01,2.081415282937163624e+01
4.439999999999999858e+01,2.491049188497987998e+01,1.939223784482946655e+01,2.463548158353497186e+01,2.322771671631525692e+01,2.085970784542978507e+01
4.450000000000000000e+01,2.496350275397397667e+01,1.943395109345319582e+01,2.468865834970852546e+01,2.327624111290093367e+01,2.090520784218286465e+01
4.460000000000000142e+01,2.501662284147398196e+01,1.947562297616890348e+01,2.474153911050676413e+01,2.332467275617106850e+01,2.095042093715519016e+01
4.470000000000000284e+01,2.506961700117602732e+01,1.951747994324169611e+01,2.479457416030340156e+01,2.337316386617622754e+01,2.099542235103772470e+01
4.480000000000000426e+01,2.512254099376513494e+01,1.955923484858155703e+01,2.484823965147727165e+01,2.342163240982810279e+01,2.104039227111436716e+01
4.489999999999999858e+01,2.517507938501456266e+01,1.960096677999525028e+01,2.490230756094110731e+01,2.346988319019462210e+01,2.108562582498649718e+01
4.500000000000000000e+01,2.522762405713219636e+01,1.964268090712965886e+01,2.495626650316464179e+01,2.351798625418073740e+01,2.113143343792628315e+01
4.510000000000000142e+01,2.528034841863291149e+01,1.968442139708559679e+01,2.500993118485154909e+01,2.356618025210577372e+01,2.117741695490306597e+01
4.520000000000000284e+01,2.533314836613863719e+01,1.972616028396096510e+01,2.506354997196567780e+01,2.361456056842340701e+01,2.122317933632633924e+01
4.530000000000000426e+01,2.538579664789986623e+01,1.976786405701314564e+01,2.511716522481566827e+01,2.366297001187079729e+01,2.126868415228783604e+01
4.539999999999999858e+01,2.543820663204632027e+01,1.980930099062148741e+01,2.517064075735054374e+01,2.371149656917789272e+01,2.131348401953554017e+01
4.550000000000000000e+01,2.549046958305594401e+01,1.985051137555496226e+01,2.522445320102034927e+01,2.376048348835352186e+01,2.135815077644687676e+01
4.560000000000000142e+01,2.554279013256110176e+01,1.989158053011891525e+01,2.527842648367931844e+01,2.380944505557225810e+01,2.140321934667531778e+01
4.570000000000000284e+01,2.559517940689347171e+01,1.993272352141820392e+01,2.533209197326760176e+01,2.385828040246754256e+01,2.144867293879793380e+01
4.580000000000000426e+01,2.564781621112779675e+01,1.997401464608882904e+01,2.538557103885762345e+01,2.390728901308218823e+01,2.149411414280232790e+01
4.589999999999999858e+01,2.570099969602291168e+01,2.001543457113222857e+01,2.543881626908445170e+01,2.395621383746280841e+01,2.153948650365081718e+01
4.600000000000000000e+01,2.575413832713165618e+01,2.005640423092939173e+01,2.549176575019657065e+01,2.400539732792899983e+01,2.158496247234989340e+01
4.610000000000000142e+01,2.580707850348791510e+01,2.009703339024382984e+01,2.554438622718485519e+01,2.405468244914047560e+01,2.163064991289852301e+01
4.620000000000000284e+01,2.585996613109509212e+01,2.013797895538507987e+01,2.559725119981951025e+01,2.410359499586699172e+01,2.167629189422609315e+01
4.630000000000000426e+01,2.591303416833860140e+01,2.017933318983415703e+01,2.565044947758468652e+01,2.415200685511454282e+01,2.172188232643952333e+01
4.639999999999999858e+01,2.596617126433804401e+01,2.022043973458834643e+01,2.570390840721096026e+01,2.420013627358565245e+01,2.176771742858461067e+01
4.650000000000000000e+01,2.601933465810380497e+01,2.026136114399384525e+01,2.575751431196032115e+01,2.424802947824803923e+01,2.181369279499735114e+01
4.660000000000000142e+01,2.607252313002944177e+01,2.030229816550628641e+01,2.581099257341438147e+01,2.429592586968232837e+01,2.185958193338843714e+01
4.670000000000000284e+01,2.612535849775731123e+01,2.034337861608625531e+01,2.586453377027482503e+01,2.434385596517623185e+01,2.190524898968135048e+01
4.680000000000000426e+01,2.617777304003491778e+01,2.038434472990046231e+01,2.591767978429600916e+01,2.439191657808598279e+01,2.195067083346519965e+01
4.689999999999999858e+01,2.622991185973121020e+01,2.042528918839131080e+01,2.597072331023357705e+01,2.444039698897071489e+01,2.199552731588683585e+01
4.700000000000000000e+01,2.628177978096210055e+01,2.046648269406250265e+01,2.602412348981869883e+01,2.448863954712333779e+01,2.204009412222652387e+01
4.710000000000000142e+01,2.633335390957100586e+01,2.050810118135109761e+01,2.607743495892064090e+01,2.453666580837175104e+01,2.208493106858905008e+01
4.720000000000000284e+01,2.638482975725661106e+01,2.054979620782368954e+01,2.613063528800270419e+01,2.458457253542554000e+01,2.213010738226180862e+01
4.730000000000000426e+01,2.643602649280716577e+01,2.059122259026198876e+01,2.618372272799053135e+01,2.463256726392369345e+01,2.217547839919356534e+01
4.739999999999999858e+01,2.648727393049997403e+01,2.063239697518119087e+01,2.623692002608149920e+01,2.468056840492812398e+01,2.222098706279225766e+01
4.750000000000000000e+01,2.653871766302958335e+01,2.067351815255123171e+01,2.629009531704032909e+01,2.472856463510203540e+01,2.226673252235490708e+01
4.760000000000000142e+01,2.659059955742602810e+01,2.071488063929039569e+01,2.634309674257083245e+01,2.477660117520492733e+01,2.231270930673742114e+01
4.770000000000000284e+01,2.664263356143491990e+01,2.075623692676997223e+01,2.639582992657950555e+01,2.482443867118049852e+01,2.235873049331761564e+01
4.780000000000000426e+01,2.669475451973860913e+01,2.079756017072964269e+01,2.644843302762550508e+01,2.487196955441294577e+01,2.240440489775469146e+01
4.789999999999999858e+01,2.674743602512134899e+01,2.083882332571783991e+01,2.650131027947659490e+01,2.491982635915167776e+01,2.244981485721741521e+01
4.800000000000000000e+01,2.680052930713894455e+01,2.088007432333642299e+01,2.655424848447562169e+01,2.496770690136515469e+01,2.249516763742030534e+01
4.810000000000000142e+01,2.685394172532594226e+01,2.092139582852867363e+01,2.660725498556023183e+01,2.501564341642022882e+01,2.254061534442574199e+01
4.820000000000000284e+01,2.690713060363649944e+01,2.096281237759844274e+01,2.666061635210157732e+01,2.506374794133820672e+01,2.258636867407943427e+01
4.830000000000000426e+01,2.696034893362245910e+01,2.100419452147020749e+01,2.671395550216226411e+01,2.511200757553504559e+01,2.263190243092706666e+01
4.839999999999999858e+01,2.701329693478870553e+01,2.104553322249853409e+01,2.676700523298656975e+01,2.516003633206640089e+01,2.267705043933354148e+01
4.850000000000000000e+01,2.706610935123817185e+01,2.108713121304455029e+01,2.682005109210871296e+01,2.520834854208821341e+01,2.272226424202749229e+01
4.860000000000000142e+01,2.711880374158164031e+01,2.112912874949863351e+01,2.687332385278305225e+01,2.525708291211204326e+01,2.276769141861002410e+01
4.870000000000000284e+01,2.717154464189818697e+01,2.117124857689005069e+01,2.692648709798160667e+01,2.530630623634904453e+01,2.281303259203094669e+01
4.880000000000000426e+01,2.722447129438875280e+01,2.121319605390756635e+01,2.697982548083122367e+01,2.535549311636708936e+01,2.285856978641841408e+01
4.889999999999999858e+01,2.727747147113609927e+01,2.125490038333382259e+01,2.703346345877915624e+01,2.540448428441783335e+01,2.290427480637322688e+01
4.900000000000000000e+01,2.733038780394487333e+01,2.129646201385214610e+01,2.708726767707357297e+01,2.545343037441619671e+01,2.295002460088495866e+01
4.910000000000000142e+01,2.738357816239028253e+01,2.133802281049814198e+01,2.714099373403570326e+01,2.550267702559359861e+01,2.299538281658507088e+01
4.920000000000000284e+01,2.743679974271759292e+01,2.137945596024206196e+01,2.719519612599641434e+01,2.555218865925263572e+01,2.304074038386393042e+01
4.930000000000000426e+01,2.749036355916518914e+01,2.142050793893379534e+01,2.724956631443151878e+01,2.560131963212089090e+01,2.308637853995350753e+01
4.939999999999999858e+01,2.754389340839330202e+01,2.146174134580959247e+01,2.730380081004422266e+01,2.564983664666038976e+01,2.313191015665063688e+01
4.950000000000000000e+01,2.759700513321258697e+01,2.150336841263420595e+01,2.735776679760391517e+01,2.569775190165709589e+01,2.317721771696295718e+01
4.960000000000000142e+01,2.764954611227476278e+01,2.154553669321566645e+01,2.741146050328683614e+01,2.574519706446877976e+01,2.322230589725230487e+01
4.970000000000000284e+01,2.770195438304000390e+01,2.158766551245799192e+01,2.746517403208661179e+01,2.579256733099018462e+01,2.326745590407363906e+01
4.980000000000000426e+01,2.775448100406792662e+01,2.162933090723632645e+01,2.751884527494866362e+01,2.584023022139030701e+01,2.331276591726866343e+01
4.989999999999999858e+01,2.780754896070279258e+01,2.167061193183757339e+01,2.757263505236988976e+01,2.588804145911380417e+01,2.335802171705266161e+01
5.000000000000000000e+01,2.786074644898521413e+01,2.171165073672160872e+01,2.762640948990800993e+01,2.593623882920408974e+01,2.340300126538634018e+01
5.010000000000000142e+01,2.791398202831692998e+01,2.175258121345215301e+01,2.768023467441736329e+01,2.598451333280517161e+01,2.344772589487115511e+01
5.020000000000000284e+01,2.796755405394686278e+01,2.179358771378962700e+01,2.773405325371692598e+01,2.603254214950984746e+01,2.349244861158462783e+01
5.030000000000000426e+01,2.802126212625348245e+01,2.183478326473576203e+01,2.778795419283332890e+01,2.608068756142725775e+01,2.353742491777726187e+01
5.039999999999999858e+01,2.807512859765810731e+01,2.187586993823141057e+01,2.784224698390028507e+01,2.612907332049338294e+01,2.358248038132803615e+01
5.050000000000000000e+01,2.812877088161380357e+01,2.191703418939874481e+01,2.789699535589179291e+01,2.617759856236832761e+01,2.362741690421297491e+01
5.060000000000000142e+01,2.818217137722642818e+01,2.195826359261437588e+01,2.795194108177359738e+01,2.622603837264716020e+01,2.367235508203636485e+01
5.070000000000000284e+01,2.823573115394585997e+01,2.199998630758798157e+01,2.800696470073187427e+01,2.627436308240282514e+01,2.371774317082553551e+01
5.080000000000000426e+01,2.828951161935269809e+01,2.204202773771419288e+01,2.806204271950136331e+01,2.632215601408000438e+01,2.376351548989212503e+01
5.089999999999999858e+01,2.834337239975593192e+01,2.208395848351893775e+01,2.811720654658499186e+01,2.637000449581880090e+01,2.380953705842329526e+01
5.100000000000000000e+01,2.839697522094272841e+01,2.212585152376604114e+01,2.817212605893611865e+01,2.641795135955357310e+01,2.385598984747406703e+01
5.110000000000000142e+01,2.845063851598085591e+01,2.216761104558156603e+01,2.822693274825861920e+01,2.646562655689625743e+01,2.390239499988418004e+01
5.120000000000000284e+01,2.850432643858808390e+01,2.220941707402587184e+01,2.828133776204023775e+01,2.651282919117018722e+01,2.394881167407488931e+01
5.130000000000000426e+01,2.855807793043726761e+01,2.225132233289454575e+01,2.833536687459355718e+01,2.655978246329935999e+01,2.399517524852313244e+01
5.139999999999999858e+01,2.861174933323006186e+01,2.229365040709031831e+01,2.838928926266860842e+01,2.660706965675572633e+01,2.404142782313362048e+01
5.150000000000000000e+01,2.866569122845034201e+01,2.233639676937289664e+01,2.844299205021473753e+01,2.665451330496352611e+01,2.408715195134001874e+01
5.160000000000000142e+01,2.871978574348985802e+01,2.237894272461864631e+01,2.849642796945334311e+01,2.670219015599589341e+01,2.413254596445881006e+01
5.170000000000000284e+01,2.877409078462532577e+01,2.242113288813285266e+01,2.854966453400714244e+01,2.674983174312939482e+01,2.417804433845916279e+01
5.180000000000000426e+01,2.882798965556781567e+01,2.246328811077037813e+01,2.860290696354742224e+01,2.679755685234914964e+01,2.422414516127829742e+01
5.189999999999999858e+01,2.888144982332187283e+01,2.250517152129852860e+01,2.865635693422915509e+01,2.684524711954214027e+01,2.427015288723318065e+01
5.200000000000000000e+01,2.893508773410523460e+01,2.254679899453248737e+01,2.871004515750886199e+01,2.689300711751006645e+01,2.431586917499451417e+01
5.210000000000000142e+01,2.898884020576091913e+01,2.258829108670991204e+01,2.876370798015124208e+01,2.694061278445037289e+01,2.436120825506653986e+01
5.220000000000000284e+01,2.904248742018295815e+01,2.262970970806410875e+01,2.881731649851640498e+01,2.698813683327675150e+01,2.440645073646812691e+01
5.230000000000000426e+01,2.909583430330373588e+01,2.267072620325644650e+01,2.887098873125670195e+01,2.703583925681028077e+01,2.445186181095155220e+01
5.239999999999999858e+01,2.914895961809193992e+01,2.271181402858650600e+01,2.892489639981427629e+01,2.708394810003308351e+01,2.449724579320153239e+01
5.250000000000000000e+01,2.920204412542548411e+01,2.275281288909609856e+01,2.897859956605443799e+01,2.713230648013092150e+01,2.454223093113025556e+01
5.260000000000000142e+01,2.925509716213288414e+01,2.279370088511178238e+01,2.903249818574136754e+01,2.718048460760546448e+01,2.458711378748218124e+01
5.270000000000000284e+01,2.930827450639393561e+01,2.283453374650789769e+01,2.908659215358097683e+01,2.722864145871953312e+01,2.463204338477302713e+01
5.280000000000000426e+01,2.936138685328809927e+01,2.287532907750846078e+01,2.914060487763654805e+01,2.727694196164534191e+01,2.467708802516543898e+01
5.289999999999999858e+01,2.941448204946823708e+01,2.291603926652498302e+01,2.919462744091345385e+01,2.732511999389484103e+01,2.472216048266160371e+01
5.300000000000000000e+01,2.946775258345934390e+01,2.295707953098295562e+01,2.924894084277312700e+01,2.737278574843713486e+01,2.476707799700272616e+01
5.310000000000000142e+01,2.952110575812820059e+01,2.299869507271604263e+01,2.930333023561473382e+01,2.742029450898609255e+01,2.481201065274074935e+01
5.320000000000000284e+01,2.957471544703869171e+01,2.304042322303669366e+01,2.935793375625080515e+01,2.746806898534275021e+01,2.485703691396993520e+01
5.330000000000000426e+01,2.962835436319966576e+01,2.308185318605749714e+01,2.941272877910731154e+01,2.751589073184651824e+01,2.490217479256561006e+01
5.339999999999999858e+01,2.968168809166077082e+01,2.312329466287713231e+01,2.946745289717850014e+01,2.756389062360624109e+01,2.494751640985764496e+01
5.350000000000000000e+01,2.973452307832284802e+01,2.316505515878649391e+01,2.952213793684991217e+01,2.761218237226212224e+01,2.499300013494679007e+01
5.360000000000000142e+01,2.978711869316296657e+01,2.320713142436893861e+01,2.957708798912962322e+01,2.766094174029103669e+01,2.503844620375037522e+01
5.370000000000000284e+01,2.984004272473135444e+01,2.324921018223788849e+01,2.963180333362083019e+01,2.770945972601866458e+01,2.508406902291099172e+01
5.380000000000000426e+01,2.989343826060140330e+01,2.329106158762515122e+01,2.968608694557603300e+01,2.775757714115195540e+01,2.512991534550978301e+01
5.389999999999999858e+01,2.994706613963665021e+01,2.333239534388968650e+01,2.973991916930112112e+01,2.780590109799639009e+01,2.517575651214468380e+01
5.400000000000000000e+01,3.000075758424922157e+01,2.337383510978894208e+01,2.979364029961402238e+01,2.785456088069819813e+01,2.522170476845145970e+01
5.410000000000000142e+01,3.005444362760016830e+01,2.341551414022896083e+01,2.984730863615998686e+01,2.790316823410791258e+01,2.526718020110645568e+01
5.420000000000000284e+01,3.010791410521339984e+01,2.345736678324778879e+01,2.990075097031359164e+01,2.795148752597756570e+01,2.531215997487184666e+01
5.430000000000000426e+01,3.016119052523306010e+01,2.349933623615664047e+01,2.995441323716172022e+01,2.799951540453642096e+01,2.535706158254232889e+01
5.439999999999999858e+01,3.021416229579478951e+01,2.354118225979422974e+01,3.000863107919364481e+01,2.804791237121052916e+01,2.540259959032074022e+01
5.450000000000000000e+01,3.026697007278248464e+01,2.358296894407011735e+01,3.006298937260111970e+01,2.809686219624734349e+01,2.544876954088676158e+01
5.460000000000000142e+01,3.031996390029597066e+01,2.362511536458436723e+01,3.011688102563994818e+01,2.814595790638535533e+01,2.549507401457255895e+01
5.470000000000000284e+01,3.037288033390822761e+01,2.366737244709447552e+01,3.017044734141132523e+01,2.819517701516945252e+01,2.554130125897270887e+01
5.480000000000000426e+01,3.042574765855874830e+01,2.370941994199474223e+01,3.022382797233661123e+01,2.824431732971037690e+01,2.558757262186882642e+01
5.489999999999999858e+01,3.047818823718251835e+01,2.375103062218870420e+01,3.027731479179396956e+01,2.829316490591198274e+01,2.563389767508269301e+01
5.500000000000000000e+01,3.053046076298588929e+01,2.379256318948976912e+01,3.033084691065154814e+01,2.834171751380786830e+01,2.568015666362671823e+01
5.510000000000000142e+01,3.058285282339745947e+01,2.383392297490524214e+01,3.038416015876577347e+01,2.838972792504501541e+01,2.572627870094258640e+01
5.520000000000000284e+01,3.063558138083489268e+01,2.387520100148305247e+01,3.043712704436783056e+01,2.843761168681920282e+01,2.577235935495161101e+01
5.530000000000000426e+01,3.068859257253251727e+01,2.391618727544018697e+01,3.048994654729763809e+01,2.848534858229212219e+01,2.581846511151941215e+01
5.539999999999999858e+01,3.074189619308030430e+01,2.395702245165007938e+01,3.054320917541874181e+01,2.853323396220282149e+01,2.586449180674757287e+01
5.550000000000000000e+01,3.079532431406700965e+01,2.399779494204784669e+01,3.059679850478946861e+01,2.858137692174286926e+01,2.591046530960656824e+01
5.560000000000000142e+01,3.084833080254792037e+01,2.403859679053286413e+01,3.065039080330720012e+01,2.862973182744480027e+01,2.595629458676722479e+01
5.570000000000000284e+01,3.090089020009519061e+01,2.407931210803971567e+01,3.070398551843906532e+01,2.867808844848149974e+01,2.600222093366312137e+01
5.580000000000000426e+01,3.095315010718174520e+01,2.411993681111008314e+01,3.075781890299187538e+01,2.872639318783893714e+01,2.604820475105039179e+01
5.589999999999999858e+01,3.100529726631480187e+01,2.416071471780880842e+01,3.081177158976934294e+01,2.877465893117024720e+01,2.609407137166845203e+01
5.600000000000000000e+01,3.105811006173541600e+01,2.420161347136153651e+01,3.086584980117848076e+01,2.882288633812018119e+01,2.613973599550916305e+01
5.610000000000000142e+01,3.111116246818933817e+01,2.424298905400979720e+01,3.091987817163451169e+01,2.887113491519578901e+01,2.618468164742890636e+01
5.620000000000000284e+01,3.116387362824842810e+01,2.428460693505414980e+01,3.097359805298604130e+01,2.891954371495515730e+01,2.622956809159906655e+01
5.630000000000000426e+01,3.121664345975265675e+01,2.432632404187907937e+01,3.102729610086075951e+01,2.896808635277469790e+01,2.627486685230227437e+01
5.639999999999999858e+01,3.126937305423308544e+01,2.436798891103613940e+01,3.108083320829791418e+01,2.901654338554320134e+01,2.632069012757909832e+01
5.650000000000000000e+01,3.132203535192267552e+01,2.440941117809366290e+01,3.113464012120403623e+01,2.906478818378589324e+01,2.636616437371567301e+01
5.660000000000000142e+01,3.137483757828417552e+01,2.445040655257742657e+01,3.118821496149998396e+01,2.911314532410052891e+01,2.641133509272404467e+01
5.670000000000000284e+01,3.142757375350104354e+01,2.449126797878775008e+01,3.124125219179372337e+01,2.916167627757830516e+01,2.645651596997403843e+01
5.680000000000000426e+01,3.148015866933821627e+01,2.453202658518362611e+01,3.129395202209115823e+01,2.921051406751728763e+01,2.650182074032002788e+01
5.689999999999999858e+01,3.153280461643075938e+01,2.457270943070206926e+01,3.134646475424748147e+01,2.925944352974517670e+01,2.654714159071732027e+01
5.700000000000000000e+01,3.158568672890745432e+01,2.461344753701144938e+01,3.139928934363122437e+01,2.930797962707854154e+01,2.659224842397083322e+01
5.710000000000000142e+01,3.163850859388843872e+01,2.465419312617048320e+01,3.145217788160697125e+01,2.935633411384512925e+01,2.663732888551098199e+01
5.720000000000000284e+01,3.169128911583297281e+01,2.469496031096040412e+01,3.150519249601671490e+01,2.940485122510573035e+01,2.668244553419326337e+01
5.730000000000000426e+01,3.174358891483838363e+01,2.473585669057281677e+01,3.155825800427295746e+01,2.945387617888060561e+01,2.672737549555731107e+01
5.739999999999999858e+01,3.179547023399211270e+01,2.477670291167291694e+01,3.161126922813947004e+01,2.950270952250921042e+01,2.677220931697211981e+01
5.750000000000000000e+01,3.184704679915345338e+01,2.481775170405611064e+01,3.166429602104641816e+01,2.955138138373228429e+01,2.681664396180041265e+01
5.760000000000000142e+01,3.189820452622614511e+01,2.485865441903963813e+01,3.171747459491595222e+01,2.960025302200307706e+01,2.686089550377546331e+01
5.770000000000000284e+01,3.194971013359525358e+01,2.489929930970270533e+01,3.177078069133407467e+01,2.964954571798541849e+01,2.690543205587736963e+01
5.780000000000000426e+01,3.200165233365747497e+01,2.493998749694516093e+01,3.182419389934160137e+01,2.969910287417424755e+01,2.695055723175360640e+01
5.789999999999999858e+01,3.205341299461274929e+01,2.498057621759324931e+01,3.187755690848093337e+01,2.974887756903594038e+01,2.699585835278026025e+01
5.800000000000000000e+01,3.210503956319108454e+01,2.502083875122899670e+01,3.193030815542431000e+01,2.979856622184796322e+01,2.704095169954868894e+01
5.810000000000000142e+01,3.215673026522145506e+01,2.506111559686480206e+01,3.198295907273022820e+01,2.984820878276715916e+01,2.708597013255332797e+01
5.820000000000000284e+01,3.220830015894573961e+01,2.510159010546943747e+01,3.203576452234417360e+01,2.989796431572334257e+01,2.713121819860243633e+01
5.830000000000000426e+01,3.226003712733182738e+01,2.514230505290346329e+01,3.208860999650258350e+01,2.994761287337369993e+01,2.717680079454107300e+01
5.839999999999999858e+01,3.231188783193071856e+01,2.518306751542659683e+01,3.214157076620460174e+01,2.999710545918944860e+01,2.722232759345637376e+01
5.850000000000000000e+01,3.236427713429495157e+01,2.522373050940621653e+01,3.219461504403943763e+01,3.004619733652066671e+01,2.726749184701276008e+01
5.860000000000000142e+01,3.241699818586527471e+01,2.526415117583416148e+01,3.224810776339176499e+01,3.009526109926990500e+01,2.731245783738024713e+01
5.870000000000000284e+01,3.246961735626862833e+01,2.530433425305676920e+01,3.230203910105338139e+01,3.014434933628771063e+01,2.735764970648995842e+01
5.880000000000000426e+01,3.252214774421648968e+01,2.534433704903238294e+01,3.235606918067608717e+01,3.019337281538182438e+01,2.740290529064368741e+01
5.889999999999999858e+01,3.257472258595355186e+01,2.538423751866634959e+01,3.240980978272580870e+01,3.024255264870055626e+01,2.744807491922878739e+01
5.900000000000000000e+01,3.262736934706372693e+01,2.542408277573352393e+01,3.246330129808713139e+01,3.029197332889623340e+01,2.749291136149197357e+01
5.910000000000000142e+01,3.267976908288999027e+01,2.546426348532334316e+01,3.251694734747397320e+01,3.034136710948335747e+01,2.753808059201102765e+01
5.920000000000000284e+01,3.273199207098028296e+01,2.550445386572076956e+01,3.257069624477748704e+01,3.039072132441694052e+01,2.758340226457416122e+01
5.930000000000000426e+01,3.278437450657465035e+01,2.554471264107620954e+01,3.262412958788274153e+01,3.044019358739938497e+01,2.762878408784399298e+01
5.939999999999999858e+01,3.283706480111930404e+01,2.558511616083779217e+01,3.267691071651717039e+01,3.048972271191504291e+01,2.767442317632523086e+01
5.950000000000000000e+01,3.288977435115923242e+01,2.562576953329566720e+01,3.272957095299241104e+01,3.053906192087516303e+01,2.772046530368066541e+01
5.960000000000000142e+01,3.294249278383132662e+01,2.566662615363228994e+01,3.278206801294267336e+01,3.058780414959035809e+01,2.776701989125700010e+01
5.970000000000000284e+01,3.299571490502948734e+01,2.570723147353204752e+01,3.283457781419704702e+01,3.063653563644691502e+01,2.781368675452593919e+01
5.980000000000000426e+01,3.304902885563224402e+01,2.574762150100369240e+01,3.288704858110518359e+01,3.068558618623900003e+01,2.786058752100506908e+01
5.989999999999999858e+01,3.310170053725326511e+01,2.578773800026517549e+01,3.293931974287541919e+01,3.073513120791982445e+01,2.790750816908005305e+01
6.000000000000000000e+01,3.315402167126433142e+01,2.582774659255337113e+01,3.299174906369888305e+01,3.078494121035995690e+01,2.795371128916786674e+01
6.010000000000000142e+01,3.320615469068483350e+01,2.586753418420341788e+01,3.304476838662296245e+01,3.083476041834919457e+01,2.799917667355801854e+01
6.020000000000000284e+01,3.325851873656880286e+01,2.590774567171121134e+01,3.309810794346390850e+01,3.088424630313876307e+01,2.804429166061661860e+01
6.030000000000000426e+01,3.331094957979356508e+01,2.594850897243177101e+01,3.315139784600713568e+01,3.093370788586408082e+01,2.808944937034865319e+01
6.039999999999999858e+01,3.336342259747799943e+01,2.598953837596780403e+01,3.320480035018844944e+01,3.098320532466500410e+01,2.813484345093507244e+01
6.050000000000000000e+01,3.341607564356124271e+01,2.603054374382792702e+01,3.325804100739851776e+01,3.103288676660035605e+01,2.818050976499256777e+01
6.060000000000000142e+01,3.346877383129253047e+01,2.607113941768257703e+01,3.331109123952222717e+01,3.108233432076361424e+01,2.822616606201228606e+01
6.070000000000000284e+01,3.352139261293838501e+01,2.611171748578381724e+01,3.336421687240185463e+01,3.113162525327568986e+01,2.827157701592876649e+01
6.080000000000000426e+01,3.357430130527778545e+01,2.615213758530632049e+01,3.341752294542438761e+01,3.118082314367465813e+01,2.831666260477220121e+01
6.089999999999999858e+01,3.362760249611665131e+01,2.619233088926836928e+01,3.347116567772518181e+01,3.122976679308099079e+01,2.836208837198633148e+01
6.100000000000000000e+01,3.368146416927112341e+01,2.623248209865401392e+01,3.352429110737989504e+01,3.127865404989868381e+01,2.840750861261141935e+01
6.110000000000000142e+01,3.373570230564624950e+01,2.627223546742728288e+01,3.357713785435318954e+01,3.132739196199248610e+01,2.845273188951235710e+01
6.120000000000000284e+01,3.379012233808780508e+01,2.631179396347035038e+01,3.362973707303154214e+01,3.137608417955745566e+01,2.849790537785204592e+01
6.130000000000000426e+01,3.384462041152639955e+01,2.635113447992862135e+01,3.368262061005055585e+01,3.142493282333730420e+01,2.854320738074895658e+01
6.139999999999999858e+01,3.389888797691639866e+01,2.639040277420044234e+01,3.373595076005184268e+01,3.147407171333133036e+01,2.858898831021899056e+01
6.150000000000000000e+01,3.395249401302677938e+01,2.642994410227590052e+01,3.378912118341917648e+01,3.152340497520973983e+01,2.863519070192681326e+01
6.160000000000000142e+01,3.400548090741447993e+01,2.646953253473564160e+01,3.384204642582371036e+01,3.157251744929929060e+01,2.868142997883257195e+01
6.170000000000000284e+01,3.405852078452792142e+01,2.650893439419698083e+01,3.389493689091845141e+01,3.162150194119445601e+01,2.872743969493462401e+01
6.180000000000000426e+01,3.411168311697603883e+01,2.654864639573825613e+01,3.394771899517893132e+01,3.167034436313752366e+01,2.877327815660372679e+01
6.189999999999999858e+01,3.416482286937121415e+01,2.658831178321142019e+01,3.399979579340491398e+01,3.171897448128964569e+01,2.881872537572247950e+01
6.200000000000000000e+01,3.421782385953580530e+01,2.662805510855525881e+01,3.405179795604023951e+01,3.176766368633862214e+01,2.886411517985262165e+01
6.210000000000000142e+01,3.427080535609799483e+01,2.666792890284880002e+01,3.410402512082116999e+01,3.181658054002659242e+01,2.890942793842921787e+01
6.220000000000000284e+01,3.432412976501949231e+01,2.670784786101481600e+01,3.415625213307134800e+01,3.186525518783245303e+01,2.895486892068021234e+01
6.230000000000000426e+01,3.437839063412435792e+01,2.674796479538004235e+01,3.420873166955165345e+01,3.191366505780802143e+01,2.900062574893044953e+01
6.239999999999999858e+01,3.443273935147085751e+01,2.678779622643133607e+01,3.426148294686495177e+01,3.196196759761110684e+01,2.904623421110676773e+01
6.250000000000000000e+01,3.448692325923919810e+01,2.682739732127587118e+01,3.431405200382502585e+01,3.201028419809171766e+01,2.909141157621086649e+01
6.260000000000000142e+01,3.454086929297816511e+01,2.686681057561237651e+01,3.436654923852606913e+01,3.205888754582220912e+01,2.913638499403779747e+01
6.270000000000000284e+01,3.459479584814012298e+01,2.690600098110682126e+01,3.441875222040916071e+01,3.210789589551435341e+01,2.918134129838175994e+01
6.280000000000000426e+01,3.464887559185108756e+01,2.694485705343587867e+01,3.447077467989337407e+01,3.215695750241241768e+01,2.922624404264693254e+01
6.289999999999999858e+01,3.470305080255002395e+01,2.698374536461414408e+01,3.452253704919476718e+01,3.220584832569286959e+01,2.927138687179767729e+01
6.300000000000000000e+01,3.475682481780359723e+01,2.702298306482689227e+01,3.457404751461530878e+01,3.225456140576370245e+01,2.931649325121041727e+01
6.310000000000000142e+01,3.480994750889383482e+01,2.706243882453791016e+01,3.462582631095742158e+01,3.230330843338185076e+01,2.936197060887442589e+01
6.320000000000000284e+01,3.486326640646318964e+01,2.710176470381481906e+01,3.467809775546312778e+01,3.235230357712246985e+01,2.940785835118052916e+01
6.330000000000000426e+01,3.491664018010071402e+01,2.714112447045238596e+01,3.473093319211765362e+01,3.240174290570618609e+01,2.945369682999783478e+01
6.339999999999999858e+01,3.496978830060039201e+01,2.718068911100247576e+01,3.478377439311378083e+01,3.245126581887586781e+01,2.949958855940560554e+01
6.350000000000000000e+01,3.502247470901857440e+01,2.722018001790702257e+01,3.483694193960394614e+01,3.250079106711907428e+01,2.954565198896417755e+01
6.360000000000000142e+01,3.507525076400133912e+01,2.725983760502944264e+01,3.489032116864177624e+01,3.255023499047081970e+01,2.959189324745508642e+01
6.370000000000000284e+01,3.512838718898046864e+01,2.730019491925222042e+01,3.494366801645335840e+01,3.259972451007180894e+01,2.963814198858156956e+01
6.380000000000000426e+01,3.518194684003441353e+01,2.734077409220672905e+01,3.499682600492500484e+01,3.264889962908392818e+01,2.968430096032791710e+01
6.389999999999999858e+01,3.523561906122249354e+01,2.738170447145884268e+01,3.504970662915739865e+01,3.269785001074920672e+01,2.973036616612256822e+01
6.400000000000000000e+01,3.528892679635215046e+01,2.742247899865608218e+01,3.510238665655514723e+01,3.274681472680045857e+01,2.977658598041281124e+01
6.409999999999999432e+01,3.534192169531061012e+01,2.746287370154727370e+01,3.515503763954372118e+01,3.279562583965751088e+01,2.982282506580430237e+01
6.420000000000000284e+01,3.539462419248751246e+01,2.750307822096004529e+01,3.520756725805254206e+01,3.284443071950926196e+01,2.986927106732978388e+01
6.429999999999999716e+01,3.544722802079626689e+01,2.754316342148101526e+01,3.525993599153466818e+01,3.289321246650472119e+01,2.991555744428011820e+01
6.440000000000000568e+01,3.549994386034889260e+01,2.758289498164191755e+01,3.531250104605126694e+01,3.294183218332808849e+01,2.996166338915373473e+01
6.450000000000000000e+01,3.555278541662374181e+01,2.762244317333302845e+01,3.536518537427998865e+01,3.299037927703881934e+01,3.000748347959806850e+01
6.459999999999999432e+01,3.560563901451057234e+01,2.766213990330045291e+01,3.541760560487703202e+01,3.303930897120842758e+01,3.005338717111081337e+01
6.470000000000000284e+01,3.565812262537993860e+01,2.770167391434941351e+01,3.546982248889650435e+01,3.308830258608482211e+01,3.009925168402052620e+01
6.479999999999999716e+01,3.570999243201873696e+01,2.774062091684684006e+01,3.552218567336716859e+01,3.313714439259280908e+01,3.014536240589339400e+01
6.490000000000000568e+01,3.576173628940239269e+01,2.777928529466413465e+01,3.557435907662141261e+01,3.318611473201315931e+01,3.019148389674601773e+01
6.500000000000000000e+01,3.581395457282648209e+01,2.781823061393998842e+01,3.562640516971896432e+01,3.323503958740617037e+01,3.023733050853001458e+01
6.509999999999999432e+01,3.586680591294775411e+01,2.785753090923816444e+01,3.567814147297093541e+01,3.328412835720682494e+01,3.028290553549634367e+01
6.520000000000000284e+01,3.591955558478784383e+01,2.789713320282747944e+01,3.572969235612330152e+01,3.333333451697249217e+01,3.032859707323266818e+01
6.529999999999999716e+01,3.597240272279401552e+01,2.793660932102785566e+01,3.578170996139589732e+01,3.338247769656135944e+01,3.037457947541555825e+01
6.540000000000000568e+01,3.602542672811684810e+01,2.797569900698576006e+01,3.583412587999851695e+01,3.343118089529207282e+01,3.042043926748964466e+01
6.550000000000000000e+01,3.607822891402050658e+01,2.801471972370970320e+01,3.588651721669992867e+01,3.347975389995163908e+01,3.046573133118666021e+01
6.559999999999999432e+01,3.613120813916793139e+01,2.805395303583601674e+01,3.593853590180052748e+01,3.352843918930276601e+01,3.051069731931508500e+01
6.570000000000000284e+01,3.618475624272635827e+01,2.809310558741913511e+01,3.599067869155140897e+01,3.357723401641020899e+01,3.055580226313822578e+01
6.579999999999999716e+01,3.623848827842345344e+01,2.813193194928322427e+01,3.604342412097797421e+01,3.362592511155595076e+01,3.060110024663201500e+01
6.590000000000000568e+01,3.629190769893702395e+01,2.817061155226321389e+01,3.609650607955276058e+01,3.367461265716527663e+01,3.064627813994868433e+01
6.600000000000000000e+01,3.634494562325609479e+01,2.820949852395255419e+01,3.614963742530146362e+01,3.372352600207455708e+01,3.069133162474170717e+01
6.609999999999999432e+01,3.639773402701438698e+01,2.824849648351867160e+01,3.620301030597052261e+01,3.377242563918151319e+01,3.073673636028126310e+01
6.620000000000000284e+01,3.645086674577352426e+01,2.828754776721312325e+01,3.625666710671861637e+01,3.382131419548775852e+01,3.078271082569913730e+01
6.629999999999999716e+01,3.650404280892404785e+01,2.832680592172987843e+01,3.631028266793407511e+01,3.387004997733826173e+01,3.082922062808575348e+01
6.640000000000000568e+01,3.655750206415660131e+01,2.836599511863080636e+01,3.636390150393029330e+01,3.391901122759367837e+01,3.087567482458869605e+01
6.650000000000000000e+01,3.661122058431012505e+01,2.840499888007198948e+01,3.641757686759387269e+01,3.396818307517227709e+01,3.092189762712213863e+01
6.659999999999999432e+01,3.666496673617916713e+01,2.844375139588154155e+01,3.647138452243330420e+01,3.401742534805440954e+01,3.096780171933303194e+01
6.670000000000000284e+01,3.671855555810523697e+01,2.848255158153319755e+01,3.652487958084940090e+01,3.406665248926790923e+01,3.101365868487032529e+01
6.679999999999999716e+01,3.677253935761378756e+01,2.852144401349655212e+01,3.657831490805785535e+01,3.411573058972773254e+01,3.105964070180677439e+01
6.690000000000000568e+01,3.682640205002997646e+01,2.856014695415188243e+01,3.663180155567295060e+01,3.416445726060860721e+01,3.110597104382366140e+01
6.700000000000000000e+01,3.688006890632046719e+01,2.859871861369800783e+01,3.668508069085527978e+01,3.421304297238630454e+01,3.115236814778491237e+01
6.709999999999999432e+01,3.693397166003020970e+01,2.863727199877221707e+01,3.673787729540544689e+01,3.426169747076979633e+01,3.119896903220699613e+01
6.720000000000000284e+01,3.698834917289556046e+01,2.867580785929577658e+01,3.679071127748407832e+01,3.431057238195035097e+01,3.124605056385525970e+01
6.729999999999999716e+01,3.704257759143779083e+01,2.871466426085278556e+01,3.684345837332351437e+01,3.435968324165563104e+01,3.129350810873996025e+01
6.740000000000000568e+01,3.709639343582372817e+01,2.875375265131519598e+01,3.689598604100046941e+01,3.440901049813189161e+01,3.134121106362869114e+01
6.750000000000000000e+01,3.714985300443170502e+01,2.879271943011212898e+01,3.694833783794895510e+01,3.445822465793454370e+01,3.138871551622394662e+01
6.759999999999999432e+01,3.720355497962640356e+01,2.883187145798439488e+01,3.700069228321524406e+01,3.450709136410672073e+01,3.143553870964798946e+01
6.770000000000000284e+01,3.725732879654733409e+01,2.887124960932808904e+01,3.705292813488964043e+01,3.455603089438066178e+01,3.148192532244739184e+01
6.779999999999999716e+01,3.731104124822712720e+01,2.891050163425235198e+01,3.710507007425096049e+01,3.460514970443236393e+01,3.152819607886855735e+01
6.790000000000000568e+01,3.736439978385472216e+01,2.894931938284075912e+01,3.715652754231957289e+01,3.465449870171448765e+01,3.157477081503729011e+01
6.800000000000000000e+01,3.741769087744751232e+01,2.898814443337383651e+01,3.720779883607620064e+01,3.470372599066048025e+01,3.162143599305455055e+01
6.809999999999999432e+01,3.747081829962716881e+01,2.902694479174512310e+01,3.725895761175092957e+01,3.475318668042942960e+01,3.166805695931562070e+01
6.820000000000000284e+01,3.752395271922176079e+01,2.906555875086124985e+01,3.731043845628599342e+01,3.480307311569619344e+01,3.171447738805070671e+01
6.829999999999999716e+01,3.757665502219041542e+01,2.910428578659517385e+01,3.736229407054355534e+01,3.485307429271400537e+01,3.176077672980726518e+01
6.840000000000000568e+01,3.762952505785978019e+01,2.914311012440720106e+01,3.741429535562306086e+01,3.490333312945436006e+01,3.180715599520756598e+01
6.850000000000000000e+01,3.768275279169470338e+01,2.918240394297016849e+01,3.746615750898872221e+01,3.495381051950132445e+01,3.185377198642410335e+01
6.860000000000000853e+01,3.773624283253749923e+01,2.922198773265558458e+01,3.751805065307121367e+01,3.500442637603573104e+01,3.190031782143743655e+01
6.870000000000000284e+01,3.778968744421973014e+01,2.926152527640233814e+01,3.757015178913269438e+01,3.505478897423439832e+01,3.194669401196324188e+01
6.879999999999999716e+01,3.784330018094079406e+01,2.930059767020421901e+01,3.762258898786916461e+01,3.510476915880427384e+01,3.199273657090349587e+01
6.890000000000000568e+01,3.789750559088448512e+01,2.933915214986683750e+01,3.767520824942803159e+01,3.515438760436350663e+01,3.203833093936423637e+01
6.900000000000000000e+01,3.795147257771340321e+01,2.937757026070238453e+01,3.772809059359597939e+01,3.520407664005593062e+01,3.208428329258147471e+01
6.910000000000000853e+01,3.800578980937840612e+01,2.941632333730924387e+01,3.778117648292644759e+01,3.525409240150313650e+01,3.213073676358250452e+01
6.920000000000000284e+01,3.806068400208928182e+01,2.945503816753002013e+01,3.783439128589649414e+01,3.530440889958044437e+01,3.217734383801418829e+01
6.929999999999999716e+01,3.811594188293913987e+01,2.949349707069935889e+01,3.788744131765638201e+01,3.535472583272121483e+01,3.222394131744642465e+01
6.940000000000000568e+01,3.817128274897230256e+01,2.953216884436894318e+01,3.794063054932542656e+01,3.540487487856393756e+01,3.227031171378496310e+01
6.950000000000000000e+01,3.822682553087616242e+01,2.957104292557803049e+01,3.799373898273293548e+01,3.545491034102115435e+01,3.231681693128056310e+01
6.960000000000000853e+01,3.828238201326726653e+01,2.961011442724968745e+01,3.804647113635631683e+01,3.550461227391981112e+01,3.236330811640767280e+01
6.970000000000000284e+01,3.833794312274180527e+01,2.964947844361385876e+01,3.809929670533032464e+01,3.555395076944795107e+01,3.240952250511161026e+01
6.979999999999999716e+01,3.839366456420512463e+01,2.968910247109491607e+01,3.815211727050801471e+01,3.560311352154385389e+01,3.245562009076524390e+01
6.990000000000000568e+01,3.844936400304870006e+01,2.972842690981284264e+01,3.820502724497666236e+01,3.565232210791577216e+01,3.250220665715011137e+01
7.000000000000000000e+01,3.850506695431427318e+01,2.976752320343364389e+01,3.825801593476836615e+01,3.570163516030049067e+01,3.254913926010613068e+01
7.010000000000000853e+01,3.856099490402667129e+01,2.980640317921330862e+01,3.831096001854388788e+01,3.575136071056608245e+01,3.259619743187568019e+01
7.020000000000000284e+01,3.861680128404115919e+01,2.984579961214304689e+01,3.836371029391504806e+01,3.580145662751935731e+01,3.264289731323874832e+01
7.029999999999999716e+01,3.867259958458670610e+01,2.988539763524640946e+01,3.841641638182653651e+01,3.585127434001504554e+01,3.268927365515765615e+01
7.040000000000000568e+01,3.872804718756753317e+01,2.992531675633058441e+01,3.846911572973748861e+01,3.590105995541797768e+01,3.273576565261526383e+01
7.050000000000000000e+01,3.878326264242470245e+01,2.996528426074704043e+01,3.852187324570581239e+01,3.595114522597619811e+01,3.278258834448006098e+01
7.060000000000000853e+01,3.883887040817966607e+01,3.000517417021751143e+01,3.857436063400442094e+01,3.600148029147359097e+01,3.282969472307085113e+01
7.070000000000000284e+01,3.889455246575305836e+01,3.004537966517630565e+01,3.862679603199622846e+01,3.605173707282528284e+01,3.287685844739260688e+01
7.079999999999999716e+01,3.895032381930415966e+01,3.008542748519042931e+01,3.867941907869026608e+01,3.610192516745885882e+01,3.292416634903467809e+01
7.090000000000000568e+01,3.900620355925704530e+01,3.012511891040123047e+01,3.873213062763061743e+01,3.615216409249795504e+01,3.297131441239218930e+01
7.100000000000000000e+01,3.906220612896859024e+01,3.016466609912203012e+01,3.878525214390365505e+01,3.620216539857898397e+01,3.301823172143819818e+01
7.110000000000000853e+01,3.911803823567574767e+01,3.020389842529012725e+01,3.883806322167308878e+01,3.625198820144158418e+01,3.306509288530443769e+01
7.120000000000000284e+01,3.917379064894729623e+01,3.024299524291154029e+01,3.889035647836113441e+01,3.630177627956319242e+01,3.311189086166984197e+01
7.129999999999999716e+01,3.922947600650675781e+01,3.028216023856039030e+01,3.894255501952317644e+01,3.635170532852264103e+01,3.315837046076348571e+01
7.140000000000000568e+01,3.928532129361999381e+01,3.032157546650238444e+01,3.899458381375777094e+01,3.640197283737750666e+01,3.320486438640017468e+01
7.150000000000000000e+01,3.934134527446710905e+01,3.036103148652464156e+01,3.904664851637837586e+01,3.645235799291571510e+01,3.325165207786285038e+01
7.160000000000000853e+01,3.939692889933574804e+01,3.040035729895582506e+01,3.909892312322011065e+01,3.650274189811994319e+01,3.329872306915466851e+01
7.170000000000000284e+01,3.945213840377650882e+01,3.043927217937644158e+01,3.915150345530116738e+01,3.655289359751445488e+01,3.334581661392708440e+01
7.179999999999999716e+01,3.950695802358777797e+01,3.047796478178794288e+01,3.920382155741710761e+01,3.660290935461762984e+01,3.339257478642074517e+01
7.190000000000000568e+01,3.956197573743782669e+01,3.051633420312047562e+01,3.925612283039001937e+01,3.665278784833021319e+01,3.343958038744192862e+01
7.200000000000000000e+01,3.961710152980263189e+01,3.055484515834490011e+01,3.930897021742666197e+01,3.670311525693632859e+01,3.348689342761280585e+01
7.210000000000000853e+01,3.967223008997461875e+01,3.059364523011311476e+01,3.936209617217801338e+01,3.675357345394003517e+01,3.353401020173385660e+01
7.220000000000000284e+01,3.972723732293816568e+01,3.063264403606491371e+01,3.941530271978371758e+01,3.680364354062121635e+01,3.358075106613435423e+01
7.229999999999999716e+01,3.978236909212866124e+01,3.067164589203640901e+01,3.946839737331514897e+01,3.685340432252912990e+01,3.362736183866987005e+01
7.240000000000000568e+01,3.983732953300845026e+01,3.071045692502417523e+01,3.952121885048402561e+01,3.690315422053301120e+01,3.367391928702825510e+01
7.250000000000000000e+01,3.989177484454687317e+01,3.074889946015871445e+01,3.957410997891237514e+01,3.695312870872562883e+01,3.372018411822471506e+01
7.260000000000000853e+01,3.994586647660955236e+01,3.078718485111080483e+01,3.962714164533420558e+01,3.700274567019686600e+01,3.376598510781053619e+01
7.270000000000000284e+01,3.999986217067789340e+01,3.082572664093959247e+01,3.968013381568729869e+01,3.705169758984196449e+01,3.381156911881043214e+01
7.279999999999999716e+01,4.005363303376701367e+01,3.086457178028800996e+01,3.973276994744986013e+01,3.710044983812697694e+01,3.385726065665365780e+01
7.290000000000000568e+01,4.010761936673160477e+01,3.090335349691913081e+01,3.978535644573621255e+01,3.714920324138774532e+01,3.390295554065893668e+01
7.300000000000000000e+01,4.016195501228632736e+01,3.094223899049150006e+01,3.983798955543124976e+01,3.719811185020597577e+01,3.394894814040215181e+01
7.310000000000000853e+01,4.021631173106454327e+01,3.098097620084173798e+01,3.989048919261004755e+01,3.724702795433574209e+01,3.399500809235908605e+01
7.320000000000000284e+01,4.027065565693143867e+01,3.101985190211016530e+01,3.994306862903170696e+01,3.729569494297739141e+01,3.404106078547030734e+01
7.329999999999999716e+01,4.032505566987249779e+01,3.105891052241983274e+01,3.999560886090089440e+01,3.734411932033138015e+01,3.408744202699457304e+01
7.340000000000000568e+01,4.037950549453567106e+01,3.109826673519204476e+01,4.004834451637910320e+01,3.739224447515873351e+01,3.413386592585620605e+01
7.350000000000000000e+01,4.043333796625947940e+01,3.113760480424209476e+01,4.010072755953612500e+01,3.744037885834382706e+01,3.418026780625110916e+01
7.360000000000000853e+01,4.048698749367972738e+01,3.117681429016030137e+01,4.015321056498219576e+01,3.748849450423496421e+01,3.422596829732773926e+01
7.370000000000000284e+01,4.054018839528600893e+01,3.121639096582204331e+01,4.020551223275804631e+01,3.753686401014461183e+01,3.427117317612196246e+01
7.379999999999999716e+01,4.059352275205922211e+01,3.125623888289986851e+01,4.025784291360272249e+01,3.758501229808100419e+01,3.431612579076472258e+01
7.390000000000000568e+01,4.064709677475828897e+01,3.129573594634572942e+01,4.031093276270188142e+01,3.763316982513142506e+01,3.436082305705762963e+01
7.400000000000000000e+01,4.070113002028475080e+01,3.133489679202431333e+01,4.036411879188357688e+01,3.768160953179941686e+01,3.440550574658876570e+01
7.410000000000000853e+01,4.075504064771387647e+01,3.137394170159286944e+01,4.041750800579619352e+01,3.773020745090952488e+01,3.445013790716458857e+01
7.420000000000000284e+01,4.080854429882915468e+01,3.141273960713895264e+01,4.047083466807823982e+01,3.777892927788615651e+01,3.449458898084655090e+01
7.429999999999999716e+01,4.086188883343473321e+01,3.145118007056074916e+01,4.052391145776108772e+01,3.782808000457167452e+01,3.453895461636636099e+01
7.440000000000000568e+01,4.091531735465082420e+01,3.148950670133024587e+01,4.057676569977206071e+01,3.787728130419509398e+01,3.458330530336978370e+01
7.450000000000000000e+01,4.096907694993576143e+01,3.152799796329090398e+01,4.062954576875483070e+01,3.792635845498882929e+01,3.462783648265464365e+01
7.460000000000000853e+01,4.102265206319479773e+01,3.156664689982602567e+01,4.068256957395130513e+01,3.797560213681974517e+01,3.467249441803840426e+01
7.470000000000000284e+01,4.107592098000115755e+01,3.160532758966651556e+01,4.073575430973782829e+01,3.802489116744720832e+01,3.471749094474688491e+01
7.479999999999999716e+01,4.112936456507030414e+01,3.164388991387750849e+01,4.078913889670440085e+01,3.807429451902978457e+01,3.476236148068803544e+01
7.490000000000000568e+01,4.118275045407766299e+01,3.168219768405386461e+01,4.084221995362482005e+01,3.812350658964412986e+01,3.480710832771741536e+01
7.500000000000000000e+01,4.123653865032070343e+01,3.172034459367905512e+01,4.089508042646623664e+01,3.817296808765427585e+01,3.485198501753674094e+01
7.510000000000000853e+01,4.129059050231554551e+01,3.175920746656867522e+01,4.094806209493134475e+01,3.822264297724098725e+01,3.489663184091570258e+01
7.520000000000000284e+01,4.134453604793372250e+01,3.179867610137317513e+01,4.100086966297320856e+01,3.827255237927756326e+01,3.494077303040725013e+01
7.529999999999999716e+01,4.139836607717943906e+01,3.183807955652548216e+01,4.105389416620333520e+01,3.832273899224885838e+01,3.498488524863282834e+01
7.540000000000000568e+01,4.145223392511918803e+01,3.187758113459274867e+01,4.110699345840914987e+01,3.837298142231862386e+01,3.502916002829024222e+01
7.550000000000000000e+01,4.150661934595897407e+01,3.191709663162902899e+01,4.115978620091998863e+01,3.842283898719618662e+01,3.507379032881343761e+01
7.560000000000000853e+01,4.156120960536647146e+01,3.195653117888196348e+01,4.121195748929088154e+01,3.847233988482679479e+01,3.511854612899632855e+01
7.570000000000000284e+01,4.161589328827636081e+01,3.199556144495294774e+01,4.126403847371964417e+01,3.852174204619940667e+01,3.516336524233564376e+01
7.579999999999999716e+01,4.167042585611413585e+01,3.203389478094848641e+01,4.131647004949590496e+01,3.857099939955204349e+01,3.520794748589018042e+01
7.590000000000000568e+01,4.172463256586979696e+01,3.207183474863209938e+01,4.136973248543841919e+01,3.861986297610098262e+01,3.525296061998614761e+01
7.600000000000000000e+01,4.177857635753890264e+01,3.210980447521681214e+01,4.142321853213775995e+01,3.866809715995933061e+01,3.529819528547864849e+01
7.610000000000000853e+01,4.183286319823841382e+01,3.214818976615782020e+01,4.147639868785152828e+01,3.871627322494665435e+01,3.534346711391515328e+01
7.620000000000000284e+01,4.188753536377944187e+01,3.218704098618021447e+01,4.152941949791523513e+01,3.876469063720620767e+01,3.538856907219973635e+01
7.629999999999999716e+01,4.194243159881364846e+01,3.222598767581674650e+01,4.158271142239836138e+01,3.881295537537734930e+01,3.543377950577357893e+01
7.640000000000000568e+01,4.199738941110809520e+01,3.226461188623169818e+01,4.163631836983815049e+01,3.886110804345554470e+01,3.547924782278349909e+01
7.650000000000000000e+01,4.205221266066698860e+01,3.230316241348818807e+01,4.169013799675209242e+01,3.890932616944951405e+01,3.552462129936020574e+01
7.660000000000000853e+01,4.210707312545410730e+01,3.234219621579291726e+01,4.174373342692170752e+01,3.895731600169407471e+01,3.556962489473972511e+01
7.670000000000000284e+01,4.216204478448101867e+01,3.238092003243187378e+01,4.179702599654353179e+01,3.900500678473176208e+01,3.561459056015301172e+01
7.679999999999999716e+01,4.221694830050435598e+01,3.241960080931729493e+01,4.185042294632167881e+01,3.905269632907037192e+01,3.565989059225971403e+01
7.690000000000000568e+01,4.227135735486461243e+01,3.245881895023158847e+01,4.190406891428781222e+01,3.910103932138042637e+01,3.570550434346264979e+01
7.700000000000000000e+01,4.232562551286424934e+01,3.249814995299657738e+01,4.195783591455158046e+01,3.914993056443567809e+01,3.575127292694511283e+01
7.710000000000000853e+01,4.237990521863122240e+01,3.253782213030998349e+01,4.201164741730497809e+01,3.919938539402466660e+01,3.579715202651284756e+01
7.720000000000000284e+01,4.243441679459930072e+01,3.257824152500293735e+01,4.206588413124466541e+01,3.924916090755387899e+01,3.584298826609606436e+01
7.729999999999999716e+01,4.248910346889486789e+01,3.261842037284142037e+01,4.212065886701362416e+01,3.929885781330597183e+01,3.588906637131836419e+01
7.740000000000000568e+01,4.254401361221749767e+01,3.265868566273771734e+01,4.217569402254039090e+01,3.934835828667721813e+01,3.593508840619357159e+01
7.750000000000000000e+01,4.259883296833222488e+01,3.269934514612094745e+01,4.223050218465333216e+01,3.939765805909885188e+01,3.598121250518951086e+01
7.760000000000000853e+01,4.265311336850040647e+01,3.274011582457485758e+01,4.228528291790565419e+01,3.944649665108241976e+01,3.602693246485996781e+01
7.770000000000000284e+01,4.270756527686447868e+01,3.278067484947492716e+01,4.234041878671884973e+01,3.949498341383317523e+01,3.607260224074859423e+01
7.779999999999999716e+01,4.276252906428008771e+01,3.282097486961075816e+01,4.239560002606368272e+01,3.954324114566280457e+01,3.611848591267650477e+01
7.790000000000000568e+01,4.281751570443279320e+01,3.286106120969231625e+01,4.245058108413201126e+01,3.959102888957732347e+01,3.616454392186034994e+01
7.800000000000000000e+01,4.287211160691380485e+01,3.290143233123625066e+01,4.250523460387862684e+01,3.963873853872669173e+01,3.621037817876966614e+01
7.810000000000000853e+01,4.292634294244540882e+01,3.294250346576217225e+01,4.255981286365426541e+01,3.968673779853905614e+01,3.625625865154105298e+01
7.820000000000000284e+01,4.298053453841872340e+01,3.298383132451654376e+01,4.261466656988299206e+01,3.973500754086019526e+01,3.630237396594936428e+01
7.829999999999999716e+01,4.303524584066877878e+01,3.302519416802123686e+01,4.267006195496011145e+01,3.978355383393765266e+01,3.634903784143311611e+01
7.840000000000000568e+01,4.308981012844378711e+01,3.306595336730237022e+01,4.272530361478960970e+01,3.983163703794133426e+01,3.639584175846502490e+01
7.850000000000000000e+01,4.314435978725141041e+01,3.310614730149983842e+01,4.278045728097076505e+01,3.987907291252160746e+01,3.644235747164377415e+01
7.860000000000000853e+01,4.319913335858871051e+01,3.314621592091756241e+01,4.283538761387349325e+01,3.992667020684840651e+01,3.648887822328757835e+01
7.870000000000000284e+01,4.325375911790103345e+01,3.318670048122521621e+01,4.289054921128608555e+01,3.997468412738066235e+01,3.653538412010448866e+01
7.879999999999999716e+01,4.330821717091340162e+01,3.322705077331491452e+01,4.294596415603137274e+01,4.002293621689273095e+01,3.658188400735963342e+01
7.890000000000000568e+01,4.336281308072589979e+01,3.326707886186651564e+01,4.300095413358189944e+01,4.007114614573093547e+01,3.662812525831039778e+01
7.900000000000000000e+01,4.341811139678746656e+01,3.330692048247576764e+01,4.305553982886729614e+01,4.011962940401113542e+01,3.667425322310388225e+01
7.910000000000000853e+01,4.347330577347268132e+01,3.334697853702915182e+01,4.310982842924339309e+01,4.016786611877476787e+01,3.672044286117069589e+01
7.920000000000000284e+01,4.352817529204005353e+01,3.338723557327695346e+01,4.316449366039946511e+01,4.021562851457600374e+01,3.676684857266609185e+01
7.929999999999999716e+01,4.358309645333552851e+01,3.342712639978875444e+01,4.321983505444048035e+01,4.026273019668284547e+01,3.681341036789496712e+01
7.940000000000000568e+01,4.363827296256535959e+01,3.346685908955161892e+01,4.327576522758500488e+01,4.030957313742788273e+01,3.686004682825877410e+01
7.950000000000000000e+01,4.369343870679675490e+01,3.350687330514928419e+01,4.333169587216412566e+01,4.035665949839801669e+01,3.690660049854235325e+01
7.960000000000000853e+01,4.374810731699516708e+01,3.354724973253163967e+01,4.338746889207812529e+01,4.040385068998551787e+01,3.695287858938353054e+01
7.970000000000000284e+01,4.380243583705097876e+01,3.358741076464733055e+01,4.344309402724056923e+01,4.045101213090556058e+01,3.699836612457902874e+01
7.979999999999999716e+01,4.385673908007117916e+01,3.362757577243505125e+01,4.349850504215075375e+01,4.049809981912402179e+01,3.704345317889487177e+01
7.990000000000000568e+01,4.391104281591979941e+01,3.366763012944102940e+01,4.355404720194000845e+01,4.054507106440275521e+01,3.708853615422398775e+01
