lag_fs,acf_norm_mean,acf_norm_sem
0.000000000000000000e+00,1.000000000000000000e+00,0.000000000000000000e+00
5.000000000000000000e-01,9.580858119999999811e-01,4.097017761738429032e-05
1.000000000000000000e+00,8.372809460000001369e-01,1.556150215949681436e-04
1.500000000000000000e+00,6.517207339999999682e-01,3.234124044096106437e-04
2.000000000000000000e+00,4.228193359999999901e-01,5.158310226091451485e-04
2.500000000000000000e+00,1.764723239999999860e-01,7.027971627546616496e-04
3.000000000000000000e+00,-6.015087799999999790e-02,8.587307292300651535e-04
3.500000000000000000e+00,-2.617585320000000437e-01,9.668351642105297043e-04
4.000000000000000000e+00,-4.076584420000000653e-01,1.021190556230319778e-03
4.500000000000000000e+00,-4.838068960000000418e-01,1.026666919154398507e-03
5.000000000000000000e+00,-4.840637839999999414e-01,9.965869444890362860e-04
5.500000000000000000e+00,-4.106212180000000100e-01,9.475021304482586634e-04
6.000000000000000000e+00,-2.736243520000000151e-01,8.910455096649065555e-04
6.500000000000000000e+00,-9.003211599999999537e-02,8.265037515619649226e-04
7.000000000000000000e+00,1.182053240000000144e-01,7.415607188936066936e-04
7.500000000000000000e+00,3.265289599999999792e-01,6.264084865405273326e-04
8.000000000000000000e+00,5.105176019999999593e-01,5.069303373186424735e-04
8.500000000000000000e+00,6.487188560000000104e-01,5.009983299533012297e-04
9.000000000000000000e+00,7.252140660000000461e-01,7.133349495545515629e-04
9.500000000000000000e+00,7.315480359999999571e-01,1.055373046460826797e-03
1.000000000000000000e+01,6.677138559999999945e-01,1.418919124568413133e-03
1.050000000000000000e+01,5.420249040000000296e-01,1.728280369325535439e-03
1.100000000000000000e+01,3.699001560000000355e-01,1.926031210327599011e-03
1.150000000000000000e+01,1.717801660000000119e-01,1.974183429009574407e-03
1.200000000000000000e+01,-2.947627600000000264e-02,1.861175203651177588e-03
1.250000000000000000e+01,-2.113213980000000214e-01,1.610979805312286487e-03
1.300000000000000000e+01,-3.540212759999999959e-01,1.299957777143549839e-03
1.350000000000000000e+01,-4.426734520000000228e-01,1.089259162106979506e-03
1.400000000000000000e+01,-4.685879619999999690e-01,1.166509226746196507e-03
1.450000000000000000e+01,-4.299718080000000109e-01,1.480016481335264412e-03
1.500000000000000000e+01,-3.319198319999999702e-01,1.830520955712877521e-03
1.550000000000000000e+01,-1.857525040000000127e-01,2.083891181498209733e-03
1.600000000000000000e+01,-7.766813999999999489e-03,2.168137512330802451e-03
1.650000000000000000e+01,1.825045319999999971e-01,2.049495128148394376e-03
1.700000000000000000e+01,3.643885720000000217e-01,1.724847289325642276e-03
1.750000000000000000e+01,5.183317100000000011e-01,1.221104802385938708e-03
1.800000000000000000e+01,6.280816160000000092e-01,6.087994930484174521e-04
1.850000000000000000e+01,6.825214159999999364e-01,3.517737698237375201e-04
1.900000000000000000e+01,6.769025159999999541e-01,9.496714595564242955e-04
1.950000000000000000e+01,6.132932300000000225e-01,1.548285642531767748e-03
2.000000000000000000e+01,5.001769000000000354e-01,1.989296424007739282e-03
2.050000000000000000e+01,3.512694739999999705e-01,2.209283474010520325e-03
2.100000000000000000e+01,1.837474639999999992e-01,2.181165317587366228e-03
2.150000000000000000e+01,1.615365200000000098e-02,1.917716616985940719e-03
2.200000000000000000e+01,-1.337328019999999840e-01,1.483715575979436489e-03
2.250000000000000000e+01,-2.508067379999999735e-01,1.046545085724449094e-03
2.300000000000000000e+01,-3.241362119999999791e-01,9.841516017433495425e-04
2.350000000000000000e+01,-3.479326900000000444e-01,1.409323778657691146e-03
2.400000000000000000e+01,-3.219420339999999880e-01,1.946385190815530823e-03
2.450000000000000000e+01,-2.512605079999999935e-01,2.376060488993071013e-03
2.500000000000000000e+01,-1.456222060000000040e-01,2.602290663015185013e-03
2.550000000000000000e+01,-1.823905199999999865e-02,2.580799830429318566e-03
2.600000000000000000e+01,1.156924599999999970e-01,2.303458635261334403e-03
2.650000000000000000e+01,2.406718499999999650e-01,1.795198116128130569e-03
2.700000000000000000e+01,3.425899920000000098e-01,1.117964728524111417e-03
2.750000000000000000e+01,4.102535579999999626e-01,4.576594642023652576e-04
2.800000000000000000e+01,4.365629580000000010e-01,7.452875895276955083e-04
2.850000000000000000e+01,4.192048299999999728e-01,1.470685219708826224e-03
2.900000000000000000e+01,3.607818139999999785e-01,2.088786031025198064e-03
2.950000000000000000e+01,2.683776119999999876e-01,2.494801624084369302e-03
3.000000000000000000e+01,1.526301720000000084e-01,2.638575686527485243e-03
3.050000000000000000e+01,2.644524599999999864e-02,2.509315658060181677e-03
3.100000000000000000e+01,-9.648225199999999058e-02,2.141298408151932637e-03
3.150000000000000000e+01,-2.031637620000000255e-01,1.634943625053780899e-03
3.200000000000000000e+01,-2.826694520000000432e-01,1.236059279393187478e-03
3.250000000000000000e+01,-3.272084440000000427e-01,1.349287600982823849e-03
3.300000000000000000e+01,-3.328465740000000062e-01,1.906096702199548644e-03
3.350000000000000000e+01,-2.998109899999999994e-01,2.531646078625523003e-03
3.400000000000000000e+01,-2.323686260000000225e-01,3.026786517677781778e-03
3.450000000000000000e+01,-1.383004640000000118e-01,3.294305871434224237e-03
3.500000000000000000e+01,-2.802645799999999715e-02,3.286812665485210408e-03
3.550000000000000000e+01,8.653278600000000043e-02,2.995681146767125835e-03
3.600000000000000000e+01,1.932438579999999906e-01,2.450969119092282367e-03
3.650000000000000000e+01,2.810639860000000434e-01,1.731601241878734203e-03
3.700000000000000000e+01,3.412184500000000620e-01,1.036846786015176028e-03
3.750000000000000000e+01,3.681193300000000224e-01,9.691451964231155439e-04
3.800000000000000000e+01,3.599200220000000061e-01,1.602223514177719774e-03
3.850000000000000000e+01,3.186428339999999859e-01,2.280818924653158723e-03
3.900000000000000000e+01,2.498691620000000335e-01,2.767883537151446648e-03
3.950000000000000000e+01,1.620356639999999959e-01,2.972177095074585683e-03
4.000000000000000000e+01,6.542647199999998553e-02,2.857391719175724539e-03
4.050000000000000000e+01,-2.901531199999999797e-02,2.431037531761695916e-03
4.100000000000000000e+01,-1.109177180000000124e-01,1.747314350966647483e-03
4.150000000000000000e+01,-1.716140579999999860e-01,9.531294919967585886e-04
4.200000000000000000e+01,-2.050600420000000257e-01,7.563228246681435877e-04
4.250000000000000000e+01,-2.084407880000000157e-01,1.563677560772680107e-03
4.300000000000000000e+01,-1.824097140000000006e-01,2.455391459198714120e-03
4.350000000000000000e+01,-1.309407139999999858e-01,3.175511667775131851e-03
4.400000000000000000e+01,-6.081517400000000656e-02,3.619402966592141693e-03
4.450000000000000000e+01,1.919610799999999992e-02,3.728321391176464203e-03
4.500000000000000000e+01,9.936266800000001509e-02,3.483219922764566219e-03
4.550000000000000000e+01,1.701179419999999942e-01,2.906010297183062984e-03
4.600000000000000000e+01,2.231470419999999899e-01,2.062088580666212711e-03
4.650000000000000000e+01,2.523128219999999922e-01,1.085787351751709307e-03
4.700000000000000000e+01,2.543138280000000195e-01,6.256051665499585013e-04
4.750000000000000000e+01,2.290015639999999908e-01,1.450410327306034990e-03
4.800000000000000000e+01,1.793274460000000015e-01,2.339898718471804598e-03
4.850000000000000000e+01,1.109357579999999954e-01,2.993144973373992618e-03
4.900000000000000000e+01,3.146125600000000688e-02,3.311869814228209866e-03
4.950000000000000000e+01,-5.037755800000000284e-02,3.253022110309735249e-03
5.000000000000000000e+01,-1.257789760000000145e-01,2.824763084095017075e-03
5.050000000000000000e+01,-1.868371440000000105e-01,2.098719730301310937e-03
5.100000000000000000e+01,-2.273924660000000153e-01,1.287095673703394757e-03
5.150000000000000000e+01,-2.436651899999999760e-01,1.142154836184654330e-03
5.200000000000000000e+01,-2.346104519999999971e-01,1.992157801187948926e-03
5.250000000000000000e+01,-2.019638319999999820e-01,2.997459891849095504e-03
5.300000000000000000e+01,-1.499792879999999884e-01,3.823011492312570776e-03
5.350000000000000000e+01,-8.489349599999999885e-02,4.328823842752901191e-03
5.400000000000000000e+01,-1.417976599999999990e-02,4.442032652588901592e-03
5.450000000000000000e+01,5.432207199999999903e-02,4.144141837316140525e-03
5.500000000000000000e+01,1.132990219999999992e-01,3.473150170787896347e-03
5.550000000000000000e+01,1.567779119999999915e-01,2.535793596816193415e-03
5.600000000000000000e+01,1.807641179999999737e-01,1.583420342430902740e-03
5.650000000000000000e+01,1.836342639999999915e-01,1.334608654484903487e-03
5.700000000000000000e+01,1.662423339999999916e-01,2.086713074427339748e-03
5.750000000000000000e+01,1.317347680000000021e-01,2.982186330267443553e-03
5.800000000000000000e+01,8.510543000000000968e-02,3.634769869200799811e-03
5.850000000000000000e+01,3.255133999999999805e-02,3.904384653062503274e-03
5.900000000000000000e+01,-1.928929200000000302e-02,3.740942713535453518e-03
5.950000000000000000e+01,-6.412506999999999235e-02,3.165785939159500555e-03
6.000000000000000000e+01,-9.673462400000000516e-02,2.288731235939686637e-03
6.050000000000000000e+01,-1.135446519999999959e-01,1.442062052941550480e-03
6.100000000000000000e+01,-1.130006199999999961e-01,1.553283140293487252e-03
6.150000000000000000e+01,-9.569241200000000447e-02,2.580207305751613424e-03
6.200000000000000000e+01,-6.422510200000000613e-02,3.677770774259048279e-03
6.250000000000000000e+01,-2.285458599999999965e-02,4.528531171691987586e-03
6.300000000000000000e+01,2.306458800000000045e-02,4.989958302688910462e-03
6.350000000000000000e+01,6.774914199999998443e-02,4.994447336105766432e-03
6.400000000000000000e+01,1.056907199999999880e-01,4.536814645632990771e-03
6.450000000000000000e+01,1.323058980000000051e-01,3.673669161100926936e-03
6.500000000000000000e+01,1.444539819999999808e-01,2.532098099006828765e-03
6.550000000000000000e+01,1.407631439999999790e-01,1.400029127299145734e-03
6.600000000000000000e+01,1.217323899999999959e-01,1.253685851411747787e-03
6.650000000000000000e+01,8.960681400000000685e-02,2.212300301314447729e-03
6.700000000000000000e+01,4.805205399999999683e-02,3.161246793473423619e-03
6.750000000000000000e+01,1.676970000000000283e-03,3.775652118032062857e-03
6.800000000000000000e+01,-4.453147200000000250e-02,3.948894908643935803e-03
6.850000000000000000e+01,-8.579098599999998576e-02,3.662613318889396986e-03
6.900000000000000000e+01,-1.180566759999999993e-01,2.982883611748200683e-03
6.950000000000000000e+01,-1.384453760000000089e-01,2.109276065847235856e-03
7.000000000000000000e+01,-1.455083179999999976e-01,1.605317014441075274e-03
7.050000000000000000e+01,-1.393276360000000047e-01,2.167904233047667981e-03
7.100000000000000000e+01,-1.214327439999999952e-01,3.231230837619931181e-03
7.150000000000000000e+01,-9.455348599999999215e-02,4.211537936104340317e-03
7.200000000000000000e+01,-6.224530999999999814e-02,4.869687604841812199e-03
7.250000000000000000e+01,-2.843603000000000103e-02,5.092579660383331208e-03
7.300000000000000000e+01,3.048483999999999743e-03,4.844194570663527301e-03
7.350000000000000000e+01,2.892200800000000599e-02,4.158925515609049328e-03
7.400000000000000000e+01,4.678828200000000048e-02,3.149072149867956742e-03
7.450000000000000000e+01,5.536692599999999687e-02,2.063526302150277443e-03
7.500000000000000000e+01,5.457510000000000139e-02,1.564644917343867769e-03
7.550000000000000000e+01,4.546412000000000370e-02,2.218071855646249445e-03
7.600000000000000000e+01,3.002727999999999994e-02,3.203884561362971457e-03
7.650000000000000000e+01,1.090904000000000006e-02,3.985643578436235193e-03
7.700000000000000000e+01,-8.945244000000001500e-03,4.376792816737616783e-03
7.750000000000000000e+01,-2.665607999999999866e-02,4.311003226915980681e-03
7.800000000000000000e+01,-3.975067999999999657e-02,3.801798374121121132e-03
7.850000000000000000e+01,-4.644070600000000520e-02,2.944511270050770291e-03
7.900000000000000000e+01,-4.580783600000000455e-02,1.972744257258401447e-03
7.950000000000000000e+01,-3.787929799999999875e-02,1.526207895387781408e-03
8.000000000000000000e+01,-2.358834000000000278e-02,2.182981457372004056e-03
8.050000000000000000e+01,-4.628169999999999160e-03,3.197055280449495086e-03
8.100000000000000000e+01,1.677935199999999738e-02,4.050449725814900606e-03
8.150000000000000000e+01,3.816895799999999589e-02,4.553287910338417975e-03
8.200000000000000000e+01,5.713402399999999159e-02,4.629497013368298435e-03
8.250000000000000000e+01,7.160763600000000229e-02,4.276667224906095972e-03
8.300000000000000000e+01,8.008940999999999977e-02,3.561667091464332767e-03
8.350000000000000000e+01,8.179349399999999437e-02,2.637719701462988998e-03
8.400000000000000000e+01,7.670443200000000294e-02,1.839548985975640420e-03
8.450000000000000000e+01,6.553965800000000064e-02,1.797093460155592924e-03
8.500000000000000000e+01,4.962869800000000581e-02,2.502507491016560913e-03
8.550000000000000000e+01,3.072820799999999991e-02,3.305083371794726842e-03
8.600000000000000000e+01,1.079836999999999811e-02,3.879421800401446161e-03
8.650000000000000000e+01,-8.230787999999999299e-03,4.102134089153351704e-03
8.700000000000000000e+01,-2.467487599999999837e-02,3.944686008265549902e-03
8.750000000000000000e+01,-3.726772600000000102e-02,3.455036333835868109e-03
8.800000000000000000e+01,-4.527258399999999766e-02,2.773172160255472484e-03
8.850000000000000000e+01,-4.852203200000000660e-02,2.193174329727119298e-03
8.900000000000000000e+01,-4.738610199999999939e-02,2.157336547023667832e-03
8.950000000000000000e+01,-4.267750399999999805e-02,2.710820485608739054e-03
9.000000000000000000e+01,-3.551055800000000456e-02,3.425413144765752319e-03
9.050000000000000000e+01,-2.713537799999999819e-02,3.984319714833889185e-03
9.100000000000000000e+01,-1.877053999999999875e-02,4.232001449582691380e-03
9.150000000000000000e+01,-1.145555000000000011e-02,4.105247663268318976e-03
9.200000000000000000e+01,-5.939672000000000007e-03,3.607899666098546461e-03
9.250000000000000000e+01,-2.617579999999999994e-03,2.806740051969543962e-03
9.300000000000000000e+01,-1.515173999999999774e-03,1.860284945395731344e-03
9.350000000000000000e+01,-2.322785999999999861e-03,1.230290684027965766e-03
9.400000000000000000e+01,-4.467455999999999858e-03,1.677828939306984322e-03
9.450000000000000000e+01,-7.212400000000000755e-03,2.623987233322601191e-03
9.500000000000000000e+01,-9.769237999999997799e-03,3.492545815883307640e-03
9.550000000000000000e+01,-1.140818199999999935e-02,4.097561264045237496e-03
9.600000000000000000e+01,-1.155236800000000036e-02,4.361432975059228827e-03
9.650000000000000000e+01,-9.845214000000001436e-03,4.265097536666189598e-03
9.700000000000000000e+01,-6.183806000000000025e-03,3.842444852221824341e-03
9.750000000000000000e+01,-7.162200000000000510e-04,3.185829153749459609e-03
9.800000000000000000e+01,6.193930000000000269e-03,2.468985328739318249e-03
9.850000000000000000e+01,1.402813999999999971e-02,1.993936323980783579e-03
9.900000000000000000e+01,2.218797200000000372e-02,2.059918323168178408e-03
9.950000000000000000e+01,3.007256000000000512e-02,2.509572802964679401e-03
1.000000000000000000e+02,3.714775599999999706e-02,2.967332790258955973e-03
1.005000000000000000e+02,4.299885999999999986e-02,3.213077820003741938e-03
1.010000000000000000e+02,4.736221600000000559e-02,3.156443227279084104e-03
1.015000000000000000e+02,5.013464600000000493e-02,2.788774606442047561e-03
1.020000000000000000e+02,5.136247200000000623e-02,2.176678660175635979e-03
1.025000000000000000e+02,5.121377600000000252e-02,1.517867807632140202e-03
1.030000000000000000e+02,4.993900399999999518e-02,1.334202913685170102e-03
1.035000000000000000e+02,4.782555200000000034e-02,1.933392504209634037e-03
1.040000000000000000e+02,4.515248800000000451e-02,2.781909403121172238e-03
1.045000000000000000e+02,4.215158800000000372e-02,3.532026394351264493e-03
1.050000000000000000e+02,3.898015399999999603e-02,4.034277455108411202e-03
1.055000000000000000e+02,3.570969999999999700e-02,4.216017480408494958e-03
1.060000000000000000e+02,3.233222599999999863e-02,4.058852177439577734e-03
1.065000000000000000e+02,2.878284399999999493e-02,3.598525901312369778e-03
1.070000000000000000e+02,2.497437000000000268e-02,2.934253231502012386e-03
1.075000000000000000e+02,2.083712799999999990e-02,2.258567433554729831e-03
1.080000000000000000e+02,1.635592999999999769e-02,1.898556038712052689e-03
1.085000000000000000e+02,1.159678199999999992e-02,2.084716005774886992e-03
1.090000000000000000e+02,6.717966000000000562e-03,2.556632474374445629e-03
1.095000000000000000e+02,1.963274000000000095e-03,2.961114709695657644e-03
1.100000000000000000e+02,-2.361397999999999796e-03,3.112573201570366290e-03
1.105000000000000000e+02,-5.924218000000000192e-03,2.938730213301997234e-03
1.110000000000000000e+02,-8.410549999999999277e-03,2.442426582677563462e-03
1.115000000000000000e+02,-9.566750000000000601e-03,1.703395899895264552e-03
1.120000000000000000e+02,-9.238609999999999531e-03,1.002352155178009088e-03
1.125000000000000000e+02,-7.399124000000001714e-03,1.212520398399960725e-03
1.130000000000000000e+02,-4.161652000000000060e-03,2.137505106088403734e-03
1.135000000000000000e+02,2.241900000000001422e-04,3.077663633821928549e-03
1.140000000000000000e+02,5.394610000000000204e-03,3.813609466045258297e-03
1.145000000000000000e+02,1.091028599999999994e-02,4.241201975846705524e-03
1.150000000000000000e+02,1.630773199999999840e-02,4.310438746571397355e-03
1.155000000000000000e+02,2.115733799999999776e-02,4.020861289180962736e-03
1.160000000000000000e+02,2.512020400000000014e-02,3.423091786384934235e-03
1.165000000000000000e+02,2.799529399999999696e-02,2.624688154481595072e-03
1.170000000000000000e+02,2.974903599999999607e-02,1.821304565729192594e-03
1.175000000000000000e+02,3.052179199999999898e-02,1.392444522885561515e-03
1.180000000000000000e+02,3.060908799999999610e-02,1.629917137260051239e-03
1.185000000000000000e+02,3.041954399999999975e-02,2.116885530558041285e-03
1.190000000000000000e+02,3.041528999999999414e-02,2.463286494462224932e-03
1.195000000000000000e+02,3.104338800000000509e-02,2.526349117983103104e-03
1.200000000000000000e+02,3.266790800000000244e-02,2.278162254259779706e-03
1.205000000000000000e+02,3.551207199999999869e-02,1.774237890203566150e-03
1.210000000000000000e+02,3.961801799999999790e-02,1.215198532332886772e-03
1.215000000000000000e+02,4.482937399999999822e-02,1.169259656503208750e-03
1.220000000000000000e+02,5.079899200000000115e-02,1.842776826713967428e-03
1.225000000000000000e+02,5.702117600000000674e-02,2.685517339434992379e-03
1.230000000000000000e+02,6.288523199999999924e-02,3.411482590823819959e-03
1.235000000000000000e+02,6.774450199999999811e-02,3.891397513970271289e-03
1.240000000000000000e+02,7.099316799999999539e-02,4.059486410289360817e-03
1.245000000000000000e+02,7.214181199999999961e-02,3.899518264705782722e-03
1.250000000000000000e+02,7.088243599999999311e-02,3.443553325189839271e-03
1.255000000000000000e+02,6.713443999999998968e-02,2.773583771339888267e-03
1.260000000000000000e+02,6.106517799999999774e-02,2.034128715856987034e-03
1.265000000000000000e+02,5.308161999999999603e-02,1.481190852756660058e-03
1.270000000000000000e+02,4.379330799999999607e-02,1.437861444059892720e-03
1.275000000000000000e+02,3.395072400000000157e-02,1.782550422155289175e-03
1.280000000000000000e+02,2.436618399999999907e-02,2.124001899727492957e-03
1.285000000000000000e+02,1.582689799999999897e-02,2.267202738121141745e-03
1.290000000000000000e+02,9.010388000000001119e-03,2.157029726015383207e-03
1.295000000000000000e+02,4.412311999999999831e-03,1.822623408451125998e-03
1.300000000000000000e+02,2.294770000000000230e-03,1.396001894651293165e-03
1.305000000000000000e+02,2.660886000000000327e-03,1.213530027962225408e-03
1.310000000000000000e+02,5.258383999999999628e-03,1.589679972354813078e-03
1.315000000000000000e+02,9.611661999999999983e-03,2.265837490830707821e-03
1.320000000000000000e+02,1.507893599999999765e-02,2.942879086156276365e-03
1.325000000000000000e+02,2.092818399999999898e-02,3.471414874869611575e-03
1.330000000000000000e+02,2.642340400000000103e-02,3.772341377557974704e-03
1.335000000000000000e+02,3.091139399999999829e-02,3.809871950586528593e-03
1.340000000000000000e+02,3.389895799999999987e-02,3.584744276898144556e-03
1.345000000000000000e+02,3.511132200000000037e-02,3.130188693926293491e-03
1.350000000000000000e+02,3.452463599999999744e-02,2.507181782620877646e-03
1.355000000000000000e+02,3.236830799999999841e-02,1.801528841099691572e-03
1.360000000000000000e+02,2.909658199999999931e-02,1.138739960304371336e-03
1.365000000000000000e+02,2.533234999999999654e-02,7.759270838487339859e-04
1.370000000000000000e+02,2.178969199999999939e-02,9.599910272101500313e-04
1.375000000000000000e+02,1.918422600000000214e-02,1.345304864919472489e-03
1.380000000000000000e+02,1.814202200000000070e-02,1.686527197682859613e-03
1.385000000000000000e+02,1.911806599999999953e-02,1.945246646763849592e-03
1.390000000000000000e+02,2.233433799999999872e-02,2.146488091810434037e-03
1.395000000000000000e+02,2.774516000000000135e-02,2.333396928979293832e-03
1.400000000000000000e+02,3.503423200000000542e-02,2.540889076479726366e-03
1.405000000000000000e+02,4.364409799999999923e-02,2.778415058570982924e-03
1.410000000000000000e+02,5.283465199999999584e-02,3.028315781992359495e-03
1.415000000000000000e+02,6.176399999999999946e-02,3.256637739092268884e-03
1.420000000000000000e+02,6.958214399999999855e-02,3.425720923907257711e-03
1.425000000000000000e+02,7.552640600000000426e-02,3.502260331786600893e-03
1.430000000000000000e+02,7.900730400000000042e-02,3.460857477898504966e-03
1.435000000000000000e+02,7.967480200000000290e-02,3.285143465969790014e-03
1.440000000000000000e+02,7.745729199999999703e-02,2.968310299384819932e-03
1.445000000000000000e+02,7.256897999999999127e-02,2.514370781298970979e-03
1.450000000000000000e+02,6.548510800000000021e-02,1.941877863150512059e-03
1.455000000000000000e+02,5.688808199999999260e-02,1.297636114168374639e-03
1.460000000000000000e+02,4.759094000000000518e-02,7.410209353857697117e-04
1.465000000000000000e+02,3.844699000000000033e-02,8.188763957765542818e-04
1.470000000000000000e+02,3.025601800000000258e-02,1.427622819309777927e-03
1.475000000000000000e+02,2.367784799999999787e-02,2.067049764164859051e-03
1.480000000000000000e+02,1.916324999999999973e-02,2.587889620281360031e-03
1.485000000000000000e+02,1.691011199999999798e-02,2.922832669612477220e-03
1.490000000000000000e+02,1.684977600000000034e-02,3.039389770218028225e-03
1.495000000000000000e+02,1.866484600000000230e-02,2.943288264425691046e-03
1.500000000000000000e+02,2.183582200000000126e-02,2.692580709251627888e-03
1.505000000000000000e+02,2.571043600000000318e-02,2.417269750684850754e-03
1.510000000000000000e+02,2.958703400000000164e-02,2.312889201448266319e-03
1.515000000000000000e+02,3.280165399999999953e-02,2.512567332766626593e-03
1.520000000000000000e+02,3.480849600000000127e-02,2.934062647873423180e-03
1.525000000000000000e+02,3.524449999999999805e-02,3.378879660001226411e-03
1.530000000000000000e+02,3.397095799999999555e-02,3.677569615041161553e-03
1.535000000000000000e+02,3.108800400000000241e-02,3.721357903618785056e-03
1.540000000000000000e+02,2.692085199999999512e-02,3.457678257630977803e-03
1.545000000000000000e+02,2.197993599999999853e-02,2.887588498059583553e-03
1.550000000000000000e+02,1.689959799999999832e-02,2.072350818875510949e-03
1.555000000000000000e+02,1.236233399999999913e-02,1.196702711184360543e-03
1.560000000000000000e+02,9.017087999999999492e-03,9.935271054953658237e-04
1.565000000000000000e+02,7.400792000000000655e-03,1.804808199813487347e-03
1.570000000000000000e+02,7.872218000000000271e-03,2.722379215277327680e-03
1.575000000000000000e+02,1.056606400000000001e-02,3.433753075275798074e-03
1.580000000000000000e+02,1.537307400000000046e-02,3.821195229505553771e-03
1.585000000000000000e+02,2.194888400000000184e-02,3.834936102255942589e-03
1.590000000000000000e+02,2.975091599999999878e-02,3.487229903362552407e-03
1.595000000000000000e+02,3.809880600000000589e-02,2.868481111038732011e-03
1.600000000000000000e+02,4.625088800000000389e-02,2.201773419771888875e-03
1.605000000000000000e+02,5.348706399999999389e-02,1.939760074082874609e-03
1.610000000000000000e+02,5.918785199999999913e-02,2.387704270007909736e-03
1.615000000000000000e+02,6.290014400000000505e-02,3.160706281014734591e-03
1.620000000000000000e+02,6.438222999999999863e-02,3.846832856305301522e-03
1.625000000000000000e+02,6.362353000000001146e-02,4.233938615372216316e-03
1.630000000000000000e+02,6.083775799999999873e-02,4.220038918605371198e-03
1.635000000000000000e+02,5.643113999999999075e-02,3.778627021717014152e-03
1.640000000000000000e+02,5.095010199999999712e-02,2.955450474278667646e-03
1.645000000000000000e+02,4.501489000000000185e-02,1.901391934786197339e-03
1.650000000000000000e+02,3.924678599999999878e-02,1.167092773684251647e-03
1.655000000000000000e+02,3.419725800000000121e-02,1.824795873645597638e-03
1.660000000000000000e+02,3.028699799999999900e-02,3.019060147541615270e-03
1.665000000000000000e+02,2.776171800000000120e-02,4.077483361843920080e-03
1.670000000000000000e+02,2.666987600000000208e-02,4.786093236923617822e-03
1.675000000000000000e+02,2.686486599999999766e-02,5.037633016274209972e-03
1.680000000000000000e+02,2.803144599999999806e-02,4.792812554636994779e-03
1.685000000000000000e+02,2.973281199999999735e-02,4.080262956222796555e-03
1.690000000000000000e+02,3.147221999999999520e-02,3.008485156022878190e-03
1.695000000000000000e+02,3.276076800000000261e-02,1.844303155274100046e-03
1.700000000000000000e+02,3.318241800000000519e-02,1.457775704789320568e-03
1.705000000000000000e+02,3.244781600000000432e-02,2.405400499352654525e-03
1.710000000000000000e+02,3.043047199999999661e-02,3.579971438996965016e-03
1.715000000000000000e+02,2.718142200000000022e-02,4.491333253061276926e-03
1.720000000000000000e+02,2.292160399999999820e-02,4.964247641798905444e-03
1.725000000000000000e+02,1.801392999999999744e-02,4.924873845018773455e-03
1.730000000000000000e+02,1.291928599999999858e-02,4.374671154524188699e-03
1.735000000000000000e+02,8.142211999999999367e-03,3.391768201271130705e-03
1.740000000000000000e+02,4.172656000000001149e-03,2.167406133602099196e-03
1.745000000000000000e+02,1.430272000000000010e-03,1.321500086622774250e-03
1.750000000000000000e+02,2.170980000000001227e-04,2.007898476274136597e-03
1.755000000000000000e+02,6.835440000000001220e-04,3.265510496829859919e-03
1.760000000000000000e+02,2.811303999999999713e-03,4.341234220272617225e-03
1.765000000000000000e+02,6.415218000000000309e-03,5.008732684533484698e-03
1.770000000000000000e+02,1.116425000000000056e-02,5.169749708271184283e-03
1.775000000000000000e+02,1.661948799999999823e-02,4.807104717054123087e-03
1.780000000000000000e+02,2.228483599999999537e-02,3.984438547368498486e-03
1.785000000000000000e+02,2.766413200000000100e-02,2.870665634020096949e-03
1.790000000000000000e+02,3.231730200000000608e-02,1.885603365181553201e-03
1.795000000000000000e+02,3.590825399999999362e-02,1.954599952549370551e-03
1.800000000000000000e+02,3.823831600000000136e-02,2.965987504971320625e-03
1.805000000000000000e+02,3.926140799999999764e-02,4.015646953881030039e-03
1.810000000000000000e+02,3.907969399999999816e-02,4.732220973193875836e-03
1.815000000000000000e+02,3.792143399999999692e-02,4.968178825439558029e-03
1.820000000000000000e+02,3.610469800000000451e-02,4.678825232093414971e-03
1.825000000000000000e+02,3.399236600000000302e-02,3.905987312338073027e-03
1.830000000000000000e+02,3.194415800000000027e-02,2.798264304602764846e-03
1.835000000000000000e+02,3.027133599999999938e-02,1.771805479135900221e-03
1.840000000000000000e+02,2.919904799999999828e-02,1.902646081265246944e-03
1.845000000000000000e+02,2.884014600000000053e-02,3.084246023324987464e-03
1.850000000000000000e+02,2.918321600000000141e-02,4.325291633875801012e-03
1.855000000000000000e+02,3.009609800000000515e-02,5.255982638397314367e-03
1.860000000000000000e+02,3.134462799999999938e-02,5.721733078352572374e-03
1.865000000000000000e+02,3.262475799999999676e-02,5.664883651714658699e-03
1.870000000000000000e+02,3.360421599999999925e-02,5.112276587486831551e-03
1.875000000000000000e+02,3.396860200000000052e-02,4.186228246509499616e-03
1.880000000000000000e+02,3.346565599999999641e-02,3.154771813159551203e-03
1.885000000000000000e+02,3.194162799999999969e-02,2.560119874487129868e-03
1.890000000000000000e+02,2.936454999999999968e-02,2.926544633905315933e-03
1.895000000000000000e+02,2.583122799999999428e-02,3.850170514555687103e-03
1.900000000000000000e+02,2.155730200000000041e-02,4.725249003438231413e-03
1.905000000000000000e+02,1.685216200000000039e-02,5.250986827174869420e-03
1.910000000000000000e+02,1.208269200000000078e-02,5.299918107936574425e-03
1.915000000000000000e+02,7.631007999999999888e-03,4.847814869210043988e-03
1.920000000000000000e+02,3.851694000000000558e-03,3.957320172169039724e-03
1.925000000000000000e+02,1.033482000000000281e-03,2.794592939204920690e-03
1.930000000000000000e+02,-6.306199999999999219e-04,1.778035537991296770e-03
1.935000000000000000e+02,-1.062019999999999891e-03,1.872946277969552657e-03
1.940000000000000000e+02,-3.025320000000003215e-04,2.910936069372531410e-03
1.945000000000000000e+02,1.492858000000000336e-03,3.965397328513751637e-03
1.950000000000000000e+02,4.075611999999999291e-03,4.694142764400544704e-03
1.955000000000000000e+02,7.133725999999999956e-03,4.972959660876608533e-03
1.960000000000000000e+02,1.032908999999999911e-02,4.780833673908767290e-03
1.965000000000000000e+02,1.333769599999999958e-02,4.190194533651868738e-03
1.970000000000000000e+02,1.588784799999999955e-02,3.391640247221688886e-03
1.975000000000000000e+02,1.779127000000000139e-02,2.762825234371511784e-03
1.980000000000000000e+02,1.896303599999999909e-02,2.794251166811244705e-03
1.985000000000000000e+02,1.942761999999999961e-02,3.459768610735405175e-03
1.990000000000000000e+02,1.931040199999999735e-02,4.265203355964870824e-03
1.995000000000000000e+02,1.881616200000000086e-02,4.854645550441761929e-03
2.000000000000000000e+02,1.819766600000000123e-02,5.053158166199232630e-03
2.005000000000000000e+02,1.771892000000000258e-02,4.799003485932261913e-03
2.010000000000000000e+02,1.761792400000000008e-02,4.120472982661819994e-03
2.015000000000000000e+02,1.807362000000000204e-02,3.145490617078677571e-03
2.020000000000000000e+02,1.918082600000000151e-02,2.190829693026365502e-03
2.025000000000000000e+02,2.093597999999999987e-02,1.978210100593463024e-03
2.030000000000000000e+02,2.323503400000000163e-02,2.772264353106680158e-03
2.035000000000000000e+02,2.588386200000000054e-02,3.820971624997233050e-03
2.040000000000000000e+02,2.861997999999999973e-02,4.672136835067013279e-03
2.045000000000000000e+02,3.114322800000000196e-02,5.144052124426229389e-03
2.050000000000000000e+02,3.315178199999999770e-02,5.173162360128861006e-03
2.055000000000000000e+02,3.437917199999999951e-02,4.785592599704241099e-03
2.060000000000000000e+02,3.462763799999999531e-02,4.103666072752995206e-03
2.065000000000000000e+02,3.379361400000000654e-02,3.377467096835437121e-03
2.070000000000000000e+02,3.188197400000000042e-02,3.004343783295446765e-03
2.075000000000000000e+02,2.900730200000000217e-02,3.262177558807000458e-03
2.080000000000000000e+02,2.538200999999999999e-02,3.916559872876960828e-03
2.085000000000000000e+02,2.129283800000000143e-02,4.560194372486111453e-03
2.090000000000000000e+02,1.706878799999999793e-02,4.933370366035171213e-03
2.095000000000000000e+02,1.304443199999999990e-02,4.912649368416598279e-03
2.100000000000000000e+02,9.523175999999999516e-03,4.470051899354860608e-03
2.105000000000000000e+02,6.744912000000000477e-03,3.658271211363913616e-03
2.110000000000000000e+02,4.861762000000000375e-03,2.624534885771953163e-03
2.115000000000000000e+02,3.924689999999999776e-03,1.730960157375090961e-03
2.120000000000000000e+02,3.882305999999999865e-03,1.758803101554008231e-03
2.125000000000000000e+02,4.591781999999999982e-03,2.622289314395724602e-03
2.130000000000000000e+02,5.840371999999999057e-03,3.536709978268503824e-03
2.135000000000000000e+02,7.374594000000000808e-03,4.176444711274889324e-03
2.140000000000000000e+02,8.933402000000001744e-03,4.422475707405750661e-03
2.145000000000000000e+02,1.028103200000000071e-02,4.254572413196654711e-03
2.150000000000000000e+02,1.123541000000000123e-02,3.742781381263137527e-03
2.155000000000000000e+02,1.168883400000000038e-02,3.075397568956898635e-03
2.160000000000000000e+02,1.161864800000000052e-02,2.618266312672185188e-03
2.165000000000000000e+02,1.108715000000000048e-02,2.777111724214565997e-03
2.170000000000000000e+02,1.023119600000000143e-02,3.455067815040104452e-03
2.175000000000000000e+02,9.243129999999998708e-03,4.225032838930367109e-03
2.180000000000000000e+02,8.345424000000000592e-03,4.786853050514084870e-03
2.185000000000000000e+02,7.762006000000000114e-03,4.984242522918200767e-03
2.190000000000000000e+02,7.689484000000000770e-03,4.755447712553046401e-03
2.195000000000000000e+02,8.271436000000000066e-03,4.114956115200500524e-03
2.200000000000000000e+02,9.578705999999999332e-03,3.155558349358477625e-03
2.205000000000000000e+02,1.159810200000000076e-02,2.100183834678288116e-03
2.210000000000000000e+02,1.423096000000000083e-02,1.562844640669699015e-03
2.215000000000000000e+02,1.730201400000000098e-02,2.174579983703979653e-03
2.220000000000000000e+02,2.057772400000000210e-02,3.191923742932465270e-03
2.225000000000000000e+02,2.379179399999999805e-02,4.055264649561850752e-03
2.230000000000000000e+02,2.667476799999999801e-02,4.566139698417471735e-03
2.235000000000000000e+02,2.898390600000000372e-02,4.650127993433728936e-03
2.240000000000000000e+02,3.052945400000000101e-02,4.315950304881416809e-03
2.245000000000000000e+02,3.119419799999999937e-02,3.660906440528629863e-03
2.250000000000000000e+02,3.094417000000000348e-02,2.909132731267172287e-03
2.255000000000000000e+02,2.982973800000000147e-02,2.480999973602176535e-03
2.260000000000000000e+02,2.797759600000000041e-02,2.755254263344129005e-03
2.265000000000000000e+02,2.557510399999999781e-02,3.485080282875273761e-03
2.270000000000000000e+02,2.284903999999999755e-02,4.211068130730017192e-03
2.275000000000000000e+02,2.004109800000000025e-02,4.662438406517988194e-03
2.280000000000000000e+02,1.738259200000000226e-02,4.709619893149976678e-03
2.285000000000000000e+02,1.507082799999999966e-02,4.312143903112928243e-03
2.290000000000000000e+02,1.324958400000000001e-02,3.499425496650271274e-03
2.295000000000000000e+02,1.199587400000000012e-02,2.364128159509547127e-03
2.300000000000000000e+02,1.131459400000000073e-02,1.099440101668117207e-03
2.305000000000000000e+02,1.114185799999999928e-02,8.408916437294402732e-04
2.310000000000000000e+02,1.135665400000000075e-02,2.005321430268973242e-03
2.315000000000000000e+02,1.179934399999999980e-02,3.077859037539893566e-03
2.320000000000000000e+02,1.229454400000000100e-02,3.812361948845622954e-03
2.325000000000000000e+02,1.267523600000000118e-02,4.119767685550485177e-03
2.330000000000000000e+02,1.280488200000000007e-02,3.984118527161811633e-03
2.335000000000000000e+02,1.259462199999999976e-02,3.473036997035015838e-03
2.340000000000000000e+02,1.201347999999999826e-02,2.779981682200441916e-03
2.345000000000000000e+02,1.109069400000000163e-02,2.324771961480523452e-03
2.350000000000000000e+02,9.910503999999998800e-03,2.600521623062573059e-03
2.355000000000000000e+02,8.600598000000000964e-03,3.432759119761245262e-03
2.360000000000000000e+02,7.316209999999999207e-03,4.323532520459398391e-03
2.365000000000000000e+02,6.221759999999999791e-03,4.970058661691026045e-03
2.370000000000000000e+02,5.472196000000000352e-03,5.218154662779361797e-03
2.375000000000000000e+02,5.195627999999999011e-03,5.005427921463258788e-03
2.380000000000000000e+02,5.478883999999999838e-03,4.344590091538671345e-03
2.385000000000000000e+02,6.357326000000000817e-03,3.321140504967533269e-03
2.390000000000000000e+02,7.810014000000001406e-03,2.120628131402580059e-03
2.395000000000000000e+02,9.760887999999998815e-03,1.276125825228060931e-03
2.400000000000000000e+02,1.208609400000000209e-02,1.780046497214609518e-03
2.405000000000000000e+02,1.462667800000000060e-02,2.826844405209455631e-03
2.410000000000000000e+02,1.720519599999999899e-02,3.695997078897113146e-03
2.415000000000000000e+02,1.964425200000000094e-02,4.190313722036095173e-03
2.420000000000000000e+02,2.178453200000000228e-02,4.250886180753843911e-03
2.425000000000000000e+02,2.350007399999999927e-02,3.909961597273813733e-03
2.430000000000000000e+02,2.470899199999999907e-02,3.305604627027254952e-03
2.435000000000000000e+02,2.537846799999999778e-02,2.735611909517502750e-03
2.440000000000000000e+02,2.552389200000000288e-02,2.651541954019208131e-03
2.445000000000000000e+02,2.520283799999999824e-02,3.195598747647144730e-03
2.450000000000000000e+02,2.450523599999999969e-02,3.987532743243119189e-03
2.455000000000000000e+02,2.354128600000000154e-02,4.656745691345619970e-03
2.460000000000000000e+02,2.242863999999999969e-02,4.995938415506140026e-03
2.465000000000000000e+02,2.127998800000000315e-02,4.910021729108130298e-03
2.470000000000000000e+02,2.019202400000000286e-02,4.387823577269943549e-03
2.475000000000000000e+02,1.923656799999999903e-02,3.494049052410969601e-03
2.480000000000000000e+02,1.845468000000000108e-02,2.383480204031490808e-03
2.485000000000000000e+02,1.785434400000000116e-02,1.440595424824749624e-03
2.490000000000000000e+02,1.741221400000000225e-02,1.566737419539726214e-03
2.495000000000000000e+02,1.707927199999999951e-02,2.474670970770457071e-03
2.500000000000000000e+02,1.678984399999999821e-02,3.318724380373579315e-03
2.505000000000000000e+02,1.647265399999999977e-02,3.831143728805537149e-03
2.510000000000000000e+02,1.606239999999999751e-02,3.928925300993898855e-03
2.515000000000000000e+02,1.551002400000000073e-02,3.626062167828345614e-03
2.520000000000000000e+02,1.479017599999999863e-02,3.041569397708360645e-03
2.525000000000000000e+02,1.390481599999999693e-02,2.463067038423031024e-03
2.530000000000000000e+02,1.288261800000000193e-02,2.385369658181724865e-03
2.535000000000000000e+02,1.177468800000000017e-02,2.995959517522558523e-03
2.540000000000000000e+02,1.064766599999999834e-02,3.884137128709026256e-03
2.545000000000000000e+02,9.575738000000002040e-03,4.669854993275915703e-03
2.550000000000000000e+02,8.632825999999999694e-03,5.146661278134203460e-03
2.555000000000000000e+02,7.885915999999999759e-03,5.214267142149123929e-03
2.560000000000000000e+02,7.389876000000000951e-03,4.850206688579983098e-03
2.565000000000000000e+02,7.183671999999999454e-03,4.103222045086519706e-03
2.570000000000000000e+02,7.287854000000000727e-03,3.100512637167602246e-03
2.575000000000000000e+02,7.703190000000000384e-03,2.104065169119055580e-03
2.580000000000000000e+02,8.410589999999999039e-03,1.689931027784861853e-03
2.585000000000000000e+02,9.372596000000000399e-03,2.206391902198247355e-03
2.590000000000000000e+02,1.053656400000000173e-02,2.989578359939073018e-03
2.595000000000000000e+02,1.183953199999999983e-02,3.579885260080830668e-03
2.600000000000000000e+02,1.321421799999999980e-02,3.820460024396799600e-03
2.605000000000000000e+02,1.459538000000000155e-02,3.684675143478730302e-03
2.610000000000000000e+02,1.592532799999999901e-02,3.245300239317465592e-03
2.615000000000000000e+02,1.715776399999999896e-02,2.698710732786305591e-03
2.620000000000000000e+02,1.825914800000000282e-02,2.406566111052010643e-03
2.625000000000000000e+02,1.920782799999999971e-02,2.683716302721656823e-03
2.630000000000000000e+02,1.999151200000000295e-02,3.358412393843853219e-03
2.635000000000000000e+02,2.060440599999999872e-02,4.059616125317268981e-03
2.640000000000000000e+02,2.104497599999999996e-02,4.542382867249963006e-03
2.645000000000000000e+02,2.131513199999999705e-02,4.678744816638753454e-03
2.650000000000000000e+02,2.142059199999999525e-02,4.422410781928109817e-03
2.655000000000000000e+02,2.137174800000000291e-02,3.797711629168806953e-03
2.660000000000000000e+02,2.118405599999999972e-02,2.907102874362378023e-03
2.665000000000000000e+02,2.087723199999999904e-02,1.992680537801781986e-03
2.670000000000000000e+02,2.047309800000000207e-02,1.639226656199197114e-03
2.675000000000000000e+02,1.999264199999999797e-02,2.226707350999228459e-03
2.680000000000000000e+02,1.945322199999999918e-02,3.105487661587789418e-03
2.685000000000000000e+02,1.886687999999999907e-02,3.821759090365324692e-03
2.690000000000000000e+02,1.824044200000000254e-02,4.200354916129587883e-03
2.695000000000000000e+02,1.757727800000000173e-02,4.177821350398314496e-03
2.700000000000000000e+02,1.688011600000000056e-02,3.767963819823114385e-03
2.705000000000000000e+02,1.615362799999999974e-02,3.066545146780657021e-03
2.710000000000000000e+02,1.540583600000000088e-02,2.299923233170186009e-03
2.715000000000000000e+02,1.464772399999999739e-02,1.945130514311572056e-03
2.720000000000000000e+02,1.389142600000000186e-02,2.385081259684037995e-03
2.725000000000000000e+02,1.314791999999999871e-02,3.215405083319984765e-03
2.730000000000000000e+02,1.242557000000000036e-02,3.984773878047536202e-03
2.735000000000000000e+02,1.173027199999999992e-02,4.476107799037462066e-03
2.740000000000000000e+02,1.106745999999999945e-02,4.589597697473058423e-03
2.745000000000000000e+02,1.044513400000000002e-02,4.297653857580435721e-03
2.750000000000000000e+02,9.876648000000000024e-03,3.635718966619119405e-03
2.755000000000000000e+02,9.382065999999999670e-03,2.710382774001856426e-03
2.760000000000000000e+02,8.987235999999999142e-03,1.765098040417585395e-03
2.765000000000000000e+02,8.720745999999999706e-03,1.438463610789650696e-03
2.770000000000000000e+02,8.609518000000000032e-03,2.093163135473200247e-03
2.775000000000000000e+02,8.674339999999999135e-03,2.965957896675203240e-03
2.780000000000000000e+02,8.926444000000000392e-03,3.632597124859292172e-03
2.785000000000000000e+02,9.365927999999999060e-03,3.942333565111404842e-03
2.790000000000000000e+02,9.981936000000000281e-03,3.846681869634659655e-03
2.795000000000000000e+02,1.075406200000000000e-02,3.374284963440995783e-03
2.800000000000000000e+02,1.165409599999999921e-02,2.646988704725805781e-03
2.805000000000000000e+02,1.264742599999999981e-02,1.966634302432966348e-03
2.810000000000000000e+02,1.369387000000000035e-02,1.921727352581525852e-03
2.815000000000000000e+02,1.474848200000000199e-02,2.632953898869860431e-03
2.820000000000000000e+02,1.576308199999999771e-02,3.538530384671579546e-03
2.825000000000000000e+02,1.668915400000000118e-02,4.277428001526851348e-03
2.830000000000000000e+02,1.748223200000000033e-02,4.679707572450868790e-03
2.835000000000000000e+02,1.810708800000000035e-02,4.667991046085457306e-03
2.840000000000000000e+02,1.854249200000000070e-02,4.235281336235409769e-03
2.845000000000000000e+02,1.878425200000000128e-02,3.447805930319164120e-03
2.850000000000000000e+02,1.884548000000000126e-02,2.478991785770981535e-03
2.855000000000000000e+02,1.875387599999999919e-02,1.767786573123576732e-03
2.860000000000000000e+02,1.854661200000000051e-02,2.025358115611655772e-03
2.865000000000000000e+02,1.826387399999999939e-02,2.939691951508864674e-03
2.870000000000000000e+02,1.794257399999999933e-02,3.843167931306931510e-03
2.875000000000000000e+02,1.761133799999999722e-02,4.452933520277839972e-03
2.880000000000000000e+02,1.728759200000000093e-02,4.652336961355443140e-03
2.885000000000000000e+02,1.697680800000000295e-02,4.414165440283587642e-03
2.890000000000000000e+02,1.667362199999999905e-02,3.791508306840959183e-03
2.895000000000000000e+02,1.636407399999999929e-02,2.938056618468405049e-03
2.900000000000000000e+02,1.602843200000000218e-02,2.196922611120837553e-03
2.905000000000000000e+02,1.564423200000000097e-02,2.155375987778930438e-03
2.910000000000000000e+02,1.518949800000000093e-02,2.854829006505293400e-03
2.915000000000000000e+02,1.464622800000000072e-02,3.708023590118325694e-03
2.920000000000000000e+02,1.400401799999999829e-02,4.347665260067062193e-03
2.925000000000000000e+02,1.326348199999999831e-02,4.607537180855299577e-03
2.930000000000000000e+02,1.243881999999999974e-02,4.422538034264939140e-03
2.935000000000000000e+02,1.155868599999999857e-02,3.800673065215685788e-03
2.940000000000000000e+02,1.066496399999999900e-02,2.817297330245070296e-03
2.945000000000000000e+02,9.809214000000000128e-03,1.640356281679684501e-03
2.950000000000000000e+02,9.047212000000000656e-03,9.013394691535482834e-04
2.955000000000000000e+02,8.432440000000001115e-03,1.716035854733227858e-03
2.960000000000000000e+02,8.009432000000000357e-03,2.828844976058956812e-03
2.965000000000000000e+02,7.808135999999998508e-03,3.698149113754879615e-03
2.970000000000000000e+02,7.840098000000000206e-03,4.180799264106565410e-03
2.975000000000000000e+02,8.097006000000000342e-03,4.225274432426372705e-03
2.980000000000000000e+02,8.551694000000002044e-03,3.852272867481741289e-03
2.985000000000000000e+02,9.161301999999999640e-03,3.164979521958080112e-03
2.990000000000000000e+02,9.872098000000001025e-03,2.395710871815294549e-03
2.995000000000000000e+02,1.062519999999999958e-02,2.012745135356188309e-03
3.000000000000000000e+02,1.136264799999999950e-02,2.400406124659741625e-03
3.005000000000000000e+02,1.203325600000000085e-02,3.178152042082946129e-03
3.010000000000000000e+02,1.259773000000000143e-02,3.883918586820531930e-03
3.015000000000000000e+02,1.303270599999999980e-02,4.292180838162110504e-03
3.020000000000000000e+02,1.333303199999999987e-02,4.305267312559581290e-03
3.025000000000000000e+02,1.351205400000000077e-02,3.904416668160046785e-03
3.030000000000000000e+02,1.359953799999999956e-02,3.136399743915625066e-03
3.035000000000000000e+02,1.363744599999999751e-02,2.118494546560363220e-03
3.040000000000000000e+02,1.367381799999999904e-02,1.144617280532667742e-03
3.045000000000000000e+02,1.375551600000000062e-02,1.204723565888042146e-03
3.050000000000000000e+02,1.392063999999999802e-02,2.153071945047354500e-03
3.055000000000000000e+02,1.419175799999999876e-02,3.056061457226277346e-03
3.060000000000000000e+02,1.457087400000000102e-02,3.675404016424044587e-03
3.065000000000000000e+02,1.503720600000000261e-02,3.934695985906153798e-03
3.070000000000000000e+02,1.554814800000000122e-02,3.834015988400934528e-03
3.075000000000000000e+02,1.604366000000000472e-02,3.447574616811070660e-03
3.080000000000000000e+02,1.645342200000000227e-02,2.939322836196119147e-03
3.085000000000000000e+02,1.670585599999999810e-02,2.578838030008088859e-03
3.090000000000000000e+02,1.673776800000000356e-02,2.628094183847679358e-03
3.095000000000000000e+02,1.650323999999999888e-02,3.043663199475263401e-03
3.100000000000000000e+02,1.598070600000000077e-02,3.541914833864021842e-03
3.105000000000000000e+02,1.517721200000000069e-02,3.887111105457882829e-03
3.110000000000000000e+02,1.412942199999999912e-02,3.950208928752249778e-03
3.115000000000000000e+02,1.290121800000000075e-02,3.682291694538062342e-03
3.120000000000000000e+02,1.157809799999999847e-02,3.094366039445559970e-03
3.125000000000000000e+02,1.025901400000000033e-02,2.244675499157060532e-03
3.130000000000000000e+02,9.046389999999999640e-03,1.232802060928679709e-03
3.135000000000000000e+02,8.035346000000000502e-03,3.505587076311182529e-04
3.140000000000000000e+02,7.303089999999999929e-03,1.033714910267816449e-03
3.145000000000000000e+02,6.899739999999999693e-03,1.915776281456162090e-03
3.150000000000000000e+02,6.841663999999999905e-03,2.586087067707891311e-03
3.155000000000000000e+02,7.108523999999999746e-03,2.980907801814070956e-03
3.160000000000000000e+02,7.644717999999999999e-03,3.089220088736637556e-03
3.165000000000000000e+02,8.365446000000000340e-03,2.950047578539369535e-03
3.170000000000000000e+02,9.166874000000000203e-03,2.658497896660067059e-03
3.175000000000000000e+02,9.939113999999998894e-03,2.370165706005805499e-03
3.180000000000000000e+02,1.058023800000000049e-02,2.265823499898877644e-03
3.185000000000000000e+02,1.100933200000000015e-02,2.418853375094075480e-03
3.190000000000000000e+02,1.117678400000000037e-02,2.717363970865146940e-03
3.195000000000000000e+02,1.107049000000000054e-02,2.990855739755764187e-03
3.200000000000000000e+02,1.071726599999999960e-02,3.118211331206722278e-03
3.205000000000000000e+02,1.017948999999999937e-02,3.040939718417647302e-03
3.210000000000000000e+02,9.547593999999999526e-03,2.751686566285484799e-03
3.215000000000000000e+02,8.929389999999998856e-03,2.284609303484951958e-03
3.220000000000000000e+02,8.437448000000000170e-03,1.712597970463003742e-03
3.225000000000000000e+02,8.175721999999999851e-03,1.166939657409070841e-03
3.230000000000000000e+02,8.226587999999999956e-03,9.075115134222816373e-04
3.235000000000000000e+02,8.639542000000000055e-03,1.110323324241186934e-03
3.240000000000000000e+02,9.422740000000000629e-03,1.484609464152104787e-03
3.245000000000000000e+02,1.053875999999999945e-02,1.807328066912590025e-03
3.250000000000000000e+02,1.190556199999999974e-02,2.020703354095795649e-03
3.255000000000000000e+02,1.340329399999999963e-02,2.140047820259163500e-03
3.260000000000000000e+02,1.488649599999999906e-02,2.220275602869157226e-03
3.265000000000000000e+02,1.620052200000000192e-02,2.327085245699864972e-03
3.270000000000000000e+02,1.719996000000000025e-02,2.497606428715300978e-03
3.275000000000000000e+02,1.776655799999999827e-02,2.715171931125910047e-03
3.280000000000000000e+02,1.782410400000000034e-02,2.922369237749740650e-03
3.285000000000000000e+02,1.734833399999999998e-02,3.053383658112095427e-03
3.290000000000000000e+02,1.637064400000000017e-02,3.058053387329266130e-03
3.295000000000000000e+02,1.497533200000000266e-02,2.912727781297798964e-03
3.300000000000000000e+02,1.329088800000000070e-02,2.623051217264733056e-03
3.305000000000000000e+02,1.147661400000000130e-02,2.222781458995912954e-03
3.310000000000000000e+02,9.705903999999999573e-03,1.771543416618966311e-03
3.315000000000000000e+02,8.148071999999999260e-03,1.354331049630776336e-03
3.320000000000000000e+02,6.950294000000000090e-03,1.076284234937964750e-03
3.325000000000000000e+02,6.221340000000000550e-03,1.003111992855234549e-03
3.330000000000000000e+02,6.018803999999999994e-03,1.066477335472254713e-03
3.335000000000000000e+02,6.341336000000000368e-03,1.148179937512409324e-03
3.340000000000000000e+02,7.127220000000000950e-03,1.198245744357141589e-03
3.345000000000000000e+02,8.260109999999999328e-03,1.237054049433572705e-03
3.350000000000000000e+02,9.581754000000001353e-03,1.319938453620470931e-03
3.355000000000000000e+02,1.091054600000000013e-02,1.484974553494436064e-03
3.360000000000000000e+02,1.206358000000000083e-02,1.715598020554348624e-03
3.365000000000000000e+02,1.287927600000000027e-02,1.956187737829884286e-03
3.370000000000000000e+02,1.323751599999999952e-02,2.146806306285222680e-03
3.375000000000000000e+02,1.307457799999999816e-02,2.243053746093481762e-03
3.380000000000000000e+02,1.239114800000000113e-02,2.224108885449181238e-03
3.385000000000000000e+02,1.125258200000000056e-02,2.096882379723288403e-03
3.390000000000000000e+02,9.781634000000000856e-03,1.898955976284336924e-03
3.395000000000000000e+02,8.144768000000000147e-03,1.698301842654597075e-03
3.400000000000000000e+02,6.533601999999999466e-03,1.577184269200653660e-03
3.405000000000000000e+02,5.143592000000000650e-03,1.581283436997934101e-03
3.410000000000000000e+02,4.152090000000000641e-03,1.673618743970681048e-03
3.415000000000000000e+02,3.698023999999999843e-03,1.768261922941847652e-03
3.420000000000000000e+02,3.865332000000000403e-03,1.792314684946256327e-03
3.425000000000000000e+02,4.671980000000000056e-03,1.712177244846455667e-03
3.430000000000000000e+02,6.065968000000000575e-03,1.540641453971039942e-03
3.435000000000000000e+02,7.929043999999999676e-03,1.347638659628759778e-03
3.440000000000000000e+02,1.008817600000000078e-02,1.266390403981331510e-03
3.445000000000000000e+02,1.233362600000000031e-02,1.409357134698653894e-03
3.450000000000000000e+02,1.444184199999999987e-02,1.729090522926431074e-03
3.455000000000000000e+02,1.620033599999999921e-02,2.092432749644776348e-03
3.460000000000000000e+02,1.743158799999999786e-02,2.393127231639387460e-03
3.465000000000000000e+02,1.801292600000000202e-02,2.564930620881586149e-03
3.470000000000000000e+02,1.789013799999999987e-02,2.573127829050472944e-03
3.475000000000000000e+02,1.708319999999999977e-02,2.410346603391304646e-03
3.480000000000000000e+02,1.568378599999999817e-02,2.095508234979285428e-03
3.485000000000000000e+02,1.384489799999999958e-02,1.675584574515413903e-03
3.490000000000000000e+02,1.176401400000000146e-02,1.236357563302784837e-03
3.495000000000000000e+02,9.661595999999999726e-03,9.345153756391594464e-04
3.500000000000000000e+02,7.757240000000000316e-03,9.473467011659458944e-04
3.505000000000000000e+02,6.245969999999999127e-03,1.179135164720313119e-03
3.510000000000000000e+02,5.277134000000000165e-03,1.408185901532890607e-03
3.515000000000000000e+02,4.938165999999999910e-03,1.523027657892659552e-03
3.520000000000000000e+02,5.245002000000000345e-03,1.489018209349368509e-03
3.525000000000000000e+02,6.140267999999999941e-03,1.319381625479906480e-03
3.530000000000000000e+02,7.499666000000000318e-03,1.077717211009455956e-03
3.535000000000000000e+02,9.145900000000000210e-03,9.041035942412794070e-04
3.540000000000000000e+02,1.086884800000000040e-02,9.717603786397140987e-04
3.545000000000000000e+02,1.244961999999999978e-02,1.247472477700409949e-03
3.550000000000000000e+02,1.368585600000000145e-02,1.559294321302427937e-03
3.555000000000000000e+02,1.441515000000000157e-02,1.791660473136582037e-03
3.560000000000000000e+02,1.453391199999999953e-02,1.885800324624534261e-03
3.565000000000000000e+02,1.400938800000000109e-02,1.819570519329767296e-03
3.570000000000000000e+02,1.288353399999999857e-02,1.601958366764254932e-03
3.575000000000000000e+02,1.126842999999999942e-02,1.277399019574541449e-03
3.580000000000000000e+02,9.333888000000000254e-03,9.509231889558692917e-04
3.585000000000000000e+02,7.288698000000000572e-03,8.368567061952721532e-04
3.590000000000000000e+02,5.357581999999999622e-03,1.057800268540332782e-03
3.595000000000000000e+02,3.756358000000000006e-03,1.412064474457168633e-03
3.600000000000000000e+02,2.667916000000000211e-03,1.720184553123879417e-03
3.605000000000000000e+02,2.221756000000000078e-03,1.897911218847183170e-03
3.610000000000000000e+02,2.479368000000000023e-03,1.909150939769823242e-03
3.615000000000000000e+02,3.427247999999999926e-03,1.752380501019684504e-03
3.620000000000000000e+02,4.978327999999999746e-03,1.463490615072061225e-03
3.625000000000000000e+02,6.981716000000000658e-03,1.137459774865027780e-03
3.630000000000000000e+02,9.239560000000000828e-03,9.779446663743301873e-04
3.635000000000000000e+02,1.152902599999999778e-02,1.171729352779898436e-03
3.640000000000000000e+02,1.362683799999999876e-02,1.580459228282716719e-03
3.645000000000000000e+02,1.533354200000000035e-02,2.002231423505783977e-03
3.650000000000000000e+02,1.649466999999999947e-02,2.329366452930925219e-03
3.655000000000000000e+02,1.701652199999999920e-02,2.506920041162860602e-03
3.660000000000000000e+02,1.687482800000000144e-02,2.510046039915204540e-03
3.665000000000000000e+02,1.611565000000000220e-02,2.337508813598356949e-03
3.670000000000000000e+02,1.484864800000000075e-02,2.009992111485514772e-03
3.675000000000000000e+02,1.323378600000000085e-02,1.571489237298811376e-03
3.680000000000000000e+02,1.146311200000000100e-02,1.100588492468461193e-03
3.685000000000000000e+02,9.739510000000001569e-03,7.609362739086630379e-04
3.690000000000000000e+02,8.254683999999999980e-03,7.973852680705857589e-04
3.695000000000000000e+02,7.168520000000000274e-03,1.090502141455944101e-03
3.700000000000000000e+02,6.592137999999999991e-03,1.375148425797738947e-03
3.705000000000000000e+02,6.576448000000000363e-03,1.549045123598405578e-03
3.710000000000000000e+02,7.107633999999999827e-03,1.590551365764714684e-03
3.715000000000000000e+02,8.110037999999999969e-03,1.524556878340063704e-03
3.720000000000000000e+02,9.455945999999999796e-03,1.418329250278650960e-03
3.725000000000000000e+02,1.098092399999999955e-02,1.370905132066402255e-03
3.730000000000000000e+02,1.250275399999999960e-02,1.456552168779408915e-03
3.735000000000000000e+02,1.384168799999999956e-02,1.653819232731920707e-03
3.740000000000000000e+02,1.483974799999999983e-02,1.873447570911446246e-03
3.745000000000000000e+02,1.537724199999999930e-02,2.028236154858205353e-03
3.750000000000000000e+02,1.538478799999999994e-02,2.058441296414352528e-03
3.755000000000000000e+02,1.485005400000000142e-02,1.932471589008749168e-03
3.760000000000000000e+02,1.381864600000000040e-02,1.645042121769530645e-03
3.765000000000000000e+02,1.238923200000000002e-02,1.218669427040819722e-03
3.770000000000000000e+02,1.070344399999999946e-02,7.236297319527439055e-04
3.775000000000000000e+02,8.931329999999999478e-03,4.671042142926993949e-04
3.780000000000000000e+02,7.253742000000000523e-03,8.600683240847786185e-04
3.785000000000000000e+02,5.843237999999999731e-03,1.394207018442382992e-03
3.790000000000000000e+02,4.845566000000000803e-03,1.846894821830956336e-03
3.795000000000000000e+02,4.363885999999999113e-03,2.147397454507665119e-03
3.800000000000000000e+02,4.447721999999999440e-03,2.264096478729207915e-03
3.805000000000000000e+02,5.088061999999999967e-03,2.197115433611534184e-03
3.810000000000000000e+02,6.219177999999999686e-03,1.982072928684512191e-03
3.815000000000000000e+02,7.726618000000000201e-03,1.698645091719868392e-03
3.820000000000000000e+02,9.460286000000001777e-03,1.480277891676424215e-03
3.825000000000000000e+02,1.125075600000000065e-02,1.471771376024822581e-03
3.830000000000000000e+02,1.292692400000000109e-02,1.681925223815256172e-03
3.835000000000000000e+02,1.433321400000000037e-02,1.975187538221624597e-03
3.840000000000000000e+02,1.534468600000000148e-02,2.220904958478862792e-03
3.845000000000000000e+02,1.587885400000000127e-02,2.341714181232628679e-03
3.850000000000000000e+02,1.590324599999999935e-02,2.302517249899770167e-03
3.855000000000000000e+02,1.543808799999999912e-02,2.100719046777554944e-03
3.860000000000000000e+02,1.455381599999999720e-02,1.763355691602235854e-03
3.865000000000000000e+02,1.336340799999999850e-02,1.351998827290171569e-03
3.870000000000000000e+02,1.201020600000000070e-02,9.868797223501961195e-04
3.875000000000000000e+02,1.065219199999999956e-02,8.709616305521157955e-04
3.880000000000000000e+02,9.444523999999999281e-03,1.059456457536599172e-03
3.885000000000000000e+02,8.522313999999999584e-03,1.336190968853628955e-03
3.890000000000000000e+02,7.985884000000000385e-03,1.549846514047762162e-03
3.895000000000000000e+02,7.890219999999999873e-03,1.657234580281258859e-03
3.900000000000000000e+02,8.239986000000001226e-03,1.681955834160338411e-03
3.905000000000000000e+02,8.990305999999999992e-03,1.696839949725960318e-03
3.910000000000000000e+02,1.005290600000000034e-02,1.789356876435217996e-03
3.915000000000000000e+02,1.130648999999999890e-02,1.995372918814926518e-03
3.920000000000000000e+02,1.261000399999999931e-02,2.268294240440600282e-03
3.925000000000000000e+02,1.381733400000000056e-02,2.520783288223324946e-03
3.930000000000000000e+02,1.479208400000000048e-02,2.671546616554912063e-03
3.935000000000000000e+02,1.542120399999999912e-02,2.664048292844181653e-03
3.940000000000000000e+02,1.562650199999999698e-02,2.470572890516286452e-03
3.945000000000000000e+02,1.537295399999999944e-02,2.092687253438984402e-03
3.950000000000000000e+02,1.467308800000000080e-02,1.562961893864978427e-03
3.955000000000000000e+02,1.358657999999999741e-02,9.628056878363355862e-04
3.960000000000000000e+02,1.221493400000000021e-02,5.808203355048790996e-04
3.965000000000000000e+02,1.069128599999999950e-02,9.205167920825778251e-04
3.970000000000000000e+02,9.166348000000001245e-03,1.488816130824757071e-03
3.975000000000000000e+02,7.791964000000000182e-03,1.968955544380319566e-03
3.980000000000000000e+02,6.704384000000000732e-03,2.272012237151463734e-03
3.985000000000000000e+02,6.009340000000000168e-03,2.364529974861811698e-03
3.990000000000000000e+02,5.770846000000000482e-03,2.252825423228794859e-03
3.995000000000000000e+02,6.004980000000000040e-03,1.987854319715104054e-03
4.000000000000000000e+02,6.679118000000000381e-03,1.678356990590500024e-03
4.005000000000000000e+02,7.716436000000000128e-03,1.497125301558289599e-03
4.010000000000000000e+02,9.004853999999997902e-03,1.581169910922288879e-03
4.015000000000000000e+02,1.040932999999999962e-02,1.858147074962043831e-03
4.020000000000000000e+02,1.178609799999999833e-02,2.150663723340773704e-03
4.025000000000000000e+02,1.299746199999999782e-02,2.333801621960187277e-03
4.030000000000000000e+02,1.392577600000000082e-02,2.349284581028020062e-03
4.035000000000000000e+02,1.448526800000000080e-02,2.190667024621496123e-03
4.040000000000000000e+02,1.463063599999999895e-02,1.899105291998313223e-03
4.045000000000000000e+02,1.436150999999999921e-02,1.571956497804566887e-03
4.050000000000000000e+02,1.372217000000000055e-02,1.372353523626474630e-03
4.055000000000000000e+02,1.279647600000000107e-02,1.438022356403404357e-03
4.060000000000000000e+02,1.169831400000000132e-02,1.695198225342983396e-03
4.065000000000000000e+02,1.055863400000000077e-02,1.958754165901376888e-03
4.070000000000000000e+02,9.510509999999999797e-03,2.096209297725300930e-03
4.075000000000000000e+02,8.674122000000001123e-03,2.040033381534233584e-03
4.080000000000000000e+02,8.143547999999998718e-03,1.774794724545348742e-03
4.085000000000000000e+02,7.976864000000000177e-03,1.343954825347935464e-03
4.090000000000000000e+02,8.190665999999999225e-03,9.201909122654927317e-04
4.095000000000000000e+02,8.759304000000000742e-03,9.677172504177032749e-04
4.100000000000000000e+02,9.618716000000001112e-03,1.536970763842305295e-03
4.105000000000000000e+02,1.067413799999999968e-02,2.203907030696621635e-03
4.110000000000000000e+02,1.181071399999999993e-02,2.769358466557913807e-03
4.115000000000000000e+02,1.290580199999999921e-02,3.138943679856967539e-03
4.120000000000000000e+02,1.384164199999999775e-02,3.263996659887078051e-03
4.125000000000000000e+02,1.451722199999999977e-02,3.133211665986515831e-03
4.130000000000000000e+02,1.485823999999999999e-02,2.772808419646045647e-03
4.135000000000000000e+02,1.482436399999999786e-02,2.251195822192285281e-03
4.140000000000000000e+02,1.441318200000000181e-02,1.698695383385143576e-03
4.145000000000000000e+02,1.366053199999999954e-02,1.354810023669001566e-03
4.150000000000000000e+02,1.263701399999999850e-02,1.453394743652253272e-03
4.155000000000000000e+02,1.144091399999999994e-02,1.831484123965042418e-03
4.160000000000000000e+02,1.018807400000000182e-02,2.194033623415101841e-03
4.165000000000000000e+02,8.999611999999998849e-03,2.384942900900144987e-03
4.170000000000000000e+02,7.988913999999999738e-03,2.339924242766419117e-03
4.175000000000000000e+02,7.249356000000000202e-03,2.050362740401317097e-03
4.180000000000000000e+02,6.844309999999999283e-03,1.557744203744632723e-03
4.185000000000000000e+02,6.800651999999999912e-03,9.856718842667676946e-04
4.190000000000000000e+02,7.106512000000000592e-03,7.484422139711255275e-04
4.195000000000000000e+02,7.713585999999999707e-03,1.210357506427749575e-03
4.200000000000000000e+02,8.543529999999998834e-03,1.837148077771630968e-03
4.205000000000000000e+02,9.497658000000000836e-03,2.352697138165896207e-03
4.210000000000000000e+02,1.046840400000000060e-02,2.662752415474633864e-03
4.215000000000000000e+02,1.135122000000000041e-02,2.733267746458440360e-03
4.220000000000000000e+02,1.205539599999999947e-02,2.576150704175902625e-03
4.225000000000000000e+02,1.251293000000000023e-02,2.252528814011043636e-03
4.230000000000000000e+02,1.268475799999999910e-02,1.886212531740259204e-03
4.235000000000000000e+02,1.256400000000000051e-02,1.672073761931572138e-03
4.240000000000000000e+02,1.217616799999999937e-02,1.764231960047770668e-03
4.245000000000000000e+02,1.157607599999999938e-02,2.075727171312742505e-03
4.250000000000000000e+02,1.084176799999999816e-02,2.398502685492346319e-03
4.255000000000000000e+02,1.006571399999999991e-02,2.582177247834857841e-03
4.260000000000000000e+02,9.344240000000000185e-03,2.548173893734491727e-03
4.265000000000000000e+02,8.766274000000000982e-03,2.274511252620219342e-03
4.270000000000000000e+02,8.402939999999999368e-03,1.797986465847282306e-03
4.275000000000000000e+02,8.299271999999999899e-03,1.261519970200234396e-03
4.280000000000000000e+02,8.469312000000001409e-03,1.086234518496811616e-03
4.285000000000000000e+02,8.895120000000001151e-03,1.585303785146556423e-03
4.290000000000000000e+02,9.529855999999999744e-03,2.328021643916997410e-03
4.295000000000000000e+02,1.030423400000000066e-02,3.010254272096628183e-03
4.300000000000000000e+02,1.113529199999999976e-02,3.500431090917802829e-03
4.305000000000000000e+02,1.193610800000000083e-02,3.733452829875315120e-03
4.310000000000000000e+02,1.262511799999999941e-02,3.690469515096148501e-03
4.315000000000000000e+02,1.313418000000000051e-02,3.396545625218362705e-03
4.320000000000000000e+02,1.341470999999999983e-02,2.922450992639568246e-03
4.325000000000000000e+02,1.344177199999999940e-02,2.392107294632496006e-03
4.330000000000000000e+02,1.321599200000000106e-02,1.991592368391182939e-03
4.335000000000000000e+02,1.276328399999999974e-02,1.903921412878167895e-03
4.340000000000000000e+02,1.213225800000000167e-02,2.103141909937130197e-03
4.345000000000000000e+02,1.138937000000000109e-02,2.372724574014017408e-03
4.350000000000000000e+02,1.061193199999999927e-02,2.531308028708477344e-03
4.355000000000000000e+02,9.879580000000000653e-03,2.490422911635692231e-03
4.360000000000000000e+02,9.265025999999999123e-03,2.238145139325419235e-03
4.365000000000000000e+02,8.825279999999999583e-03,1.843681207313238200e-03
4.370000000000000000e+02,8.594670000000002169e-03,1.508878701867714944e-03
4.375000000000000000e+02,8.580864000000000547e-03,1.570072416618418414e-03
4.380000000000000000e+02,8.764588000000000240e-03,2.072255034879635482e-03
4.385000000000000000e+02,9.103165999999999342e-03,2.718470963888707740e-03
4.390000000000000000e+02,9.537126000000001672e-03,3.283399851418648038e-03
4.395000000000000000e+02,9.998672000000000115e-03,3.645016263115158622e-03
4.400000000000000000e+02,1.042054199999999965e-02,3.744120026408608460e-03
4.405000000000000000e+02,1.074401799999999928e-02,3.572116767816247828e-03
4.410000000000000000e+02,1.092523400000000068e-02,3.169562729255567292e-03
4.415000000000000000e+02,1.093937799999999960e-02,2.630661128633636579e-03
4.420000000000000000e+02,1.078273800000000004e-02,2.117442259220779586e-03
4.425000000000000000e+02,1.047268200000000052e-02,1.855300152469674954e-03
4.430000000000000000e+02,1.004565600000000003e-02,1.962154913187538850e-03
4.435000000000000000e+02,9.553347999999999701e-03,2.267967704063265661e-03
4.440000000000000000e+02,9.057183999999999374e-03,2.538310464936470185e-03
4.445000000000000000e+02,8.621474000000000498e-03,2.642845892345219855e-03
4.450000000000000000e+02,8.305653999999999121e-03,2.549311825486635062e-03
4.455000000000000000e+02,8.156395999999999785e-03,2.316079707053710253e-03
4.460000000000000000e+02,8.200739999999999766e-03,2.110955752200883908e-03
4.465000000000000000e+02,8.441394000000001369e-03,2.177949106374159251e-03
4.470000000000000000e+02,8.855348000000000733e-03,2.607636050269285678e-03
4.475000000000000000e+02,9.396381999999999998e-03,3.233938831026956888e-03
4.480000000000000000e+02,1.000125600000000003e-02,3.845474644483564373e-03
4.485000000000000000e+02,1.059854000000000004e-02,4.292009308706121705e-03
4.490000000000000000e+02,1.111858599999999975e-02,4.484032984012940350e-03
4.495000000000000000e+02,1.150275599999999940e-02,4.384558845783232718e-03
4.500000000000000000e+02,1.171059200000000057e-02,4.005583509745364902e-03
4.505000000000000000e+02,1.172393600000000077e-02,3.406693252222160392e-03
4.510000000000000000e+02,1.154786799999999933e-02,2.698067837972944246e-03
4.515000000000000000e+02,1.120869200000000100e-02,2.056201947974469011e-03
4.520000000000000000e+02,1.074971399999999876e-02,1.726002115180048360e-03
4.525000000000000000e+02,1.022555200000000060e-02,1.816647578170846062e-03
4.530000000000000000e+02,9.695826000000001138e-03,2.097021782389491430e-03
4.535000000000000000e+02,9.218715999999998328e-03,2.310793281513082165e-03
4.540000000000000000e+02,8.844816000000001871e-03,2.347987908047227852e-03
4.545000000000000000e+02,8.611549999999999067e-03,2.214536630710813025e-03
4.550000000000000000e+02,8.538448000000000565e-03,2.021578194813151291e-03
4.555000000000000000e+02,8.623969999999999900e-03,1.978729057622594014e-03
4.560000000000000000e+02,8.844493999999999620e-03,2.251433163761695777e-03
4.565000000000000000e+02,9.156272000000000022e-03,2.768160960942119692e-03
4.570000000000000000e+02,9.500586000000000100e-03,3.334934917101981498e-03
4.575000000000000000e+02,9.811681999999998655e-03,3.793114809490216385e-03
4.580000000000000000e+02,1.002641000000000122e-02,4.045367859546273800e-03
4.585000000000000000e+02,1.009380400000000136e-02,4.049159343479334476e-03
4.590000000000000000e+02,9.982884000000000896e-03,3.812868041579199358e-03
4.595000000000000000e+02,9.687303999999999013e-03,3.394770161447752382e-03
4.600000000000000000e+02,9.226125999999999425e-03,2.903648761568106314e-03
4.605000000000000000e+02,8.640891999999998976e-03,2.493778781033714580e-03
4.610000000000000000e+02,7.989736000000000754e-03,2.314365197086665649e-03
4.615000000000000000e+02,7.339751999999999735e-03,2.383947554363140871e-03
4.620000000000000000e+02,6.758891999999999851e-03,2.561696863197127083e-03
4.625000000000000000e+02,6.308515999999998389e-03,2.690325120032149072e-03
4.630000000000000000e+02,6.037245999999999585e-03,2.689815193905707377e-03
4.635000000000000000e+02,5.976411999999999523e-03,2.571710646420782408e-03
4.640000000000000000e+02,6.137010000000000035e-03,2.439405022350737105e-03
4.645000000000000000e+02,6.508227999999999583e-03,2.459795258440018815e-03
4.650000000000000000e+02,7.057498000000000590e-03,2.740837564000099102e-03
4.655000000000000000e+02,7.732516000000000042e-03,3.219109790491153384e-03
4.660000000000000000e+02,8.465498000000000120e-03,3.734989264698628224e-03
4.665000000000000000e+02,9.179854000000001180e-03,4.143161879533070746e-03
4.670000000000000000e+02,9.798854000000000938e-03,4.347739670687056877e-03
4.675000000000000000e+02,1.025523000000000060e-02,4.305440631281541586e-03
4.680000000000000000e+02,1.050019999999999946e-02,4.024635988770910132e-03
4.685000000000000000e+02,1.051031199999999909e-02,3.564819363264287461e-03
4.690000000000000000e+02,1.029076399999999912e-02,3.036900373706058649e-03
4.695000000000000000e+02,9.874637999999999818e-03,2.597401144146586644e-03
4.700000000000000000e+02,9.318202000000001123e-03,2.396731408041793531e-03
4.705000000000000000e+02,8.693288000000000404e-03,2.452018243735963957e-03
4.710000000000000000e+02,8.078029999999999933e-03,2.616437672898018658e-03
4.715000000000000000e+02,7.547487999999999767e-03,2.723198701812631038e-03
4.720000000000000000e+02,7.165264000000000182e-03,2.680355742379357791e-03
4.725000000000000000e+02,6.976924000000000667e-03,2.483727495017518539e-03
4.730000000000000000e+02,7.005504000000000071e-03,2.222285354905170415e-03
4.735000000000000000e+02,7.249124000000000019e-03,2.081707699261834549e-03
4.740000000000000000e+02,7.680740000000000137e-03,2.243308637038158183e-03
4.745000000000000000e+02,8.250069999999999973e-03,2.677827000015123998e-03
4.750000000000000000e+02,8.887893999999998615e-03,3.194256995931291782e-03
4.755000000000000000e+02,9.512822000000000638e-03,3.618728092977420777e-03
4.760000000000000000e+02,1.004033200000000077e-02,3.842554822898952300e-03
4.765000000000000000e+02,1.039317600000000050e-02,3.817531164910902951e-03
4.770000000000000000e+02,1.051189200000000011e-02,3.552250209878803425e-03
4.775000000000000000e+02,1.036364399999999998e-02,3.114128794888868998e-03
4.780000000000000000e+02,9.947740000000000055e-03,2.637088159768269467e-03
4.785000000000000000e+02,9.296709999999999696e-03,2.318524117711523447e-03
4.790000000000000000e+02,8.472700000000001411e-03,2.319533607150368101e-03
4.795000000000000000e+02,7.559701999999999741e-03,2.582520912160054562e-03
4.800000000000000000e+02,6.653046000000000133e-03,2.897976189991215059e-03
4.805000000000000000e+02,5.847851999999998870e-03,3.095233337889729836e-03
4.810000000000000000e+02,5.228040000000000638e-03,3.089674835884837628e-03
4.815000000000000000e+02,4.857248000000000641e-03,2.873513384568445080e-03
4.820000000000000000e+02,4.772329999999999975e-03,2.518738961436853708e-03
4.825000000000000000e+02,4.979858000000000201e-03,2.200416341041849452e-03
4.830000000000000000e+02,5.455548000000000168e-03,2.174439685126722081e-03
4.835000000000000000e+02,6.146653999999999660e-03,2.541977731123150688e-03
4.840000000000000000e+02,6.977121999999999664e-03,3.118786795044508654e-03
4.845000000000000000e+02,7.855344000000000215e-03,3.676052540038838700e-03
4.850000000000000000e+02,8.683995999999999382e-03,4.062997274625715881e-03
4.855000000000000000e+02,9.371097999999999581e-03,4.199185598874381753e-03
4.860000000000000000e+02,9.841004000000000418e-03,4.061382201981980286e-03
4.865000000000000000e+02,1.004382400000000154e-02,3.679532999231831508e-03
4.870000000000000000e+02,9.961783999999999570e-03,3.138871936665463616e-03
4.875000000000000000e+02,9.611503999999998146e-03,2.589095917322492297e-03
4.880000000000000000e+02,9.041782000000001679e-03,2.241988197701763261e-03
4.885000000000000000e+02,8.327257999999998841e-03,2.252851303955500251e-03
4.890000000000000000e+02,7.559015999999999999e-03,2.525205781667308122e-03
4.895000000000000000e+02,6.833454000000000091e-03,2.826851047090384126e-03
4.900000000000000000e+02,6.240985999999999582e-03,2.992874719238344632e-03
4.905000000000000000e+02,5.855904000000000317e-03,2.954388772170310831e-03
4.910000000000000000e+02,5.728299999999999538e-03,2.723340098997919980e-03
4.915000000000000000e+02,5.878735999999999857e-03,2.396275331944557573e-03
4.920000000000000000e+02,6.295846000000000775e-03,2.169296024996588811e-03
4.925000000000000000e+02,6.937165999999999819e-03,2.263310683999437099e-03
4.930000000000000000e+02,7.733140000000001194e-03,2.687016978318149552e-03
4.935000000000000000e+02,8.594182000000000557e-03,3.238121079243949565e-03
4.940000000000000000e+02,9.420358000000000204e-03,3.719890803393830631e-03
4.945000000000000000e+02,1.011271799999999971e-02,4.007372423997299440e-03
4.950000000000000000e+02,1.058498999999999898e-02,4.037597035505153045e-03
4.955000000000000000e+02,1.077409399999999969e-02,3.801126563518504586e-03
4.960000000000000000e+02,1.064808000000000074e-02,3.341119070815943854e-03
4.965000000000000000e+02,1.021028800000000139e-02,2.760424396551008214e-03
4.970000000000000000e+02,9.499277999999999889e-03,2.240528028125066823e-03
4.975000000000000000e+02,8.584477999999999553e-03,2.026311968635135900e-03
4.980000000000000000e+02,7.558201999999998241e-03,2.209069544535436410e-03
4.985000000000000000e+02,6.525050000000000121e-03,2.576273620112972274e-03
4.990000000000000000e+02,5.590007999999999609e-03,2.880543887100836531e-03
4.995000000000000000e+02,4.846673999999999601e-03,2.982501063875082122e-03
5.000000000000000000e+02,4.366943999999999340e-03,2.831931440237563189e-03
5.005000000000000000e+02,4.193273999999999439e-03,2.453322127301263682e-03
5.010000000000000000e+02,4.334304000000000628e-03,1.967378263584814661e-03
5.015000000000000000e+02,4.764240000000000315e-03,1.664324219793126419e-03
5.020000000000000000e+02,5.426021999999999963e-03,1.896477538315178820e-03
5.025000000000000000e+02,6.237961999999999674e-03,2.548281458085821342e-03
5.030000000000000000e+02,7.103180000000000605e-03,3.277995066333992680e-03
5.035000000000000000e+02,7.920781999999999476e-03,3.875206299577352471e-03
5.040000000000000000e+02,8.597494000000000663e-03,4.227641974118195693e-03
5.045000000000000000e+02,9.058317999999999232e-03,4.283689099087840610e-03
5.050000000000000000e+02,9.254896000000000303e-03,4.044008084095035600e-03
5.055000000000000000e+02,9.170680000000000498e-03,3.563475573490015435e-03
5.060000000000000000e+02,8.822369999999999518e-03,2.960860072163153979e-03
5.065000000000000000e+02,8.257544000000000342e-03,2.437113458476236009e-03
5.070000000000000000e+02,7.548921999999999577e-03,2.242472114957954309e-03
5.075000000000000000e+02,6.785807999999999944e-03,2.441991092234776801e-03
5.080000000000000000e+02,6.063698000000000178e-03,2.804206714704534763e-03
5.085000000000000000e+02,5.473162000000000166e-03,3.077368755348308671e-03
5.090000000000000000e+02,5.089325999999999919e-03,3.121210475499208714e-03
5.095000000000000000e+02,4.963150000000000374e-03,2.890600421922753360e-03
5.100000000000000000e+02,5.115673999999999742e-03,2.425156470299596936e-03
5.105000000000000000e+02,5.535736000000001170e-03,1.883298168911656844e-03
5.110000000000000000e+02,6.181426000000000281e-03,1.637748142351564415e-03
5.115000000000000000e+02,6.984961999999999942e-03,2.022413680378967391e-03
5.120000000000000000e+02,7.860314000000000190e-03,2.760988254431010792e-03
5.125000000000000000e+02,8.712807999999998970e-03,3.488940024704351248e-03
5.130000000000000000e+02,9.449509999999999507e-03,4.012163120895011897e-03
5.135000000000000000e+02,9.989390000000000769e-03,4.232729536990285750e-03
5.140000000000000000e+02,1.027212600000000121e-02,4.119022931830557122e-03
5.145000000000000000e+02,1.026459600000000083e-02,3.705283038678152015e-03
5.150000000000000000e+02,9.964471999999998525e-03,3.106819529646676591e-03
5.155000000000000000e+02,9.400564000000000142e-03,2.556466494256476318e-03
5.160000000000000000e+02,8.629854000000001038e-03,2.395080781645161742e-03
5.165000000000000000e+02,7.731496000000000028e-03,2.748632975580042517e-03
5.170000000000000000e+02,6.798198000000000088e-03,3.328760013316369760e-03
5.175000000000000000e+02,5.925853999999999497e-03,3.818858990228102268e-03
5.180000000000000000e+02,5.202451999999999771e-03,4.035641116466378610e-03
5.185000000000000000e+02,4.697654000000000760e-03,3.895465481367534673e-03
5.190000000000000000e+02,4.454471999999999252e-03,3.389322282721724238e-03
5.195000000000000000e+02,4.484297999999999410e-03,2.580680499655856313e-03
5.200000000000000000e+02,4.765989999999999463e-03,1.653138119253802539e-03
5.205000000000000000e+02,5.249149999999999303e-03,1.216085465298389007e-03
5.210000000000000000e+02,5.861055999999999905e-03,1.902786124112744231e-03
5.215000000000000000e+02,6.516088000000000609e-03,2.913218658194746073e-03
5.220000000000000000e+02,7.126470000000001068e-03,3.776972677588493962e-03
5.225000000000000000e+02,7.612866000000000251e-03,4.330793573105971850e-03
5.230000000000000000e+02,7.913649999999999504e-03,4.505394274614597794e-03
5.235000000000000000e+02,7.991896000000001804e-03,4.298890560199921697e-03
5.240000000000000000e+02,7.839377999999999277e-03,3.781003068707297458e-03
5.245000000000000000e+02,7.477237999999999767e-03,3.113209791473102797e-03
5.250000000000000000e+02,6.953264000000000666e-03,2.587152357549898658e-03
5.255000000000000000e+02,6.336025999999999811e-03,2.549613478883808963e-03
5.260000000000000000e+02,5.706468000000000998e-03,2.994833316432485380e-03
5.265000000000000000e+02,5.147824000000000497e-03,3.564024338256683785e-03
5.270000000000000000e+02,4.735068000000000263e-03,3.963940943932439155e-03
5.275000000000000000e+02,4.525302000000000144e-03,4.043078298390225152e-03
5.280000000000000000e+02,4.550245999999999978e-03,3.748244794834776523e-03
5.285000000000000000e+02,4.812061999999999763e-03,3.104002204461845695e-03
5.290000000000000000e+02,5.283058000000000198e-03,2.221630562599011260e-03
5.295000000000000000e+02,5.909338000000000091e-03,1.414030760582668609e-03
5.300000000000000000e+02,6.617849999999999774e-03,1.478104355747590290e-03
5.305000000000000000e+02,7.325750000000000664e-03,2.356668399304407812e-03
5.310000000000000000e+02,7.950698000000000834e-03,3.290723211004535631e-03
5.315000000000000000e+02,8.420793999999998808e-03,3.991535854748894975e-03
5.320000000000000000e+02,8.682930000000000162e-03,4.345229581740186336e-03
5.325000000000000000e+02,8.708801999999998128e-03,4.318009523507792928e-03
5.330000000000000000e+02,8.497994000000000034e-03,3.949382910843920666e-03
5.335000000000000000e+02,8.077881999999999771e-03,3.368742525731819280e-03
5.340000000000000000e+02,7.500328000000000550e-03,2.833838691334424151e-03
5.345000000000000000e+02,6.835412000000000779e-03,2.710091595867933096e-03
5.350000000000000000e+02,6.162769999999999707e-03,3.127905592020001867e-03
5.355000000000000000e+02,5.561545999999998810e-03,3.793468417067156345e-03
5.360000000000000000e+02,5.100281999999999386e-03,4.376686039334326886e-03
5.365000000000000000e+02,4.828166000000000055e-03,4.678605987643755584e-03
5.370000000000000000e+02,4.768915999999999780e-03,4.602147637660703762e-03
5.375000000000000000e+02,4.918168000000000539e-03,4.124813823333605897e-03
5.380000000000000000e+02,5.244574000000000978e-03,3.286677662851348464e-03
5.385000000000000000e+02,5.694372000000000496e-03,2.190163198244368149e-03
5.390000000000000000e+02,6.198640000000000053e-03,1.080478593045693016e-03
5.395000000000000000e+02,6.682232000000000623e-03,1.059945694955170522e-03
5.400000000000000000e+02,7.073265999999999928e-03,2.109094015141572617e-03
5.405000000000000000e+02,7.312095999999999700e-03,3.102843872963317179e-03
5.410000000000000000e+02,7.358755999999999284e-03,3.808716756728700720e-03
5.415000000000000000e+02,7.198134000000000129e-03,4.146022318864913715e-03
5.420000000000000000e+02,6.842397999999999536e-03,4.099952369842117458e-03
5.425000000000000000e+02,6.330173999999999176e-03,3.720198816241680230e-03
5.430000000000000000e+02,5.722478000000000460e-03,3.135177784827201768e-03
5.435000000000000000e+02,5.095529999999999157e-03,2.584962816867971813e-03
5.440000000000000000e+02,4.531076000000000201e-03,2.408216306432210685e-03
5.445000000000000000e+02,4.105420000000000250e-03,2.732250883998392586e-03
5.450000000000000000e+02,3.878752000000000501e-03,3.277319946058669230e-03
5.455000000000000000e+02,3.886574000000000279e-03,3.730166445616871131e-03
5.460000000000000000e+02,4.134670000000000012e-03,3.910102667161055069e-03
5.465000000000000000e+02,4.598526000000000349e-03,3.736098510664032091e-03
5.470000000000000000e+02,5.227041999999999453e-03,3.196890184221847821e-03
5.475000000000000000e+02,5.949735999999999740e-03,2.336320151035811699e-03
5.480000000000000000e+02,6.685960000000000340e-03,1.249312365183343669e-03
5.485000000000000000e+02,7.354653999999999532e-03,3.573325709979430199e-04
5.490000000000000000e+02,7.883409999999998682e-03,1.345874347028726010e-03
5.495000000000000000e+02,8.216084000000000234e-03,2.460147656557630080e-03
5.500000000000000000e+02,8.318538000000000321e-03,3.363102187822130003e-03
5.505000000000000000e+02,8.182333999999999441e-03,3.960822165994832590e-03
5.510000000000000000e+02,7.826151999999999415e-03,4.205771814823528604e-03
5.515000000000000000e+02,7.294692000000000190e-03,4.099249638795373490e-03
5.520000000000000000e+02,6.654664000000000239e-03,3.701019879996052860e-03
5.525000000000000000e+02,5.987753999999999646e-03,3.147588079152988626e-03
5.530000000000000000e+02,5.380891999999999967e-03,2.681542678712012674e-03
5.535000000000000000e+02,4.914822000000000114e-03,2.604320462384381897e-03
5.540000000000000000e+02,4.652726000000000257e-03,2.978997826406726192e-03
5.545000000000000000e+02,4.630852000000000405e-03,3.540628288306186741e-03
5.550000000000000000e+02,4.853034000000000861e-03,4.013830446317582200e-03
5.555000000000000000e+02,5.290238000000000058e-03,4.232971556461725092e-03
5.560000000000000000e+02,5.885226000000000346e-03,4.118494577064050512e-03
5.565000000000000000e+02,6.561243999999999063e-03,3.654058277226295264e-03
5.570000000000000000e+02,7.232933999999999024e-03,2.874758132070591703e-03
5.575000000000000000e+02,7.817400000000000390e-03,1.862255721067866817e-03
5.580000000000000000e+02,8.243745999999999713e-03,7.894715224984369091e-04
5.585000000000000000e+02,8.460198000000000371e-03,7.956550274547380657e-04
5.590000000000000000e+02,8.438628000000000101e-03,1.819336962781771365e-03
5.595000000000000000e+02,8.176727999999999427e-03,2.734771350521648155e-03
5.600000000000000000e+02,7.698261999999999987e-03,3.385883483552557058e-03
5.605000000000000000e+02,7.051388000000000447e-03,3.709235393882949223e-03
5.610000000000000000e+02,6.304835999999999427e-03,3.688596930623621716e-03
5.615000000000000000e+02,5.541698000000000283e-03,3.356687498368592613e-03
5.620000000000000000e+02,4.850703999999999953e-03,2.804990536163357463e-03
5.625000000000000000e+02,4.315601999999999980e-03,2.211681136509962252e-03
5.630000000000000000e+02,4.003965999999999428e-03,1.881283942802361659e-03
5.635000000000000000e+02,3.957313999999999103e-03,2.055032861003930518e-03
5.640000000000000000e+02,4.184517999999999918e-03,2.532209161460403316e-03
5.645000000000000000e+02,4.660085999999999049e-03,2.982289229405156276e-03
5.650000000000000000e+02,5.327880000000000983e-03,3.215168184131274916e-03
5.655000000000000000e+02,6.109621999999999449e-03,3.146205223330798308e-03
5.660000000000000000e+02,6.916458000000000328e-03,2.758463423854664968e-03
5.665000000000000000e+02,7.661219999999998968e-03,2.090727691910163402e-03
5.670000000000000000e+02,8.269139999999999477e-03,1.254546308603233509e-03
5.675000000000000000e+02,8.685481999999999578e-03,7.092683609424574407e-04
5.680000000000000000e+02,8.879563999999999513e-03,1.341659334028575019e-03
5.685000000000000000e+02,8.845587999999999715e-03,2.279009447087484031e-03
5.690000000000000000e+02,8.601156000000000426e-03,3.099369474894207981e-03
5.695000000000000000e+02,8.184340000000001752e-03,3.684293327932779832e-03
5.700000000000000000e+02,7.649734000000000048e-03,3.977057015601611137e-03
5.705000000000000000e+02,7.063522000000000030e-03,3.965053827995781814e-03
5.710000000000000000e+02,6.497300000000000124e-03,3.682518412870463588e-03
5.715000000000000000e+02,6.020688000000000602e-03,3.219429313414723642e-03
5.720000000000000000e+02,5.693143999999999809e-03,2.737614313979600325e-03
5.725000000000000000e+02,5.556067999999999944e-03,2.467886723260206364e-03
5.730000000000000000e+02,5.626655999999998978e-03,2.571378720977522507e-03
5.735000000000000000e+02,5.894850000000000090e-03,2.942950036354678115e-03
5.740000000000000000e+02,6.324359999999999357e-03,3.340989080404184984e-03
5.745000000000000000e+02,6.857894000000000663e-03,3.581564738604622964e-03
5.750000000000000000e+02,7.425759999999999132e-03,3.564769879498534081e-03
5.755000000000000000e+02,7.956175999999998832e-03,3.255191312154479075e-03
5.760000000000000000e+02,8.385322000000000608e-03,2.668441717290073820e-03
5.765000000000000000e+02,8.665224000000000884e-03,1.866177865852019970e-03
5.770000000000000000e+02,8.768344000000000832e-03,9.857761113691080029e-04
5.775000000000000000e+02,8.688558000000000739e-03,6.730947495145092174e-04
5.780000000000000000e+02,8.439256000000000882e-03,1.427646648283811262e-03
5.785000000000000000e+02,8.049587999999999882e-03,2.249600725634217681e-03
5.790000000000000000e+02,7.560078000000000457e-03,2.890229646359264524e-03
5.795000000000000000e+02,7.018362000000000211e-03,3.272567968041916690e-03
5.800000000000000000e+02,6.475200000000000400e-03,3.368370229680816771e-03
5.805000000000000000e+02,5.980655999999999993e-03,3.191650044454435228e-03
5.810000000000000000e+02,5.580101999999999979e-03,2.804252211198914393e-03
5.815000000000000000e+02,5.309989999999999676e-03,2.330932156213474851e-03
5.820000000000000000e+02,5.193773999999999960e-03,1.980717743351131845e-03
5.825000000000000000e+02,5.238730000000000470e-03,1.975485758857805502e-03
5.830000000000000000e+02,5.434429999999999643e-03,2.291002052755519020e-03
5.835000000000000000e+02,5.753673999999999421e-03,2.686449934595096668e-03
5.840000000000000000e+02,6.156021999999999710e-03,2.963145857919248592e-03
5.845000000000000000e+02,6.593578000000000112e-03,3.014838473705348972e-03
5.850000000000000000e+02,7.017977999999999369e-03,2.802200451991969810e-03
5.855000000000000000e+02,7.387108000000000736e-03,2.338532841157891541e-03
5.860000000000000000e+02,7.670220000000000163e-03,1.692724861349297928e-03
5.865000000000000000e+02,7.850369999999998877e-03,1.055245872363403097e-03
5.870000000000000000e+02,7.924132000000000398e-03,9.965953212984694602e-04
5.875000000000000000e+02,7.899078000000000349e-03,1.637275930463158013e-03
5.880000000000000000e+02,7.790318000000000069e-03,2.383136185796774775e-03
5.885000000000000000e+02,7.617302000000001141e-03,3.001629584349807707e-03
5.890000000000000000e+02,7.401663999999999639e-03,3.402836364033098599e-03
5.895000000000000000e+02,7.166223999999998817e-03,3.547906086823043089e-03
5.900000000000000000e+02,6.934695999999999742e-03,3.437378266354460671e-03
5.905000000000000000e+02,6.731174000000001226e-03,3.112582367857275045e-03
5.910000000000000000e+02,6.578779999999999351e-03,2.662584038046498635e-03
5.915000000000000000e+02,6.497173999999999658e-03,2.236349269683963852e-03
5.920000000000000000e+02,6.499267999999999885e-03,2.028161250505984992e-03
5.925000000000000000e+02,6.588029999999999928e-03,2.135725971603098534e-03
5.930000000000000000e+02,6.754498000000000273e-03,2.429096514059084742e-03
5.935000000000000000e+02,6.977884000000001037e-03,2.705995125584301306e-03
5.940000000000000000e+02,7.228130000000001013e-03,2.830898667110852331e-03
5.945000000000000000e+02,7.470557999999999539e-03,2.739612141724444890e-03
5.950000000000000000e+02,7.671484000000000983e-03,2.421107722586089087e-03
5.955000000000000000e+02,7.803386000000000697e-03,1.909500845987243756e-03
5.960000000000000000e+02,7.848417999999999367e-03,1.296921141648172716e-03
5.965000000000000000e+02,7.799655999999999430e-03,8.463241610376015175e-04
5.970000000000000000e+02,7.660210000000000630e-03,1.059560593142270515e-03
5.975000000000000000e+02,7.441155999999999986e-03,1.660589859003721528e-03
5.980000000000000000e+02,7.159124000000000217e-03,2.240722430620535003e-03
5.985000000000000000e+02,6.834566000000000252e-03,2.663495428026112048e-03
5.990000000000000000e+02,6.490672000000000282e-03,2.874292879602563609e-03
5.995000000000000000e+02,6.152712000000000285e-03,2.860780034465075592e-03
6.000000000000000000e+02,5.846960000000000005e-03,2.649354036962594909e-03
6.005000000000000000e+02,5.598643999999999843e-03,2.309667547238346708e-03
6.010000000000000000e+02,5.428813999999999688e-03,1.963642436689021567e-03
6.015000000000000000e+02,5.350673999999999708e-03,1.776141746980234790e-03
6.020000000000000000e+02,5.366437999999999417e-03,1.847966957619643020e-03
6.025000000000000000e+02,5.465954000000000298e-03,2.092041400268168649e-03
6.030000000000000000e+02,5.627842000000000088e-03,2.339766201590235892e-03
6.035000000000000000e+02,5.823299999999999137e-03,2.470611699290279056e-03
6.040000000000000000e+02,6.021690000000000549e-03,2.426935083583819409e-03
6.045000000000000000e+02,6.196394000000000034e-03,2.201161861841604683e-03
6.050000000000000000e+02,6.329330000000001066e-03,1.831588234440262872e-03
6.055000000000000000e+02,6.412947999999999912e-03,1.417574238769878222e-03
6.060000000000000000e+02,6.449415999999999483e-03,1.166820608742406363e-03
6.065000000000000000e+02,6.447622000000001810e-03,1.305899702084352149e-03
6.070000000000000000e+02,6.419328000000000187e-03,1.723204612526904947e-03
6.075000000000000000e+02,6.375849999999999747e-03,2.179789751349886506e-03
6.080000000000000000e+02,6.326312000000000602e-03,2.545685516440316081e-03
6.085000000000000000e+02,6.277653999999998832e-03,2.763416034028535074e-03
6.090000000000000000e+02,6.235835999999999810e-03,2.817803468687268050e-03
6.095000000000000000e+02,6.207168000000000754e-03,2.727133642298081116e-03
6.100000000000000000e+02,6.198758000000000393e-03,2.539521256361915082e-03
6.105000000000000000e+02,6.217482000000000737e-03,2.326781129765753686e-03
6.110000000000000000e+02,6.267830000000000276e-03,2.167387202075346693e-03
6.115000000000000000e+02,6.349407999999999094e-03,2.111749368676121754e-03
6.120000000000000000e+02,6.455375999999998782e-03,2.151085047852827233e-03
6.125000000000000000e+02,6.572602000000001173e-03,2.231143663557772633e-03
6.130000000000000000e+02,6.683855999999999305e-03,2.296389742455752937e-03
6.135000000000000000e+02,6.771394000000000024e-03,2.317966397833669517e-03
6.140000000000000000e+02,6.820844000000001253e-03,2.297347010198067582e-03
6.145000000000000000e+02,6.824142000000000055e-03,2.257625130371293271e-03
6.150000000000000000e+02,6.780659999999999119e-03,2.229079763303681676e-03
6.155000000000000000e+02,6.696373999999999729e-03,2.232849376779812937e-03
6.160000000000000000e+02,6.581542000000000121e-03,2.270006591495716316e-03
6.165000000000000000e+02,6.447874000000001007e-03,2.322981061499641321e-03
6.170000000000000000e+02,6.306222000000000216e-03,2.366756807298544228e-03
6.175000000000000000e+02,6.165506000000000285e-03,2.380852056079083793e-03
6.180000000000000000e+02,6.032868000000000258e-03,2.356781000242491424e-03
6.185000000000000000e+02,5.914560000000000130e-03,2.300753130431424775e-03
6.190000000000000000e+02,5.816617999999999962e-03,2.232019305461760503e-03
6.195000000000000000e+02,5.744626000000000073e-03,2.176025230939659591e-03
6.200000000000000000e+02,5.702332000000000060e-03,2.152631211822870344e-03
6.205000000000000000e+02,5.689645999999999593e-03,2.165241296596293573e-03
6.210000000000000000e+02,5.700982000000000272e-03,2.200105159680782428e-03
6.215000000000000000e+02,5.724867999999999277e-03,2.237227840103461242e-03
6.220000000000000000e+02,5.745479999999999858e-03,2.263551854033832300e-03
6.225000000000000000e+02,5.745867999999999462e-03,2.279200967232595555e-03
6.230000000000000000e+02,5.712127999999999477e-03,2.294052671787201805e-03
6.235000000000000000e+02,5.637187999999999574e-03,2.317582996024953376e-03
6.240000000000000000e+02,5.523144000000000664e-03,2.349209042106725764e-03
6.245000000000000000e+02,5.381354000000000519e-03,2.376887822764465336e-03
6.250000000000000000e+02,5.230264000000000094e-03,2.385394942460471960e-03
6.255000000000000000e+02,5.091674000000000026e-03,2.368268962724884383e-03
6.260000000000000000e+02,4.986558000000000310e-03,2.336138236398693779e-03
6.265000000000000000e+02,4.931618000000000460e-03,2.316635396413082096e-03
6.270000000000000000e+02,4.937321999999999197e-03,2.342928721411301988e-03
6.275000000000000000e+02,5.007584000000000687e-03,2.433707357131501686e-03
6.280000000000000000e+02,5.140516000000000356e-03,2.578549566265112350e-03
6.285000000000000000e+02,5.329490000000000963e-03,2.741516099954548809e-03
6.290000000000000000e+02,5.563779999999999941e-03,2.877463251012947216e-03
6.295000000000000000e+02,5.828535999999999613e-03,2.947718655368249032e-03
6.300000000000000000e+02,6.104499999999999683e-03,2.930638625062803333e-03
6.305000000000000000e+02,6.368135999999999068e-03,2.829030228134015324e-03
6.310000000000000000e+02,6.592951999999999146e-03,2.675616657668657833e-03
6.315000000000000000e+02,6.752337999999999223e-03,2.532699893000353152e-03
6.320000000000000000e+02,6.823640000000000608e-03,2.473715803159287803e-03
6.325000000000000000e+02,6.792622000000000763e-03,2.538799199591019063e-03
6.330000000000000000e+02,6.657173999999999210e-03,2.698499632092989532e-03
6.335000000000000000e+02,6.429147999999999981e-03,2.872374259979712258e-03
6.340000000000000000e+02,6.133679999999999861e-03,2.976301970602109742e-03
6.345000000000000000e+02,5.805997999999999715e-03,2.953259747430625384e-03
6.350000000000000000e+02,5.486401999999999599e-03,2.785292692223566204e-03
6.355000000000000000e+02,5.214469999999999696e-03,2.499076412219121933e-03
6.360000000000000000e+02,5.023668000000000231e-03,2.172016458034791223e-03
6.365000000000000000e+02,4.937200000000000095e-03,1.932302385559775838e-03
6.370000000000000000e+02,4.965486000000000726e-03,1.906108804933758210e-03
6.375000000000000000e+02,5.105181999999999776e-03,2.094336473887135289e-03
6.380000000000000000e+02,5.339489999999999688e-03,2.367861609087406130e-03
6.385000000000000000e+02,5.639419999999999156e-03,2.592496858459041823e-03
6.390000000000000000e+02,5.966023999999999460e-03,2.686550059921832476e-03
6.395000000000000000e+02,6.273660000000000347e-03,2.621471301803626145e-03
6.400000000000000000e+02,6.514542000000000770e-03,2.419181884942510612e-03
6.405000000000000000e+02,6.644434000000000277e-03,2.157556821167405051e-03
6.410000000000000000e+02,6.629028000000000351e-03,1.973735612647752307e-03
6.415000000000000000e+02,6.450037999999999952e-03,2.008986935516007474e-03
6.420000000000000000e+02,6.109695999999999530e-03,2.272409343764014624e-03
6.425000000000000000e+02,5.632573999999999567e-03,2.631525883354750468e-03
6.430000000000000000e+02,5.063876000000000141e-03,2.940862317638484776e-03
6.435000000000000000e+02,4.464291999999999913e-03,3.101920548907401501e-03
6.440000000000000000e+02,3.902115999999999744e-03,3.065647703630669692e-03
6.445000000000000000e+02,3.443967999999999943e-03,2.829546354125338919e-03
6.450000000000000000e+02,3.145848000000000567e-03,2.441666999714334641e-03
6.455000000000000000e+02,3.045774000000000224e-03,2.017009511649858495e-03
6.460000000000000000e+02,3.159171999999999588e-03,1.758201499596675913e-03
6.465000000000000000e+02,3.477289999999999635e-03,1.854330817785758770e-03
6.470000000000000000e+02,3.968577999999999516e-03,2.233101381123122568e-03
6.475000000000000000e+02,4.582448000000000250e-03,2.669415356971259912e-03
6.480000000000000000e+02,5.254880000000000835e-03,3.000988560734611961e-03
6.485000000000000000e+02,5.915130000000000214e-03,3.144525218669743782e-03
6.490000000000000000e+02,6.493114000000001218e-03,3.074936420985968644e-03
6.495000000000000000e+02,6.926988000000000242e-03,2.820962424346343429e-03
6.500000000000000000e+02,7.170251999999999355e-03,2.475362781099772150e-03
6.505000000000000000e+02,7.197633999999999629e-03,2.210668143497797680e-03
6.510000000000000000e+02,7.008752000000000038e-03,2.228917022678053843e-03
6.515000000000000000e+02,6.628787999999999174e-03,2.566473375847487352e-03
6.520000000000000000e+02,6.105723999999999874e-03,3.052411633640849525e-03
6.525000000000000000e+02,5.504425999999999763e-03,3.496257077026229589e-03
6.530000000000000000e+02,4.898295999999999900e-03,3.770213444832533779e-03
6.535000000000000000e+02,4.359880000000000873e-03,3.805320643596279192e-03
6.540000000000000000e+02,3.951801999999999919e-03,3.583772071106643402e-03
6.545000000000000000e+02,3.719275999999999659e-03,3.139664808376206161e-03
6.550000000000000000e+02,3.685104000000000244e-03,2.570663956312843092e-03
6.555000000000000000e+02,3.847604000000000128e-03,2.068601442643313703e-03
6.560000000000000000e+02,4.181425999999999372e-03,1.913121180596252628e-03
6.565000000000000000e+02,4.641075999999999188e-03,2.193555668962153277e-03
6.570000000000000000e+02,5.166411999999999567e-03,2.652620521767861186e-03
6.575000000000000000e+02,5.689663999999999659e-03,3.030095675473960630e-03
6.580000000000000000e+02,6.143178000000000874e-03,3.186320267530242615e-03
6.585000000000000000e+02,6.467310000000001287e-03,3.068665443918577613e-03
6.590000000000000000e+02,6.617607999999999650e-03,2.696222555232412419e-03
6.595000000000000000e+02,6.570536000000000085e-03,2.177340856137595544e-03
6.600000000000000000e+02,6.326779999999999730e-03,1.778290588002984273e-03
6.605000000000000000e+02,5.911482000000000021e-03,1.891780701110464197e-03
6.610000000000000000e+02,5.371195999999999957e-03,2.500257505075427315e-03
6.615000000000000000e+02,4.767768000000000353e-03,3.236562868801408106e-03
6.620000000000000000e+02,4.170176000000000265e-03,3.848417610989742551e-03
6.625000000000000000e+02,3.645520000000000618e-03,4.200171572718190520e-03
6.630000000000000000e+02,3.250606000000000502e-03,4.225060914555670878e-03
6.635000000000000000e+02,3.025316000000000116e-03,3.913428082976101730e-03
6.640000000000000000e+02,2.988500000000000271e-03,3.316160839730183680e-03
6.645000000000000000e+02,3.136686000000000508e-03,2.565579985688615922e-03
6.650000000000000000e+02,3.445560000000000289e-03,1.945203788465362611e-03
6.655000000000000000e+02,3.873717999999999519e-03,1.901602236710926751e-03
6.660000000000000000e+02,4.368144000000000020e-03,2.440595367992408511e-03
6.665000000000000000e+02,4.870729999999999331e-03,3.098908068928473217e-03
6.670000000000000000e+02,5.325172000000000412e-03,3.579971620802880391e-03
6.675000000000000000e+02,5.683485999999999747e-03,3.755877142337858427e-03
6.680000000000000000e+02,5.911539999999999850e-03,3.594284970075411166e-03
6.685000000000000000e+02,5.992848000000000272e-03,3.145327423393946050e-03
6.690000000000000000e+02,5.930115999999999166e-03,2.566161010931698652e-03
6.695000000000000000e+02,5.744201999999999468e-03,2.183656554926621113e-03
6.700000000000000000e+02,5.470440000000000025e-03,2.371900829644865531e-03
6.705000000000000000e+02,5.152969999999999773e-03,3.032042859883415323e-03
6.710000000000000000e+02,4.837842000000000184e-03,3.781173103394500946e-03
6.715000000000000000e+02,4.566300000000000567e-03,4.361775114212102476e-03
6.720000000000000000e+02,4.369300000000000440e-03,4.639793894654157744e-03
6.725000000000000000e+02,4.264170000000000287e-03,4.562254059566389110e-03
6.730000000000000000e+02,4.253766000000000838e-03,4.146312748360403248e-03
6.735000000000000000e+02,4.327769999999999881e-03,3.485744247738207374e-03
6.740000000000000000e+02,4.465637999999999205e-03,2.779290202762928208e-03
6.745000000000000000e+02,4.640286000000000410e-03,2.367671403515698731e-03
6.750000000000000000e+02,4.821953999999999824e-03,2.529446591076000509e-03
6.755000000000000000e+02,4.981873999999999851e-03,3.059249654419527679e-03
6.760000000000000000e+02,5.095488000000000448e-03,3.572396863338954398e-03
6.765000000000000000e+02,5.145218000000000014e-03,3.836242675997440007e-03
6.770000000000000000e+02,5.122602000000000405e-03,3.750701107916224082e-03
6.775000000000000000e+02,5.029528000000000124e-03,3.308727528640579684e-03
6.780000000000000000e+02,4.878252000000000456e-03,2.593530511066719467e-03
6.785000000000000000e+02,4.689846000000000119e-03,1.839747109791451622e-03
6.790000000000000000e+02,4.491130000000000295e-03,1.614979893995587739e-03
6.795000000000000000e+02,4.310344000000000675e-03,2.240036400319422947e-03
6.800000000000000000e+02,4.172305999999999758e-03,3.142940814757095875e-03
6.805000000000000000e+02,4.093986000000000847e-03,3.924620812255114922e-03
6.810000000000000000e+02,4.081467999999999555e-03,4.417019985532553462e-03
6.815000000000000000e+02,4.128985999999999421e-03,4.549248584086827175e-03
6.820000000000000000e+02,4.220256000000000354e-03,4.317872786730288931e-03
6.825000000000000000e+02,4.331727999999999100e-03,3.785343316130518505e-03
6.830000000000000000e+02,4.436935999999999831e-03,3.093135557570343089e-03
6.835000000000000000e+02,4.510970000000000431e-03,2.496093109811811130e-03
6.840000000000000000e+02,4.534269999999999967e-03,2.334407251944270283e-03
6.845000000000000000e+02,4.495204000000000040e-03,2.677517920688113340e-03
6.850000000000000000e+02,4.391509999999999511e-03,3.199354471741135044e-03
6.855000000000000000e+02,4.230651999999999677e-03,3.602227218355888438e-03
6.860000000000000000e+02,4.029345999999999622e-03,3.740413330453733979e-03
6.865000000000000000e+02,3.812258000000000226e-03,3.577142757383887112e-03
6.870000000000000000e+02,3.609790000000000307e-03,3.164631789203919011e-03
6.875000000000000000e+02,3.454790000000000118e-03,2.654528134475127397e-03
6.880000000000000000e+02,3.378246000000000113e-03,2.320714853200625365e-03
6.885000000000000000e+02,3.404370000000000313e-03,2.433938312235953312e-03
6.890000000000000000e+02,3.545854000000000193e-03,2.924645764144095678e-03
6.895000000000000000e+02,3.800336000000000079e-03,3.498388572653987009e-03
6.900000000000000000e+02,4.148996000000000281e-03,3.937082387135935890e-03
6.905000000000000000e+02,4.558025999999999744e-03,4.132339563432075799e-03
6.910000000000000000e+02,4.982909999999999250e-03,4.056543611852336285e-03
6.915000000000000000e+02,5.374979999999999689e-03,3.750940492659140396e-03
6.920000000000000000e+02,5.688877999999999643e-03,3.326477612028074047e-03
6.925000000000000000e+02,5.889440000000000126e-03,2.963353047665768635e-03
6.930000000000000000e+02,5.956705999999999980e-03,2.855772967379584769e-03
6.935000000000000000e+02,5.888248000000000440e-03,3.053318226827003538e-03
6.940000000000000000e+02,5.698757999999999949e-03,3.402321267857284347e-03
6.945000000000000000e+02,5.417446000000000240e-03,3.701427296269102756e-03
6.950000000000000000e+02,5.084013999999999547e-03,3.813019135356653794e-03
6.955000000000000000e+02,4.743975999999999575e-03,3.677199952034971610e-03
6.960000000000000000e+02,4.443803999999999983e-03,3.305520829877796416e-03
6.965000000000000000e+02,4.226132000000000499e-03,2.783701301897169994e-03
6.970000000000000000e+02,4.125095999999999971e-03,2.291852474348207453e-03
6.975000000000000000e+02,4.161975999999999523e-03,2.100119153990077751e-03
6.980000000000000000e+02,4.341657999999999976e-03,2.344482263424912255e-03
6.985000000000000000e+02,4.650558000000000816e-03,2.828145926843945133e-03
6.990000000000000000e+02,5.056848000000000072e-03,3.297268850268961042e-03
6.995000000000000000e+02,5.513419999999999779e-03,3.606517083375594245e-03
7.000000000000000000e+02,5.963617999999999524e-03,3.699872445523493415e-03
7.005000000000000000e+02,6.349004000000000106e-03,3.586801280543152649e-03
7.010000000000000000e+02,6.617870000000000523e-03,3.333665864028667169e-03
7.015000000000000000e+02,6.732804000000000219e-03,3.057748732778087664e-03
7.020000000000000000e+02,6.675915999999999621e-03,2.900282274099540061e-03
7.025000000000000000e+02,6.450802000000000272e-03,2.949277320552274109e-03
7.030000000000000000e+02,6.081229999999999969e-03,3.165947397851075554e-03
7.035000000000000000e+02,5.607173999999999492e-03,3.425143983643023221e-03
7.040000000000000000e+02,5.079364000000000275e-03,3.608345845504003398e-03
7.045000000000000000e+02,4.553425999999999307e-03,3.648033320303695204e-03
7.050000000000000000e+02,4.084430000000000005e-03,3.533729732517753696e-03
7.055000000000000000e+02,3.722016000000000300e-03,3.307855783506287797e-03
7.060000000000000000e+02,3.506192000000000423e-03,3.056959085891402216e-03
7.065000000000000000e+02,3.463568000000000202e-03,2.887498444318888167e-03
7.070000000000000000e+02,3.604168000000000042e-03,2.871858096005789826e-03
7.075000000000000000e+02,3.919274000000000369e-03,2.994850148532643939e-03
7.080000000000000000e+02,4.381000000000000345e-03,3.169225824391502452e-03
7.085000000000000000e+02,4.944267999999999927e-03,3.300137074893101999e-03
7.090000000000000000e+02,5.551459999999999381e-03,3.327761425064903241e-03
7.095000000000000000e+02,6.139400000000000586e-03,3.239368138171393446e-03
7.100000000000000000e+02,6.647649999999999740e-03,3.069627102576141710e-03
7.105000000000000000e+02,7.026630000000000723e-03,2.895003508579911851e-03
7.110000000000000000e+02,7.243956000000000180e-03,2.811147910097581450e-03
7.115000000000000000e+02,7.287883999999999682e-03,2.880274205214843758e-03
7.120000000000000000e+02,7.167450000000000557e-03,3.082597075009965975e-03
7.125000000000000000e+02,6.909583999999998997e-03,3.333353198362873707e-03
7.130000000000000000e+02,6.554325999999999208e-03,3.539672429915796757e-03
7.135000000000000000e+02,6.149193999999999320e-03,3.636948544052554834e-03
7.140000000000000000e+02,5.743795999999999798e-03,3.599081989247536386e-03
7.145000000000000000e+02,5.385265999999999664e-03,3.437603523349660496e-03
7.150000000000000000e+02,5.114536000000000256e-03,3.196583174698571384e-03
7.155000000000000000e+02,4.963266000000000032e-03,2.943091140521475642e-03
7.160000000000000000e+02,4.951229999999999173e-03,2.748828856122184899e-03
7.165000000000000000e+02,5.084232000000000161e-03,2.660397659253969666e-03
7.170000000000000000e+02,5.352876000000000335e-03,2.674110230515189344e-03
7.175000000000000000e+02,5.732761999999999754e-03,2.743774944047707234e-03
7.180000000000000000e+02,6.186551999999999676e-03,2.815608017243166790e-03
7.185000000000000000e+02,6.667953999999999375e-03,2.857167354392458388e-03
7.190000000000000000e+02,7.127227999999999342e-03,2.867749908449828550e-03
7.195000000000000000e+02,7.517274000000001739e-03,2.874638256848329170e-03
7.200000000000000000e+02,7.799225999999999381e-03,2.917081635598496765e-03
7.205000000000000000e+02,7.946572000000000705e-03,3.020194480140972471e-03
7.210000000000000000e+02,7.947142000000000789e-03,3.173534601321372026e-03
7.215000000000000000e+02,7.803094000000000870e-03,3.332574959406914630e-03
7.220000000000000000e+02,7.529243999999999173e-03,3.440209622654700431e-03
7.225000000000000000e+02,7.150616000000000264e-03,3.450484015634038091e-03
7.230000000000000000e+02,6.699723999999999784e-03,3.344524788279494825e-03
7.235000000000000000e+02,6.214126000000000372e-03,3.138501329572125804e-03
7.240000000000000000e+02,5.734116000000000039e-03,2.884701326454092423e-03
7.245000000000000000e+02,5.300415999999999635e-03,2.661962941264584860e-03
7.250000000000000000e+02,4.951476000000000662e-03,2.545145108516605383e-03
7.255000000000000000e+02,4.720296000000000561e-03,2.556566471526997269e-03
7.260000000000000000e+02,4.630905999999999738e-03,2.646224039340962751e-03
7.265000000000000000e+02,4.695051999999999906e-03,2.729755724370588627e-03
7.270000000000000000e+02,4.909677999999999785e-03,2.736964568516369982e-03
7.275000000000000000e+02,5.255967999999999751e-03,2.635348268201756841e-03
7.280000000000000000e+02,5.700301999999999973e-03,2.438302350085813034e-03
7.285000000000000000e+02,6.197231999999999567e-03,2.211332352902656631e-03
7.290000000000000000e+02,6.694136000000000704e-03,2.069470729347482052e-03
7.295000000000000000e+02,7.136955999999999856e-03,2.123358656465270701e-03
7.300000000000000000e+02,7.476148000000000168e-03,2.375033408685865016e-03
7.305000000000000000e+02,7.672173999999999487e-03,2.714589783813753810e-03
7.310000000000000000e+02,7.699852000000000085e-03,3.016665497821062556e-03
7.315000000000000000e+02,7.551257999999999929e-03,3.193698553698204063e-03
7.320000000000000000e+02,7.236956000000000118e-03,3.204166797109038976e-03
7.325000000000000000e+02,6.785546000000000806e-03,3.051521018542392195e-03
7.330000000000000000e+02,6.241551999999999170e-03,2.782539477131276435e-03
7.335000000000000000e+02,5.661781999999999752e-03,2.482489172367927707e-03
7.340000000000000000e+02,5.110220000000000387e-03,2.255528130017446595e-03
7.345000000000000000e+02,4.651813999999999776e-03,2.172125011360073483e-03
7.350000000000000000e+02,4.345472000000000397e-03,2.210970465093100353e-03
7.355000000000000000e+02,4.236951999999999559e-03,2.279545319592045111e-03
7.360000000000000000e+02,4.352560000000000109e-03,2.290853165311997411e-03
7.365000000000000000e+02,4.694533999999999339e-03,2.210340632754598592e-03
7.370000000000000000e+02,5.239103999999999636e-03,2.070841344815193240e-03
7.375000000000000000e+02,5.937725999999999942e-03,1.974264618374649109e-03
7.380000000000000000e+02,6.721658000000000147e-03,2.048722279901305041e-03
7.385000000000000000e+02,7.509367999999999772e-03,2.333610222250922378e-03
7.390000000000000000e+02,8.215868000000001170e-03,2.736398937697864363e-03
7.395000000000000000e+02,8.762650000000000300e-03,3.121670123555658326e-03
7.400000000000000000e+02,9.086873999999999993e-03,3.378205934463735568e-03
7.405000000000000000e+02,9.148685999999999624e-03,3.434621225949959378e-03
7.410000000000000000e+02,8.935837999999998033e-03,3.262042453061271812e-03
7.415000000000000000e+02,8.465234000000000300e-03,2.877382867757782240e-03
7.420000000000000000e+02,7.781362000000000001e-03,2.351239440976609588e-03
7.425000000000000000e+02,6.951948000000001196e-03,1.829668965051875007e-03
7.430000000000000000e+02,6.061262000000000420e-03,1.556755731572554650e-03
7.435000000000000000e+02,5.201691999999999948e-03,1.694192549999556712e-03
7.440000000000000000e+02,4.464210000000000574e-03,2.048460411784908900e-03
7.445000000000000000e+02,3.928498000000000753e-03,2.355312569487115915e-03
7.450000000000000000e+02,3.653668000000000107e-03,2.472975389213164388e-03
7.455000000000000000e+02,3.670575999999999613e-03,2.348373096853649186e-03
7.460000000000000000e+02,3.976946000000000300e-03,1.989449204324151687e-03
7.465000000000000000e+02,4.536185999999999344e-03,1.466833667644698927e-03
7.470000000000000000e+02,5.280471999999999597e-03,9.815606749783733521e-04
7.475000000000000000e+02,6.118052000000000559e-03,1.005429230221600422e-03
7.480000000000000000e+02,6.943893999999999067e-03,1.536316644961578095e-03
7.485000000000000000e+02,7.652462000000000500e-03,2.115869452566485412e-03
7.490000000000000000e+02,8.150698000000001359e-03,2.540898737125114187e-03
7.495000000000000000e+02,8.369608000000000603e-03,2.726912073720749730e-03
7.500000000000000000e+02,8.272836000000000425e-03,2.645750757729457402e-03
7.505000000000000000e+02,7.861297999999999203e-03,2.318350514746206001e-03
7.510000000000000000e+02,7.173365999999998729e-03,1.822284479280334357e-03
7.515000000000000000e+02,6.280766000000000127e-03,1.327583635559733549e-03
7.520000000000000000e+02,5.280690000000000210e-03,1.157367971584664142e-03
7.525000000000000000e+02,4.285083999999999768e-03,1.449541589008745794e-03
7.530000000000000000e+02,3.408119999999999726e-03,1.870644732296862338e-03
7.535000000000000000e+02,2.753231999999999555e-03,2.163687708798106221e-03
7.540000000000000000e+02,2.400989999999999982e-03,2.222141722615818705e-03
7.545000000000000000e+02,2.399189999999999830e-03,2.019199685598231566e-03
7.550000000000000000e+02,2.756377999999999866e-03,1.595305643409437694e-03
7.555000000000000000e+02,3.439837999999999750e-03,1.105797204777620802e-03
7.560000000000000000e+02,4.378514000000000017e-03,1.000029240295502615e-03
7.565000000000000000e+02,5.470758000000000912e-03,1.524300137674336041e-03
7.570000000000000000e+02,6.596009999999999374e-03,2.222614153835523240e-03
7.575000000000000000e+02,7.628973999999999304e-03,2.822034471447150590e-03
7.580000000000000000e+02,8.454409999999999009e-03,3.201111169445697031e-03
7.585000000000000000e+02,8.980701999999998394e-03,3.299656225467131714e-03
7.590000000000000000e+02,9.150422000000000070e-03,3.104658681376101965e-03
7.595000000000000000e+02,8.946748000000000894e-03,2.650214981020218748e-03
7.600000000000000000e+02,8.395018000000000619e-03,2.023923650223495661e-03
7.605000000000000000e+02,7.559376000000001330e-03,1.401186339872752132e-03
7.610000000000000000e+02,6.535063999999998416e-03,1.137098035938854121e-03
7.615000000000000000e+02,5.437296000000000316e-03,1.430561955266530924e-03
7.620000000000000000e+02,4.388094000000000369e-03,1.884658855802821397e-03
7.625000000000000000e+02,3.502476000000000027e-03,2.206863121900857344e-03
7.630000000000000000e+02,2.875556000000000032e-03,2.294445483271720810e-03
7.635000000000000000e+02,2.571829999999999776e-03,2.131538035457026733e-03
7.640000000000000000e+02,2.617796000000000792e-03,1.767597156853336834e-03
7.645000000000000000e+02,2.998771999999999809e-03,1.342019844087262393e-03
7.650000000000000000e+02,3.660366000000000401e-03,1.157854001882793445e-03
7.655000000000000000e+02,4.514587999999999934e-03,1.450881120665645663e-03
7.660000000000000000e+02,5.450051999999999501e-03,1.967140933808251245e-03
7.665000000000000000e+02,6.345125999999999544e-03,2.432788196926727927e-03
7.670000000000000000e+02,7.082452000000000365e-03,2.714564750228662220e-03
7.675000000000000000e+02,7.563114000000000989e-03,2.752550368604723442e-03
7.680000000000000000e+02,7.718690000000000273e-03,2.536912336782648752e-03
7.685000000000000000e+02,7.519694000000000378e-03,2.106215447803476415e-03
7.690000000000000000e+02,6.979322000000000477e-03,1.562480209245544274e-03
7.695000000000000000e+02,6.152052000000000735e-03,1.137208454323129043e-03
7.700000000000000000e+02,5.127259999999999804e-03,1.192032529254130743e-03
7.705000000000000000e+02,4.018590000000000703e-03,1.626324424409225818e-03
7.710000000000000000e+02,2.950564000000000572e-03,2.066781461590944027e-03
7.715000000000000000e+02,2.043930000000000226e-03,2.331023572645716212e-03
7.720000000000000000e+02,1.401575999999999647e-03,2.347944349791110386e-03
7.725000000000000000e+02,1.096467999999999748e-03,2.107719310765548797e-03
7.730000000000000000e+02,1.162941999999999709e-03,1.658507203093794423e-03
7.735000000000000000e+02,1.592305999999999930e-03,1.152212905315679959e-03
7.740000000000000000e+02,2.333316000000000209e-03,1.013517973351237738e-03
7.745000000000000000e+02,3.297819999999999918e-03,1.510158079917463432e-03
7.750000000000000000e+02,4.370982000000000686e-03,2.210807987328161899e-03
7.755000000000000000e+02,5.425072000000000401e-03,2.841495308244234696e-03
7.760000000000000000e+02,6.335083999999999507e-03,3.284540326554995573e-03
7.765000000000000000e+02,6.994178000000001068e-03,3.480884462666636401e-03
7.770000000000000000e+02,7.326896000000001144e-03,3.412716394962523291e-03
7.775000000000000000e+02,7.298434000000001212e-03,3.102392453948403864e-03
7.780000000000000000e+02,6.918670000000000028e-03,2.615373254841457228e-03
7.785000000000000000e+02,6.240537999999999468e-03,2.069047614677825206e-03
7.790000000000000000e+02,5.352864000000000580e-03,1.647494202650194150e-03
7.795000000000000000e+02,4.368847999999999829e-03,1.541709487223192612e-03
7.800000000000000000e+02,3.411697999999999901e-03,1.708635958276074826e-03
7.805000000000000000e+02,2.599404000000000037e-03,1.904217772865278218e-03
7.810000000000000000e+02,2.030495999999999690e-03,1.949461661142890857e-03
7.815000000000000000e+02,1.772450000000000067e-03,1.768976290660787551e-03
7.820000000000000000e+02,1.853915999999999941e-03,1.359401227774934646e-03
7.825000000000000000e+02,2.261452000000000167e-03,7.950456307181368726e-04
7.830000000000000000e+02,2.941150000000000448e-03,5.220214145032749196e-04
7.835000000000000000e+02,3.804928000000000390e-03,1.135780140535130271e-03
7.840000000000000000e+02,4.740972000000000415e-03,1.915255657123612074e-03
7.845000000000000000e+02,5.627162000000000656e-03,2.612096622865241538e-03
7.850000000000000000e+02,6.346010000000000886e-03,3.133484744486559823e-03
7.855000000000000000e+02,6.799232000000000539e-03,3.425594463846238450e-03
7.860000000000000000e+02,6.920128000000000217e-03,3.468183841540698788e-03
7.865000000000000000e+02,6.682157999999998807e-03,3.277805374811628304e-03
7.870000000000000000e+02,6.102546000000000359e-03,2.913139804421682830e-03
7.875000000000000000e+02,5.240393999999999781e-03,2.483897635897260297e-03
7.880000000000000000e+02,4.189440000000000872e-03,2.155896743661439748e-03
7.885000000000000000e+02,3.066495999999999719e-03,2.091543562846826833e-03
7.890000000000000000e+02,1.997083999999999665e-03,2.287765646613743650e-03
7.895000000000000000e+02,1.100278000000000323e-03,2.571043281563730951e-03
7.900000000000000000e+02,4.745700000000000049e-04,2.769327499341671991e-03
7.905000000000000000e+02,1.864840000000001342e-04,2.780431631553992571e-03
7.910000000000000000e+02,2.631420000000000634e-04,2.564935563743073448e-03
7.915000000000000000e+02,6.894379999999998999e-04,2.138285831219484054e-03
7.920000000000000000e+02,1.410077999999999939e-03,1.584392431408329855e-03
7.925000000000000000e+02,2.336218000000000149e-03,1.144010691429061567e-03
7.930000000000000000e+02,3.355916000000000454e-03,1.273945299401037885e-03
7.935000000000000000e+02,4.347229999999999671e-03,1.890994629286397522e-03
7.940000000000000000e+02,5.192549999999999770e-03,2.588882240879256027e-03
7.945000000000000000e+02,5.792471999999999899e-03,3.182188643632554662e-03
7.950000000000000000e+02,6.077629999999999665e-03,3.590632319660423850e-03
7.955000000000000000e+02,6.017094000000000609e-03,3.783228180520703879e-03
7.960000000000000000e+02,5.622207999999999199e-03,3.766635858223355612e-03
7.965000000000000000e+02,4.945401999999999784e-03,3.581222289285322050e-03
7.970000000000000000e+02,4.073930000000000780e-03,3.296083163967499299e-03
7.975000000000000000e+02,3.119294000000000320e-03,2.997632352058203845e-03
7.980000000000000000e+02,2.203675999999999465e-03,2.764344156284813392e-03
7.985000000000000000e+02,1.445036000000000020e-03,2.628065492921742227e-03
7.990000000000000000e+02,9.427519999999998263e-04,2.552068214804220202e-03
7.995000000000000000e+02,7.655519999999998559e-04,2.457443848069371366e-03
8.000000000000000000e+02,9.431920000000000321e-04,2.273106057005259886e-03
8.005000000000000000e+02,1.462852000000000163e-03,1.971817429914341380e-03
8.010000000000000000e+02,2.270653999999999988e-03,1.598609245677629683e-03
8.015000000000000000e+02,3.278074000000000179e-03,1.324998555926005508e-03
8.020000000000000000e+02,4.372365999999999926e-03,1.431441944458803359e-03
8.025000000000000000e+02,5.429716000000000230e-03,1.924408734023518031e-03
8.030000000000000000e+02,6.329481999999999990e-03,2.557921612359143320e-03
8.035000000000000000e+02,6.967892000000000703e-03,3.160601682587351521e-03
8.040000000000000000e+02,7.269735999999998866e-03,3.643166751361512704e-03
8.045000000000000000e+02,7.196822000000000288e-03,3.963992913669750484e-03
8.050000000000000000e+02,6.752359999999998919e-03,4.116660461756591581e-03
8.055000000000000000e+02,5.980749999999999955e-03,4.123172129502962642e-03
8.060000000000000000e+02,4.962766000000000399e-03,4.025742248667443096e-03
8.065000000000000000e+02,3.806701999999999916e-03,3.875018298949567397e-03
8.070000000000000000e+02,2.636262000000000327e-03,3.715353921506536674e-03
8.075000000000000000e+02,1.576764000000000030e-03,3.571026544872776386e-03
8.080000000000000000e+02,7.410100000000000627e-04,3.440483183182269089e-03
8.085000000000000000e+02,2.165740000000001121e-04,3.303184028272720778e-03
8.090000000000000000e+02,5.594999999999992341e-05,3.135439845771243253e-03
8.095000000000000000e+02,2.706899999999999714e-04,2.926904679310550657e-03
8.100000000000000000e+02,8.302520000000000733e-04,2.692273463408573903e-03
8.105000000000000000e+02,1.665573999999999961e-03,2.475906283938469031e-03
8.110000000000000000e+02,2.677017999999999759e-03,2.343713014855701177e-03
8.115000000000000000e+02,3.745669999999999555e-03,2.352176553562677994e-03
8.120000000000000000e+02,4.746791999999999678e-03,2.507895807521516671e-03
8.125000000000000000e+02,5.563910000000000036e-03,2.765811049535017978e-03
8.130000000000000000e+02,6.102091999999999933e-03,3.067517723750589915e-03
8.135000000000000000e+02,6.298943999999999030e-03,3.370173427907827840e-03
8.140000000000000000e+02,6.132076000000000193e-03,3.650409584609102306e-03
8.145000000000000000e+02,5.622040000000000023e-03,3.895765079931026460e-03
8.150000000000000000e+02,4.830290000000000972e-03,4.094321097787763722e-03
8.155000000000000000e+02,3.852280000000000461e-03,4.228317525525962690e-03
8.160000000000000000e+02,2.806425999999999886e-03,4.273965750754912460e-03
8.165000000000000000e+02,1.820360000000000034e-03,4.206740269228658076e-03
8.170000000000000000e+02,1.016047999999999864e-03,4.009536155465367319e-03
8.175000000000000000e+02,4.956719999999998445e-04,3.681760167351208479e-03
8.180000000000000000e+02,3.298040000000002732e-04,3.249293857313616685e-03
8.185000000000000000e+02,5.492580000000000595e-04,2.777862974184291695e-03
8.190000000000000000e+02,1.141344000000000082e-03,2.389572809433937375e-03
8.195000000000000000e+02,2.050900000000000466e-03,2.247854203428238315e-03
8.200000000000000000e+02,3.185894000000000312e-03,2.431085169027609114e-03
8.205000000000000000e+02,4.427083999999999533e-03,2.832037831220832972e-03
8.210000000000000000e+02,5.640805999999999945e-03,3.282227743572343863e-03
8.215000000000000000e+02,6.693670000000000522e-03,3.664347857759958638e-03
8.220000000000000000e+02,7.467709999999999800e-03,3.923003043798206808e-03
8.225000000000000000e+02,7.874271999999999869e-03,4.052983205932884914e-03
8.230000000000000000e+02,7.864911999999998210e-03,4.088260314825121512e-03
8.235000000000000000e+02,7.437714000000000651e-03,4.086596150770956115e-03
8.240000000000000000e+02,6.638048000000000559e-03,4.104508431682653800e-03
8.245000000000000000e+02,5.553357999999999559e-03,4.167849798614868193e-03
8.250000000000000000e+02,4.302742000000000025e-03,4.256320130118738769e-03
8.255000000000000000e+02,3.022631999999999923e-03,4.314685044588306533e-03
8.260000000000000000e+02,1.850727999999999401e-03,4.280463557821044540e-03
8.265000000000000000e+02,9.102479999999995696e-04,4.109988131437120919e-03
8.270000000000000000e+02,2.964359999999997483e-04,3.796438041697243818e-03
8.275000000000000000e+02,6.666600000000012371e-05,3.383631209878818977e-03
8.280000000000000000e+02,2.349879999999998582e-04,2.979017913832341866e-03
8.285000000000000000e+02,7.712580000000001431e-04,2.747231416154088772e-03
8.290000000000000000e+02,1.604780000000000095e-03,2.818486583109807656e-03
8.295000000000000000e+02,2.631941999999999962e-03,3.149382030493283729e-03
8.300000000000000000e+02,3.727347999999999686e-03,3.564916567752181211e-03
8.305000000000000000e+02,4.757483999999999325e-03,3.900374218222655946e-03
8.310000000000000000e+02,5.595787999999999977e-03,4.055294463813201473e-03
8.315000000000000000e+02,6.137591999999999874e-03,3.996092867854049609e-03
8.320000000000000000e+02,6.313130000000000130e-03,3.755911194675667312e-03
8.325000000000000000e+02,6.096792000000001051e-03,3.438844171281100343e-03
8.330000000000000000e+02,5.510985999999999836e-03,3.212599447853092729e-03
8.335000000000000000e+02,4.623864000000000099e-03,3.238618300560595475e-03
8.340000000000000000e+02,3.540996000000000248e-03,3.537238219004481491e-03
8.345000000000000000e+02,2.392219999999999590e-03,3.967951118209496822e-03
8.350000000000000000e+02,1.315644000000000145e-03,4.352865382991530016e-03
8.355000000000000000e+02,4.411160000000000775e-04,4.558907635480894532e-03
8.360000000000000000e+02,-1.247079999999999857e-04,4.513516301001249502e-03
8.365000000000000000e+02,-3.101040000000001196e-04,4.204297528177090675e-03
8.370000000000000000e+02,-8.570199999999991909e-05,3.684282214893966866e-03
8.375000000000000000e+02,5.327560000000000065e-04,3.092447124053376416e-03
8.380000000000000000e+02,1.486436000000000267e-03,2.684702417536439199e-03
8.385000000000000000e+02,2.679847999999999866e-03,2.743290097363747498e-03
8.390000000000000000e+02,3.991191999999999310e-03,3.250341880724857101e-03
8.395000000000000000e+02,5.285581999999999607e-03,3.917060253723958496e-03
8.400000000000000000e+02,6.429962000000000004e-03,4.494960982451793631e-03
8.405000000000000000e+02,7.308105999999999977e-03,4.842971268441099812e-03
8.410000000000000000e+02,7.833940000000001042e-03,4.901751051418257871e-03
8.415000000000000000e+02,7.961509999999999768e-03,4.679997165156192518e-03
8.420000000000000000e+02,7.690108000000001054e-03,4.253100932347361751e-03
8.425000000000000000e+02,7.063777999999999724e-03,3.766109478880559028e-03
8.430000000000000000e+02,6.165208000000000146e-03,3.419579392904045518e-03
8.435000000000000000e+02,5.104960000000000400e-03,3.378386537527936374e-03
8.440000000000000000e+02,4.007680000000000443e-03,3.622671031595334039e-03
8.445000000000000000e+02,2.997343999999999876e-03,3.965925970798749034e-03
8.450000000000000000e+02,2.183395999999999774e-03,4.215157608600892530e-03
8.455000000000000000e+02,1.649262000000000297e-03,4.251648271435913909e-03
8.460000000000000000e+02,1.444198000000000270e-03,4.039377259439132749e-03
8.465000000000000000e+02,1.578980000000000010e-03,3.625728114763984711e-03
8.470000000000000000e+02,2.025665999999999752e-03,3.155045234595852711e-03
8.475000000000000000e+02,2.721403999999999750e-03,2.874448436397146218e-03
8.480000000000000000e+02,3.576026000000000378e-03,3.005646000820123322e-03
8.485000000000000000e+02,4.482681999999999986e-03,3.492522849164196933e-03
8.490000000000000000e+02,5.330495999999999672e-03,4.074876267193397461e-03
8.495000000000000000e+02,6.017702000000000641e-03,4.523547634054934583e-03
8.500000000000000000e+02,6.463596000000000272e-03,4.699626645685377711e-03
8.505000000000000000e+02,6.617716000000000050e-03,4.543895299706629358e-03
8.510000000000000000e+02,6.465092000000000408e-03,4.071931860143781709e-03
8.515000000000000000e+02,6.026846000000000633e-03,3.385891060968441481e-03
8.520000000000000000e+02,5.356348000000000359e-03,2.717582528184562564e-03
8.525000000000000000e+02,4.531691999999999491e-03,2.463933359972220617e-03
8.530000000000000000e+02,3.645750000000000553e-03,2.855375548858678832e-03
8.535000000000000000e+02,2.795369999999999279e-03,3.589878598333096950e-03
8.540000000000000000e+02,2.070998000000000110e-03,4.294915238480731534e-03
8.545000000000000000e+02,1.547819999999999882e-03,4.760730721518493733e-03
8.550000000000000000e+02,1.278852000000000461e-03,4.890586347596165111e-03
8.555000000000000000e+02,1.290379999999999609e-03,4.666972263899796247e-03
8.560000000000000000e+02,1.579862000000000020e-03,4.146498950863727363e-03
8.565000000000000000e+02,2.116580000000000284e-03,3.474696912248605857e-03
8.570000000000000000e+02,2.845141999999999723e-03,2.919691540047338312e-03
8.575000000000000000e+02,3.691769999999999601e-03,2.822402604158379038e-03
8.580000000000000000e+02,4.572826000000000321e-03,3.246648211005620510e-03
8.585000000000000000e+02,5.404542000000000027e-03,3.880388382858602266e-03
8.590000000000000000e+02,6.112565999999999833e-03,4.415874626240649803e-03
8.595000000000000000e+02,6.639939999999999558e-03,4.679313252319189896e-03
8.600000000000000000e+02,6.952270000000000845e-03,4.601088982728980363e-03
8.605000000000000000e+02,7.039519999999998764e-03,4.195958915822460035e-03
8.610000000000000000e+02,6.914513999999999209e-03,3.565721584384568509e-03
8.615000000000000000e+02,6.608858000000000441e-03,2.926421081873557210e-03
8.620000000000000000e+02,6.167319999999999573e-03,2.623204921049821121e-03
8.625000000000000000e+02,5.641865999999999721e-03,2.883304573583234456e-03
8.630000000000000000e+02,5.086145999999998855e-03,3.488698537189189978e-03
8.635000000000000000e+02,4.551023999999999868e-03,4.091932859767617725e-03
8.640000000000000000e+02,4.081106000000000143e-03,4.476781821501467536e-03
8.645000000000000000e+02,3.712051999999999539e-03,4.542706283537820480e-03
8.650000000000000000e+02,3.468465999999999910e-03,4.273160704306122777e-03
8.655000000000000000e+02,3.362268000000000288e-03,3.730049492295511252e-03
8.660000000000000000e+02,3.391835999999999636e-03,3.072599790399979918e-03
8.665000000000000000e+02,3.542261999999999581e-03,2.597372999527406724e-03
8.670000000000000000e+02,3.787089999999999901e-03,2.640487339857928214e-03
8.675000000000000000e+02,4.091462000000000571e-03,3.161493713804283071e-03
8.680000000000000000e+02,4.416353999999999939e-03,3.803192764107020656e-03
8.685000000000000000e+02,4.723119999999999923e-03,4.287088924994441816e-03
8.690000000000000000e+02,4.977483999999999902e-03,4.467684867969762448e-03
8.695000000000000000e+02,5.152372000000000549e-03,4.293308118685869312e-03
8.700000000000000000e+02,5.229223999999999331e-03,3.791360829956178131e-03
8.705000000000000000e+02,5.198105999999999213e-03,3.079270409411294200e-03
8.710000000000000000e+02,5.057018000000000797e-03,2.420050009465506916e-03
8.715000000000000000e+02,4.811130000000001135e-03,2.265084026600337926e-03
8.720000000000000000e+02,4.472267999999999730e-03,2.792088461912336800e-03
8.725000000000000000e+02,4.058792000000000302e-03,3.606219969133053673e-03
8.730000000000000000e+02,3.595556000000000620e-03,4.348129907358564208e-03
8.735000000000000000e+02,3.113454000000000308e-03,4.833800404076071290e-03
8.740000000000000000e+02,2.648079999999999705e-03,4.978607055693389481e-03
8.745000000000000000e+02,2.237243999999999778e-03,4.766048313017399486e-03
8.750000000000000000e+02,1.917590000000000267e-03,4.242604577835412845e-03
8.755000000000000000e+02,1.720758000000000400e-03,3.526985411284543591e-03
8.760000000000000000e+02,1.669842000000000158e-03,2.839329798539436643e-03
8.765000000000000000e+02,1.776718000000000047e-03,2.512020186766817948e-03
8.770000000000000000e+02,2.040531999999999849e-03,2.735923845706235858e-03
8.775000000000000000e+02,2.447444000000000008e-03,3.266371813565626444e-03
8.780000000000000000e+02,2.971415999999999728e-03,3.764147470936280663e-03
8.785000000000000000e+02,3.575731999999999435e-03,4.034491937869501103e-03
8.790000000000000000e+02,4.215199999999999676e-03,4.002066812794359031e-03
8.795000000000000000e+02,4.838957999999999975e-03,3.679822797350981375e-03
8.800000000000000000e+02,5.394069999999999941e-03,3.167748055047938608e-03
8.805000000000000000e+02,5.829961999999999298e-03,2.676830795943964652e-03
8.810000000000000000e+02,6.103525999999999743e-03,2.518620503272773342e-03
8.815000000000000000e+02,6.184348000000000102e-03,2.845533527847458367e-03
8.820000000000000000e+02,6.059285999999998798e-03,3.438922813209972958e-03
8.825000000000000000e+02,5.735439999999999636e-03,4.003970404182577957e-03
8.830000000000000000e+02,5.240865999999999407e-03,4.351012167494593304e-03
8.835000000000000000e+02,4.622533999999999324e-03,4.383553472693813881e-03
8.840000000000000000e+02,3.941835999999999778e-03,4.078598114897568142e-03
8.845000000000000000e+02,3.268150000000000048e-03,3.486973971842921224e-03
8.850000000000000000e+02,2.671377999999999860e-03,2.759548608867761887e-03
8.855000000000000000e+02,2.214436000000000182e-03,2.221551447985394001e-03
8.860000000000000000e+02,1.946477999999999750e-03,2.306572142213201941e-03
8.865000000000000000e+02,1.897510000000000255e-03,2.947822549448999001e-03
8.870000000000000000e+02,2.074813999999999912e-03,3.698103400819939632e-03
8.875000000000000000e+02,2.461479999999999831e-03,4.264343445180043303e-03
8.880000000000000000e+02,3.017200000000000264e-03,4.503975496988188790e-03
8.885000000000000000e+02,3.681455999999999618e-03,4.364821596575969680e-03
8.890000000000000000e+02,4.379008000000001073e-03,3.869724060284401770e-03
8.895000000000000000e+02,5.027417999999999644e-03,3.128184309485935576e-03
8.900000000000000000e+02,5.545930000000000130e-03,2.396817368305311901e-03
8.905000000000000000e+02,5.864794000000001298e-03,2.169036104371248243e-03
8.910000000000000000e+02,5.933743999999999477e-03,2.706852730080822229e-03
8.915000000000000000e+02,5.728452000000000197e-03,3.574853441864994479e-03
8.920000000000000000e+02,5.253990000000000049e-03,4.363834074680199987e-03
8.925000000000000000e+02,4.544833999999999333e-03,4.869358586015821652e-03
8.930000000000000000e+02,3.661546000000000332e-03,4.995877864762707753e-03
8.935000000000000000e+02,2.684737999999999881e-03,4.721072268378656740e-03
8.940000000000000000e+02,1.707187999999999675e-03,4.089296194959959711e-03
8.945000000000000000e+02,8.250119999999999676e-04,3.219672776656658936e-03
8.950000000000000000e+02,1.286419999999999925e-04,2.349341517479738330e-03
8.955000000000000000e+02,-3.057940000000000744e-04,1.927298174420865370e-03
8.960000000000000000e+02,-4.242239999999998469e-04,2.260309519213242989e-03
8.965000000000000000e+02,-2.009799999999999900e-04,2.913811410409053622e-03
8.970000000000000000e+02,3.569540000000001470e-04,3.447199976979287150e-03
8.975000000000000000e+02,1.208465999999999620e-03,3.671280855606937153e-03
8.980000000000000000e+02,2.280385999999999698e-03,3.530025447809973134e-03
8.985000000000000000e+02,3.473345999999999986e-03,3.061762147301125281e-03
8.990000000000000000e+02,4.671261999999999810e-03,2.420953261792552907e-03
8.995000000000000000e+02,5.753393999999999349e-03,1.976447544906264741e-03
9.000000000000000000e+02,6.607632000000000436e-03,2.217341528543584610e-03
9.005000000000000000e+02,7.143159999999999961e-03,3.006186868517989833e-03
9.010000000000000000e+02,7.300889999999999984e-03,3.874769254331153056e-03
9.015000000000000000e+02,7.060458000000000359e-03,4.546420858353744654e-03
9.020000000000000000e+02,6.442978000000000247e-03,4.879282999342628158e-03
9.025000000000000000e+02,5.509450000000000805e-03,4.811444927834048965e-03
9.030000000000000000e+02,4.355153999999999970e-03,4.349226391182229277e-03
9.035000000000000000e+02,3.100550000000000094e-03,3.571499602084535988e-03
9.040000000000000000e+02,1.879473999999999685e-03,2.658775379665608354e-03
9.045000000000000000e+02,8.255579999999999993e-04,1.997413113072506186e-03
9.050000000000000000e+02,5.790799999999992058e-05,2.118009674511426438e-03
9.055000000000000000e+02,-3.324859999999999470e-04,2.824535394943033552e-03
9.060000000000000000e+02,-2.943039999999997897e-04,3.554285937891885159e-03
9.065000000000000000e+02,1.763339999999996978e-04,4.024558458979816955e-03
9.070000000000000000e+02,1.033070000000000082e-03,4.121199870005093878e-03
9.075000000000000000e+02,2.182421999999999834e-03,3.819357349634097069e-03
9.080000000000000000e+02,3.492904000000000234e-03,3.165281816730699822e-03
9.085000000000000000e+02,4.809289999999999052e-03,2.290171544808379100e-03
9.090000000000000000e+02,5.970401999999999654e-03,1.527214124212449616e-03
9.095000000000000000e+02,6.828162000000000467e-03,1.605304328348366397e-03
9.100000000000000000e+02,7.265433999999999434e-03,2.442736305159850553e-03
9.105000000000000000e+02,7.210453999999999822e-03,3.345866355474467427e-03
9.110000000000000000e+02,6.646158000000000968e-03,4.025151469454783457e-03
9.115000000000000000e+02,5.613345999999999961e-03,4.361866587744975786e-03
9.120000000000000000e+02,4.207394000000000585e-03,4.312742297887273493e-03
9.125000000000000000e+02,2.568827999999999997e-03,3.894471187780697719e-03
9.130000000000000000e+02,8.688160000000000110e-04,3.184620633068560233e-03
9.135000000000000000e+02,-7.091580000000002057e-04,2.341420461445145856e-03
9.140000000000000000e+02,-1.989412000000000298e-03,1.689607341169539105e-03
9.145000000000000000e+02,-2.823941999999999859e-03,1.720699726481642652e-03
9.150000000000000000e+02,-3.109899999999999644e-03,2.304046552146896045e-03
9.155000000000000000e+02,-2.802536000000000003e-03,2.916636336080656589e-03
9.160000000000000000e+02,-1.922089999999999996e-03,3.304704529320283673e-03
9.165000000000000000e+02,-5.534579999999999448e-04,3.375161308973839355e-03
9.170000000000000000e+02,1.161560000000000066e-03,3.115457814641373318e-03
9.175000000000000000e+02,3.038872000000000188e-03,2.578883307857104089e-03
9.180000000000000000e+02,4.872192000000000016e-03,1.910299635317454312e-03
9.185000000000000000e+02,6.456393999999999848e-03,1.467901748689605075e-03
9.190000000000000000e+02,7.611418000000000003e-03,1.744015979400417990e-03
9.195000000000000000e+02,8.203907999999999340e-03,2.496799312823119038e-03
9.200000000000000000e+02,8.163824000000000081e-03,3.272725467966416252e-03
9.205000000000000000e+02,7.493872000000000380e-03,3.858445241847290302e-03
9.210000000000000000e+02,6.270429999999998713e-03,4.151414885489042306e-03
9.215000000000000000e+02,4.635658000000000833e-03,4.108973186139573512e-03
9.220000000000000000e+02,2.781542000000000129e-03,3.739647202716320749e-03
9.225000000000000000e+02,9.278140000000001126e-04,3.105898694301860094e-03
9.230000000000000000e+02,-7.037699999999997213e-04,2.342512218488944972e-03
9.235000000000000000e+02,-1.915613999999999945e-03,1.727162097669468835e-03
9.240000000000000000e+02,-2.557771999999999823e-03,1.699035199045034359e-03
9.245000000000000000e+02,-2.545991999999999526e-03,2.227684223298715196e-03
9.250000000000000000e+02,-1.872163999999999729e-03,2.851744837324335542e-03
9.255000000000000000e+02,-6.060239999999999291e-04,3.309398698010863372e-03
9.260000000000000000e+02,1.112042000000000152e-03,3.493766171900174796e-03
9.265000000000000000e+02,3.086316000000000406e-03,3.373578175388262847e-03
9.270000000000000000e+02,5.087637999999999362e-03,2.972770333664206521e-03
9.275000000000000000e+02,6.879564000000000339e-03,2.374994242539547537e-03
9.280000000000000000e+02,8.245999999999999858e-03,1.766167413553992828e-03
9.285000000000000000e+02,9.017189999999999581e-03,1.525514869075355684e-03
9.290000000000000000e+02,9.090905999999999293e-03,1.900046585325212631e-03
9.295000000000000000e+02,8.446033999999999833e-03,2.539843795487430663e-03
9.300000000000000000e+02,7.146526000000000267e-03,3.108404936557655155e-03
9.305000000000000000e+02,5.334936000000000192e-03,3.445144894062657052e-03
9.310000000000000000e+02,3.216115999999999333e-03,3.476565149703942856e-03
9.315000000000000000e+02,1.033016000000000099e-03,3.185874008140623156e-03
9.320000000000000000e+02,-9.622619999999999698e-04,2.607486695525788878e-03
9.325000000000000000e+02,-2.538526000000000150e-03,1.835839633384680992e-03
9.330000000000000000e+02,-3.512896000000000161e-03,1.106286046348773288e-03
9.335000000000000000e+02,-3.772153999999999785e-03,1.077548378703248669e-03
9.340000000000000000e+02,-3.285688000000000584e-03,1.758060489736914958e-03
9.345000000000000000e+02,-2.108716000000000063e-03,2.467342035261021506e-03
9.350000000000000000e+02,-3.756459999999999877e-04,2.968536071407251557e-03
9.355000000000000000e+02,1.715465999999999909e-03,3.178049149775062643e-03
9.360000000000000000e+02,3.925482000000000103e-03,3.077261204870980829e-03
9.365000000000000000e+02,6.001397999999999802e-03,2.707538124029650484e-03
9.370000000000000000e+02,7.705247999999999611e-03,2.193275327183981036e-03
9.375000000000000000e+02,8.841579999999999925e-03,1.806879847148115930e-03
9.380000000000000000e+02,9.280388000000000526e-03,1.918021414279308780e-03
9.385000000000000000e+02,8.972798000000000579e-03,2.490715755160351035e-03
9.390000000000000000e+02,7.957410000000001565e-03,3.168111008108775301e-03
9.395000000000000000e+02,6.356283999999999372e-03,3.703329114781184987e-03
9.400000000000000000e+02,4.360720000000000221e-03,3.963651584805354643e-03
9.405000000000000000e+02,2.208493999999999648e-03,3.885060850004281880e-03
9.410000000000000000e+02,1.553080000000001874e-04,3.457592839767863538e-03
9.415000000000000000e+02,-1.555933999999999920e-03,2.720504196744787020e-03
9.420000000000000000e+02,-2.724124000000000077e-03,1.762345996745814805e-03
9.425000000000000000e+02,-3.213556000000000658e-03,7.803544571705859235e-04
9.430000000000000000e+02,-2.969343999999999630e-03,8.221758378996550090e-04
9.435000000000000000e+02,-2.022967999999999988e-03,1.732928799753181114e-03
9.440000000000000000e+02,-4.875699999999999956e-04,2.528332786347556402e-03
9.445000000000000000e+02,1.456177999999999813e-03,3.051022894570605982e-03
9.450000000000000000e+02,3.581605999999999766e-03,3.249050501833727640e-03
9.455000000000000000e+02,5.642451999999999190e-03,3.126697114162802806e-03
9.460000000000000000e+02,7.401080000000001720e-03,2.748071556999562293e-03
9.465000000000000000e+02,8.655401999999997806e-03,2.257199280904103027e-03
9.470000000000000000e+02,9.261596000000000412e-03,1.914398281086252896e-03
9.475000000000000000e+02,9.150216000000000946e-03,1.996500006367642969e-03
9.480000000000000000e+02,8.333771999999999708e-03,2.432648657232276777e-03
9.485000000000000000e+02,6.905062000000000873e-03,2.919328430597351726e-03
9.490000000000000000e+02,5.026284000000000654e-03,3.240059763019194697e-03
9.495000000000000000e+02,2.910185999999999936e-03,3.283731958661668515e-03
9.500000000000000000e+02,7.954239999999997623e-04,3.010005235448270314e-03
9.505000000000000000e+02,-1.081001999999999961e-03,2.434403467084698090e-03
9.510000000000000000e+02,-2.510914000000000375e-03,1.625640622279721486e-03
9.515000000000000000e+02,-3.338530000000000143e-03,7.592671875236015663e-04
9.520000000000000000e+02,-3.477763999999999942e-03,7.668651581901474341e-04
9.525000000000000000e+02,-2.921286000000000369e-03,1.627231558717443004e-03
9.530000000000000000e+02,-1.740473999999999884e-03,2.420617104255854291e-03
9.535000000000000000e+02,-7.639800000000026702e-05,2.979003677123276319e-03
9.540000000000000000e+02,1.876954000000000122e-03,3.240892534115563835e-03
9.545000000000000000e+02,3.895196000000000075e-03,3.199324535999122174e-03
9.550000000000000000e+02,5.749175999999999939e-03,2.904711477204921771e-03
9.555000000000000000e+02,7.230889999999999367e-03,2.479186653152601859e-03
9.560000000000000000e+02,8.176736000000000421e-03,2.138811591631202807e-03
9.565000000000000000e+02,8.485621999999999956e-03,2.132956066187018194e-03
9.570000000000000000e+02,8.129873999999998740e-03,2.479315499089617455e-03
9.575000000000000000e+02,7.157755999999999494e-03,2.944031667323909838e-03
9.580000000000000000e+02,5.687420000000000322e-03,3.309932529927158383e-03
9.585000000000000000e+02,3.892953999999999685e-03,3.452054168760391485e-03
9.590000000000000000e+02,1.984192000000000507e-03,3.315855248992935142e-03
9.595000000000000000e+02,1.825440000000001144e-04,2.900483102554813741e-03
9.600000000000000000e+02,-1.304344000000000033e-03,2.251623471323746864e-03
9.605000000000000000e+02,-2.306246000000000511e-03,1.467984266375494881e-03
9.610000000000000000e+02,-2.709633999999999827e-03,8.064234359974912711e-04
9.615000000000000000e+02,-2.470370000000000378e-03,9.710400096442987601e-04
9.620000000000000000e+02,-1.618419999999999971e-03,1.645465049385735120e-03
9.625000000000000000e+02,-2.540239999999999382e-04,2.257321851827071620e-03
9.630000000000000000e+02,1.464228000000000144e-03,2.670088664170910692e-03
9.635000000000000000e+02,3.337961999999999874e-03,2.849381827678417346e-03
9.640000000000000000e+02,5.152066000000000284e-03,2.813386010254546963e-03
9.645000000000000000e+02,6.699517999999999793e-03,2.627326987729924901e-03
9.650000000000000000e+02,7.805099999999999712e-03,2.399753284660737385e-03
9.655000000000000000e+02,8.345241999999999244e-03,2.258801917817053646e-03
9.660000000000000000e+02,8.261741999999999003e-03,2.281436151082032703e-03
9.665000000000000000e+02,7.567658000000000544e-03,2.426680640256150250e-03
9.670000000000000000e+02,6.344882000000000473e-03,2.577135720899075607e-03
9.675000000000000000e+02,4.733700000000000407e-03,2.624274290239112916e-03
9.680000000000000000e+02,2.915810000000000016e-03,2.504455360762096027e-03
9.685000000000000000e+02,1.092981999999999938e-03,2.201391083454732299e-03
9.690000000000000000e+02,-5.359820000000001684e-04,1.744082868883815472e-03
9.695000000000000000e+02,-1.797304000000000002e-03,1.219461500673965203e-03
9.700000000000000000e+02,-2.560872000000000061e-03,8.534040669542183096e-04
9.705000000000000000e+02,-2.753638000000000093e-03,9.984183992815837561e-04
9.710000000000000000e+02,-2.366584000000000135e-03,1.455413337198748977e-03
9.715000000000000000e+02,-1.454814000000000020e-03,1.896678651326049033e-03
9.720000000000000000e+02,-1.308139999999999303e-04,2.199092563128255112e-03
9.725000000000000000e+02,1.448307999999999931e-03,2.320372343453524534e-03
9.730000000000000000e+02,3.098431999999999489e-03,2.262407417772934869e-03
9.735000000000000000e+02,4.629094000000000264e-03,2.067619917297664183e-03
9.740000000000000000e+02,5.865012000000000177e-03,1.823974944360256135e-03
9.745000000000000000e+02,6.666077999999998893e-03,1.662689008451069018e-03
9.750000000000000000e+02,6.943427999999999753e-03,1.696073913853402872e-03
9.755000000000000000e+02,6.669502000000000763e-03,1.904422727732474991e-03
9.760000000000000000e+02,5.880816000000000515e-03,2.162890793337934620e-03
9.765000000000000000e+02,4.673015999999999455e-03,2.356030984990647049e-03
9.770000000000000000e+02,3.188876000000000210e-03,2.416496462367780530e-03
9.775000000000000000e+02,1.600918000000000219e-03,2.321179806799550816e-03
9.780000000000000000e+02,9.101800000000000168e-05,2.084967732612186264e-03
9.785000000000000000e+02,-1.170398000000000228e-03,1.758635517082490904e-03
9.790000000000000000e+02,-2.043108000000000077e-03,1.431479864592583116e-03
9.795000000000000000e+02,-2.431912000000000483e-03,1.226789900795568176e-03
9.800000000000000000e+02,-2.296282000000000184e-03,1.227765705594515994e-03
9.805000000000000000e+02,-1.654130000000000184e-03,1.368571982706792093e-03
9.810000000000000000e+02,-5.795439999999999793e-04,1.517083892995374061e-03
9.815000000000000000e+02,8.053080000000000221e-04,1.590568904302482392e-03
9.820000000000000000e+02,2.343542000000000108e-03,1.566557817715005189e-03
9.825000000000000000e+02,3.861028000000000290e-03,1.472502305065767885e-03
9.830000000000000000e+02,5.186258000000000881e-03,1.381647975753592678e-03
9.835000000000000000e+02,6.170378000000000668e-03,1.390410954755463618e-03
9.840000000000000000e+02,6.704749999999999772e-03,1.544530330641000811e-03
9.845000000000000000e+02,6.733698000000000634e-03,1.792460737202910106e-03
9.850000000000000000e+02,6.260560000000000083e-03,2.041914204551699506e-03
9.855000000000000000e+02,5.346227999999999744e-03,2.216882518072168812e-03
9.860000000000000000e+02,4.100465999999999660e-03,2.273021693390980119e-03
9.865000000000000000e+02,2.667483999999999914e-03,2.200558744241108006e-03
9.870000000000000000e+02,1.207892000000000124e-03,2.028413393537914673e-03
9.875000000000000000e+02,-1.202080000000001203e-04,1.829868370450180850e-03
9.880000000000000000e+02,-1.178732000000000044e-03,1.715385905344333833e-03
9.885000000000000000e+02,-1.863675999999999874e-03,1.771704110876305346e-03
9.890000000000000000e+02,-2.114803999999999642e-03,1.974243436057468437e-03
9.895000000000000000e+02,-1.920406000000000153e-03,2.212936050308729388e-03
9.900000000000000000e+02,-1.317253999999999908e-03,2.380240984086694992e-03
9.905000000000000000e+02,-3.858199999999997721e-04,2.405611043674766702e-03
9.910000000000000000e+02,7.587439999999998899e-04,2.256356530778325098e-03
9.915000000000000000e+02,1.979492000000000231e-03,1.935404962919646523e-03
9.920000000000000000e+02,3.133243999999999439e-03,1.486506249662610749e-03
9.925000000000000000e+02,4.087247999999999923e-03,1.030896961822082378e-03
9.930000000000000000e+02,4.734758000000000369e-03,8.821669259125509326e-04
9.935000000000000000e+02,5.007343999999999511e-03,1.236035678722908083e-03
9.940000000000000000e+02,4.882176000000000224e-03,1.761000500052739863e-03
9.945000000000000000e+02,4.383317999999999763e-03,2.231537505025178812e-03
9.950000000000000000e+02,3.577206000000000309e-03,2.557721080748641494e-03
9.955000000000000000e+02,2.563283999999999875e-03,2.704797630758353204e-03
9.960000000000000000e+02,1.461412000000000041e-03,2.677886371643501979e-03
9.965000000000000000e+02,3.978760000000001323e-04,2.521363270000180189e-03
9.970000000000000000e+02,-5.084100000000004805e-04,2.317342728361516946e-03
9.975000000000000000e+02,-1.158228000000000079e-03,2.168428095518502418e-03
9.980000000000000000e+02,-1.481951999999999705e-03,2.144642364529340296e-03
9.985000000000000000e+02,-1.446406000000000124e-03,2.223593190151021935e-03
9.990000000000000000e+02,-1.058279999999999985e-03,2.307152265785681038e-03
9.995000000000000000e+02,-3.636000000000001102e-04,2.291345932588529592e-03
1.000000000000000000e+03,5.569439999999999721e-04,2.108026460954890401e-03
1.000500000000000000e+03,1.596851999999999950e-03,1.735771323364342349e-03
1.001000000000000000e+03,2.636167999999999931e-03,1.211222709312370638e-03
1.001500000000000000e+03,3.556026000000000326e-03,7.251001317376792573e-04
1.002000000000000000e+03,4.253325999999999982e-03,8.976463084901537687e-04
1.002500000000000000e+03,4.653362000000000297e-03,1.587788493970150724e-03
1.003000000000000000e+03,4.718332000000000429e-03,2.309868139947386222e-03
1.003500000000000000e+03,4.450672000000000135e-03,2.906424038116943529e-03
1.004000000000000000e+03,3.891001999999999742e-03,3.299241664550203561e-03
1.004500000000000000e+03,3.111597999999999708e-03,3.448996813334857109e-03
1.005000000000000000e+03,2.206697999999999993e-03,3.355219372533485827e-03
1.005500000000000000e+03,1.281239999999999896e-03,3.062118224353854029e-03
1.006000000000000000e+03,4.393019999999999217e-04,2.667557940415540233e-03
1.006500000000000000e+03,-2.267279999999999881e-04,2.330193973317242710e-03
1.007000000000000000e+03,-6.454939999999997121e-04,2.227359510087224131e-03
1.007500000000000000e+03,-7.739040000000001716e-04,2.403537894000425199e-03
1.008000000000000000e+03,-6.016680000000002981e-04,2.712553116017085188e-03
1.008500000000000000e+03,-1.526119999999996156e-04,2.973558437279146330e-03
1.009000000000000000e+03,5.175979999999999730e-04,3.068622328069063685e-03
1.009500000000000000e+03,1.327582000000000111e-03,2.947363757028304346e-03
1.010000000000000000e+03,2.179767999999999897e-03,2.620348229053535028e-03
1.010500000000000000e+03,2.972492000000000190e-03,2.167250895176651895e-03
1.011000000000000000e+03,3.612988000000000137e-03,1.771745928352595019e-03
1.011500000000000000e+03,4.029288000000000661e-03,1.718302111060217557e-03
1.012000000000000000e+03,4.179041999999999132e-03,2.087852639621388257e-03
1.012500000000000000e+03,4.053874000000000713e-03,2.633474394921279504e-03
1.013000000000000000e+03,3.678850000000000002e-03,3.128352054953214331e-03
1.013500000000000000e+03,3.107618000000000359e-03,3.453447163673420851e-03
1.014000000000000000e+03,2.414488000000000224e-03,3.561139304452157987e-03
1.014500000000000000e+03,1.685005999999999960e-03,3.456484849442566318e-03
1.015000000000000000e+03,1.006262000000000172e-03,3.190043480763858890e-03
1.015500000000000000e+03,4.578919999999998369e-04,2.851730904923183499e-03
1.016000000000000000e+03,1.041679999999999690e-04,2.555255261666434380e-03
1.016500000000000000e+03,-1.240400000000014755e-05,2.394563984354145230e-03
1.017000000000000000e+03,1.242980000000000896e-04,2.378689135510145009e-03
1.017500000000000000e+03,5.017040000000000605e-04,2.423540590793972840e-03
1.018000000000000000e+03,1.079010000000000039e-03,2.423917302762204021e-03
1.018500000000000000e+03,1.790950000000000137e-03,2.316140133644767080e-03
1.019000000000000000e+03,2.554840000000000062e-03,2.101868692737488692e-03
1.019500000000000000e+03,3.280476000000000052e-03,1.864149170143312041e-03
1.020000000000000000e+03,3.881628000000000248e-03,1.774898449327172055e-03
1.020500000000000000e+03,4.287515999999999897e-03,1.987673634127594749e-03
1.021000000000000000e+03,4.452293999999999870e-03,2.454378591901827580e-03
1.021500000000000000e+03,4.360944000000000279e-03,3.007092916353932242e-03
1.022000000000000000e+03,4.030604000000000131e-03,3.505196543003829754e-03
1.022500000000000000e+03,3.507219999999999695e-03,3.858743401941880369e-03
1.023000000000000000e+03,2.858470000000000108e-03,4.019390292900155807e-03
1.023500000000000000e+03,2.164265999999999759e-03,3.974760224491031592e-03
1.024000000000000000e+03,1.506614000000000087e-03,3.745077149060617016e-03
1.024500000000000000e+03,9.601819999999997458e-04,3.379730964957714055e-03
1.025000000000000000e+03,5.846020000000000383e-04,2.953527461005568417e-03
1.025500000000000000e+03,4.189240000000002059e-04,2.561628782518263116e-03
1.026000000000000000e+03,4.784299999999999035e-04,2.303842201330203766e-03
1.026500000000000000e+03,7.536719999999999357e-04,2.240640482001519333e-03
1.027000000000000000e+03,1.211742000000000027e-03,2.346904832888201901e-03
1.027500000000000000e+03,1.799713999999999568e-03,2.536830547812762068e-03
1.028000000000000000e+03,2.450244000000000293e-03,2.728330890589702410e-03
1.028500000000000000e+03,3.089025999999999491e-03,2.872202433509169883e-03
1.029000000000000000e+03,3.643504000000000100e-03,2.952314851465879728e-03
1.029500000000000000e+03,4.051844000000000626e-03,2.980041404077466913e-03
1.030000000000000000e+03,4.270833999999999395e-03,2.987116774151288377e-03
1.030500000000000000e+03,4.281416000000000562e-03,3.012894508258793895e-03
1.031000000000000000e+03,4.090823999999999849e-03,3.085066836268867546e-03
1.031500000000000000e+03,3.730909999999999609e-03,3.203076181874230533e-03
1.032000000000000000e+03,3.252945999999999616e-03,3.337147834541646235e-03
1.032500000000000000e+03,2.719929999999999744e-03,3.442518484907524171e-03
1.033000000000000000e+03,2.197918000000000094e-03,3.476066109666788549e-03
1.033500000000000000e+03,1.747871999999999707e-03,3.406718348810773220e-03
1.034000000000000000e+03,1.419219999999999683e-03,3.219831967250775390e-03
1.034500000000000000e+03,1.245695999999999913e-03,2.919684717563867347e-03
1.035000000000000000e+03,1.243331999999999988e-03,2.534447845715906596e-03
1.035500000000000000e+03,1.410245999999999982e-03,2.127984553949111707e-03
1.036000000000000000e+03,1.727660000000000003e-03,1.817331782817876214e-03
1.036500000000000000e+03,2.162009999999999800e-03,1.749633478083338547e-03
1.037000000000000000e+03,2.668020000000000114e-03,1.960437321454067995e-03
1.037500000000000000e+03,3.193000000000000092e-03,2.318155389951242866e-03
1.038000000000000000e+03,3.682180000000000175e-03,2.674699003732943208e-03
1.038500000000000000e+03,4.084759999999999780e-03,2.943288822164756482e-03
1.039000000000000000e+03,4.359936000000000020e-03,3.095491151264367479e-03
1.039500000000000000e+03,4.481831999999999830e-03,3.150809232959685038e-03
1.040000000000000000e+03,4.442483999999999149e-03,3.164686641646530935e-03
1.040500000000000000e+03,4.252291999999999531e-03,3.204392811367544683e-03
1.041000000000000000e+03,3.937854000000000181e-03,3.311175840327118189e-03
1.041500000000000000e+03,3.537719999999999840e-03,3.471320530364488833e-03
1.042000000000000000e+03,3.096917999999999720e-03,3.622579591607891485e-03
1.042500000000000000e+03,2.661346000000000631e-03,3.685785001922385010e-03
1.043000000000000000e+03,2.272877999999999878e-03,3.593286353993235555e-03
1.043500000000000000e+03,1.965736000000000046e-03,3.304361873540184649e-03
1.044000000000000000e+03,1.764202000000000088e-03,2.812882730114072121e-03
1.044500000000000000e+03,1.681412000000000184e-03,2.156503825365028212e-03
1.045000000000000000e+03,1.718928000000000209e-03,1.452979634851775609e-03
1.045500000000000000e+03,1.866982000000000103e-03,1.065059305820103110e-03
1.046000000000000000e+03,2.105402000000000141e-03,1.440924175345115058e-03
1.046500000000000000e+03,2.405449999999999949e-03,2.150838045035004340e-03
1.047000000000000000e+03,2.732693999999999922e-03,2.808518650720696376e-03
1.047500000000000000e+03,3.050730000000000195e-03,3.273346771616169291e-03
1.048000000000000000e+03,3.325345999999999858e-03,3.487773690967635107e-03
1.048500000000000000e+03,3.528465999999999634e-03,3.445349254912482510e-03
1.049000000000000000e+03,3.641192000000000126e-03,3.187753829031345076e-03
1.049500000000000000e+03,3.655546000000000403e-03,2.807070426224821547e-03
1.050000000000000000e+03,3.574702000000000348e-03,2.445447497709570504e-03
1.050500000000000000e+03,3.411886000000000259e-03,2.261299760028731391e-03
1.051000000000000000e+03,3.188371999999999647e-03,2.316717198773729936e-03
1.051500000000000000e+03,2.931042000000000022e-03,2.505942679215547673e-03
1.052000000000000000e+03,2.669841999999999962e-03,2.664469955672984797e-03
1.052500000000000000e+03,2.435307999999999744e-03,2.675905294191855462e-03
1.053000000000000000e+03,2.256115999999999851e-03,2.491151691089083138e-03
1.053500000000000000e+03,2.156511999999999752e-03,2.124940918076077042e-03
1.054000000000000000e+03,2.153662000000000198e-03,1.669576566089138545e-03
1.054500000000000000e+03,2.255137999999999848e-03,1.351291641568909884e-03
1.055000000000000000e+03,2.457102000000000071e-03,1.472880946558138924e-03
1.055500000000000000e+03,2.743648000000000007e-03,1.956552817095413756e-03
1.056000000000000000e+03,3.087880000000000312e-03,2.500644809134236392e-03
1.056500000000000000e+03,3.454646000000000019e-03,2.925493468096621724e-03
1.057000000000000000e+03,3.804693999999999958e-03,3.146511887933366863e-03
1.057500000000000000e+03,4.099458000000000268e-03,3.137665889842957984e-03
1.058000000000000000e+03,4.305757999999999808e-03,2.924109088542012520e-03
1.058500000000000000e+03,4.399600000000000039e-03,2.585815586334415904e-03
1.059000000000000000e+03,4.368683999999999415e-03,2.264010560919714650e-03
1.059500000000000000e+03,4.213432000000000462e-03,2.134136933847966423e-03
1.060000000000000000e+03,3.946676000000000524e-03,2.275474812177889165e-03
1.060500000000000000e+03,3.592268000000000457e-03,2.578276600284383838e-03
1.061000000000000000e+03,3.182897999999999977e-03,2.870243834691401253e-03
1.061500000000000000e+03,2.757274000000000530e-03,3.030420774857181272e-03
1.062000000000000000e+03,2.356761999999999226e-03,3.003047231545651150e-03
1.062500000000000000e+03,2.021383999999999768e-03,2.789254323631317617e-03
1.063000000000000000e+03,1.785413999999999708e-03,2.445637669287092399e-03
1.063500000000000000e+03,1.672825999999999437e-03,2.092128389615704239e-03
1.064000000000000000e+03,1.693456000000000084e-03,1.905848697275310975e-03
1.064500000000000000e+03,1.840598000000000147e-03,2.009173741467870124e-03
1.065000000000000000e+03,2.090797999999999615e-03,2.322026162732452985e-03
1.065500000000000000e+03,2.406286000000000102e-03,2.666702753528409336e-03
1.066000000000000000e+03,2.739733999999999746e-03,2.913039362701094499e-03
1.066500000000000000e+03,3.040717999999999980e-03,2.997281585462733492e-03
1.067000000000000000e+03,3.262750000000000459e-03,2.907527146588660943e-03
1.067500000000000000e+03,3.369690000000000272e-03,2.672939939615179544e-03
1.068000000000000000e+03,3.340563999999999860e-03,2.356104342136824438e-03
1.068500000000000000e+03,3.172202000000000268e-03,2.043721123041008017e-03
1.069000000000000000e+03,2.879451999999999793e-03,1.825210304566024381e-03
1.069500000000000000e+03,2.493179999999999789e-03,1.747341374314131902e-03
1.070000000000000000e+03,2.056626000000000200e-03,1.779858294583026423e-03
1.070500000000000000e+03,1.620572000000000028e-03,1.852691724724866117e-03
1.071000000000000000e+03,1.237964000000000035e-03,1.917975729170210038e-03
1.071500000000000000e+03,9.583039999999997749e-04,1.971135245716538423e-03
1.072000000000000000e+03,8.221400000000003922e-04,2.038808165919491280e-03
1.072500000000000000e+03,8.560060000000003014e-04,2.152063334297110893e-03
1.073000000000000000e+03,1.068322000000000455e-03,2.319523347369885878e-03
1.073500000000000000e+03,1.446828000000000046e-03,2.519227692014756881e-03
1.074000000000000000e+03,1.958304000000000121e-03,2.712195660933406673e-03
1.074500000000000000e+03,2.551073999999999529e-03,2.861264193610230360e-03
1.075000000000000000e+03,3.160384000000000023e-03,2.943060541464615713e-03
1.075500000000000000e+03,3.716305999999999950e-03,2.951917048384997914e-03
1.076000000000000000e+03,4.153010000000000382e-03,2.897675791141928175e-03
1.076500000000000000e+03,4.418046000000000126e-03,2.798871660224169257e-03
1.077000000000000000e+03,4.479949999999999904e-03,2.673676190440794475e-03
1.077500000000000000e+03,4.332890000000000699e-03,2.533436919749532633e-03
1.078000000000000000e+03,3.997472000000000178e-03,2.384623943296720026e-03
1.078500000000000000e+03,3.517639999999999829e-03,2.241213472342605713e-03
1.079000000000000000e+03,2.954422000000000385e-03,2.140799309492601339e-03
1.079500000000000000e+03,2.377622000000000242e-03,2.145684730479759713e-03
1.080000000000000000e+03,1.856973999999999734e-03,2.306248855580420639e-03
1.080500000000000000e+03,1.453885999999999720e-03,2.610727477655604926e-03
1.081000000000000000e+03,1.214768000000000184e-03,2.987207793288575424e-03
1.081500000000000000e+03,1.166191999999999923e-03,3.346006498003851592e-03
1.082000000000000000e+03,1.312110000000000446e-03,3.610203804468661154e-03
1.082500000000000000e+03,1.633173999999999824e-03,3.728076891219653938e-03
1.083000000000000000e+03,2.088157999999999681e-03,3.678371182375970820e-03
1.083500000000000000e+03,2.617806000000000299e-03,3.473637210679319381e-03
1.084000000000000000e+03,3.151068000000000792e-03,3.162699982259461421e-03
1.084500000000000000e+03,3.613473999999999766e-03,2.830628442622944770e-03
1.085000000000000000e+03,3.936824000000000226e-03,2.585412459049039272e-03
1.085500000000000000e+03,4.068850000000000591e-03,2.508585245210933398e-03
1.086000000000000000e+03,3.981282000000000050e-03,2.586929799168117931e-03
1.086500000000000000e+03,3.674758000000000191e-03,2.717218404984038035e-03
1.087000000000000000e+03,3.179490000000000094e-03,2.782297036096254006e-03
1.087500000000000000e+03,2.551442000000000120e-03,2.704135337897125083e-03
1.088000000000000000e+03,1.864659999999999972e-03,2.460769522976501752e-03
1.088500000000000000e+03,1.201217999999999991e-03,2.099278028483602190e-03
1.089000000000000000e+03,6.404999999999999019e-04,1.767600178148327501e-03
1.089500000000000000e+03,2.495420000000001665e-04,1.720198119250802848e-03
1.090000000000000000e+03,7.556200000000001956e-05,2.074467434968310046e-03
1.090500000000000000e+03,1.413300000000001122e-04,2.641647381682498113e-03
1.091000000000000000e+03,4.432959999999995992e-04,3.204623065676523441e-03
1.091500000000000000e+03,9.522639999999993245e-04,3.634001873940903571e-03
1.092000000000000000e+03,1.616355999999999999e-03,3.867004442855735864e-03
1.092500000000000000e+03,2.366042000000000058e-03,3.892207255944112650e-03
1.093000000000000000e+03,3.121134000000000235e-03,3.744572161490014768e-03
1.093500000000000000e+03,3.799443999999999912e-03,3.501197565576098271e-03
1.094000000000000000e+03,4.326422000000000774e-03,3.267990698601206095e-03
1.094500000000000000e+03,4.644646000000000538e-03,3.142207472290141617e-03
1.095000000000000000e+03,4.721698000000000735e-03,3.153290175539510878e-03
1.095500000000000000e+03,4.555059999999999665e-03,3.237681827119520944e-03
1.096000000000000000e+03,4.172827999999999954e-03,3.284217330699050908e-03
1.096500000000000000e+03,3.629956000000000155e-03,3.195582197267971686e-03
1.097000000000000000e+03,3.000554000000000329e-03,2.921866115068587431e-03
1.097500000000000000e+03,2.367608000000000212e-03,2.479027529152106647e-03
1.098000000000000000e+03,1.811892000000000060e-03,1.984295659906557419e-03
1.098500000000000000e+03,1.401904000000000041e-03,1.728010804421083657e-03
1.099000000000000000e+03,1.186127999999999835e-03,2.016749536172997466e-03
1.099500000000000000e+03,1.188330000000000029e-03,2.696469937575792560e-03
1.100000000000000000e+03,1.405943999999999900e-03,3.446192115304368316e-03
1.100500000000000000e+03,1.811257999999999618e-03,4.070172972199584231e-03
1.101000000000000000e+03,2.354846000000000283e-03,4.461417176180232369e-03
1.101500000000000000e+03,2.970985999999999679e-03,4.568723780348948882e-03
1.102000000000000000e+03,3.584655999999999433e-03,4.387983434153551465e-03
1.102500000000000000e+03,4.119677999999999882e-03,3.960990399998969881e-03
1.103000000000000000e+03,4.507491999999999228e-03,3.378122056414481055e-03
1.103500000000000000e+03,4.695497999999999339e-03,2.786289317410164078e-03
1.104000000000000000e+03,4.653843999999999863e-03,2.386230684442726055e-03
1.104500000000000000e+03,4.379504000000000209e-03,2.331200239993553094e-03
1.105000000000000000e+03,3.896845999999999817e-03,2.542895643123405970e-03
1.105500000000000000e+03,3.254550000000000585e-03,2.791867621636097592e-03
1.106000000000000000e+03,2.519322000000000054e-03,2.900013833348730630e-03
1.106500000000000000e+03,1.767560000000000051e-03,2.784452482426303093e-03
1.107000000000000000e+03,1.076217999999999880e-03,2.445449522428136055e-03
1.107500000000000000e+03,5.143199999999999682e-04,1.978174728731008775e-03
1.108000000000000000e+03,1.360359999999999694e-04,1.637810097091845375e-03
1.108500000000000000e+03,-2.410199999999997693e-05,1.792020633021282816e-03
1.109000000000000000e+03,4.631399999999990250e-05,2.402046673311324359e-03
1.109500000000000000e+03,3.372979999999999273e-04,3.130918091144193217e-03
1.110000000000000000e+03,8.180900000000004835e-04,3.757653281154342984e-03
1.110500000000000000e+03,1.440453999999999866e-03,4.168130046508385610e-03
1.111000000000000000e+03,2.143451999999999684e-03,4.313768950562141095e-03
1.111500000000000000e+03,2.859282000000000316e-03,4.201317354016950723e-03
1.112000000000000000e+03,3.519844000000000271e-03,3.892660742035708964e-03
1.112500000000000000e+03,4.063372000000000858e-03,3.504900412164944998e-03
1.113000000000000000e+03,4.440421999999999425e-03,3.194947374925602348e-03
1.113500000000000000e+03,4.618592000000000357e-03,3.092487048363177712e-03
1.114000000000000000e+03,4.585450000000000463e-03,3.193574903461636038e-03
1.114500000000000000e+03,4.349440000000000424e-03,3.355945449318269158e-03
1.115000000000000000e+03,3.938795999999999617e-03,3.410473432306136005e-03
1.115500000000000000e+03,3.398655999999999899e-03,3.238823969748278690e-03
1.116000000000000000e+03,2.786723999999999972e-03,2.791721682038880714e-03
1.116500000000000000e+03,2.167836000000000242e-03,2.095827986149149079e-03
1.117000000000000000e+03,1.607822000000000071e-03,1.314416393063476624e-03
1.117500000000000000e+03,1.167171999999999958e-03,1.100995053205962434e-03
1.118000000000000000e+03,8.949900000000003469e-04,1.887617638644012961e-03
1.118500000000000000e+03,8.238419999999996518e-04,2.898019444680107783e-03
1.119000000000000000e+03,9.660940000000000239e-04,3.782081816215244335e-03
1.119500000000000000e+03,1.312212000000000101e-03,4.400372175796497635e-03
1.120000000000000000e+03,1.831325999999999440e-03,4.682506935631381741e-03
1.120500000000000000e+03,2.474046000000000144e-03,4.612499751139938382e-03
1.121000000000000000e+03,3.177235999999999949e-03,4.230216271499128919e-03
1.121500000000000000e+03,3.870120000000000331e-03,3.636108746135076342e-03
1.122000000000000000e+03,4.480951999999998984e-03,3.000295617212410566e-03
1.122500000000000000e+03,4.943593999999999940e-03,2.558658447062835215e-03
1.123000000000000000e+03,5.203540000000000422e-03,2.492039124022734937e-03
1.123500000000000000e+03,5.223041999999999789e-03,2.705403240552875250e-03
1.124000000000000000e+03,4.985182000000000328e-03,2.927727567678386263e-03
1.124500000000000000e+03,4.496636000000000036e-03,2.952285195956853413e-03
1.125000000000000000e+03,3.788703999999999510e-03,2.682741287852035816e-03
1.125500000000000000e+03,2.916131999999999665e-03,2.112567329671174998e-03
1.126000000000000000e+03,1.953340000000000024e-03,1.334029279809855004e-03
1.126500000000000000e+03,9.879720000000001556e-04,7.921082849042798820e-04
1.127000000000000000e+03,1.122240000000000016e-04,1.399196494147980467e-03
1.127500000000000000e+03,-5.870500000000000934e-04,2.381537152374491040e-03
1.128000000000000000e+03,-1.038184000000000155e-03,3.253898107546700138e-03
1.128500000000000000e+03,-1.193054000000000033e-03,3.864544374676787564e-03
1.129000000000000000e+03,-1.032744000000000370e-03,4.140757721546383524e-03
1.129500000000000000e+03,-5.698779999999998994e-04,4.071756744763124596e-03
1.130000000000000000e+03,1.525539999999997052e-04,3.716501132098037896e-03
1.130500000000000000e+03,1.065360000000000222e-03,3.220169342384030138e-03
1.131000000000000000e+03,2.079705999999999742e-03,2.829193325459750108e-03
1.131500000000000000e+03,3.095197999999999526e-03,2.806524923878995353e-03
1.132000000000000000e+03,4.008971999999999536e-03,3.162859185448191595e-03
1.132500000000000000e+03,4.725327999999999994e-03,3.639128680320881382e-03
1.133000000000000000e+03,5.165480000000000071e-03,3.977180904124175999e-03
1.133500000000000000e+03,5.276657999999999175e-03,4.018765916686863233e-03
1.134000000000000000e+03,5.039593999999999671e-03,3.692391029382722113e-03
1.134500000000000000e+03,4.473012000000000168e-03,2.996882408886607924e-03
1.135000000000000000e+03,3.633948000000000126e-03,1.995242751344807920e-03
1.135500000000000000e+03,2.613179999999999670e-03,8.597724957277942844e-04
1.136000000000000000e+03,1.525835999999999816e-03,8.609677790289251616e-04
1.136500000000000000e+03,4.981900000000000260e-04,2.038074533418736227e-03
1.137000000000000000e+03,-3.475120000000000162e-04,3.114651718223724382e-03
1.137500000000000000e+03,-9.080159999999999881e-04,3.897720006477633017e-03
1.138000000000000000e+03,-1.111687999999999999e-03,4.297685933796698693e-03
1.138500000000000000e+03,-9.270300000000005619e-04,4.283659088462806082e-03
1.139000000000000000e+03,-3.662260000000002033e-04,3.887498738000566556e-03
1.139500000000000000e+03,5.164200000000002903e-04,3.214436546192816005e-03
1.140000000000000000e+03,1.630550000000000358e-03,2.474755618678337217e-03
1.140500000000000000e+03,2.859323999999999893e-03,2.043230614117260997e-03
1.141000000000000000e+03,4.071327999999999926e-03,2.236919131272742216e-03
1.141500000000000000e+03,5.133771999999999988e-03,2.790251913957590701e-03
1.142000000000000000e+03,5.926004000000000341e-03,3.284888572537278568e-03
1.142500000000000000e+03,6.352324000000001206e-03,3.497479498797097328e-03
1.143000000000000000e+03,6.352972000000001000e-03,3.335532397788094992e-03
1.143500000000000000e+03,5.911925999999999640e-03,2.786876340824257035e-03
1.144000000000000000e+03,5.060298000000000400e-03,1.901662401906289860e-03
1.144500000000000000e+03,3.874325999999999985e-03,7.987440840319256184e-04
1.145000000000000000e+03,2.467864000000000169e-03,6.189244325489178791e-04
1.145500000000000000e+03,9.800000000000004020e-04,1.801075619800567712e-03
1.146000000000000000e+03,-4.406079999999999936e-04,2.867689851925064436e-03
1.146500000000000000e+03,-1.652572000000000155e-03,3.652770602842997805e-03
1.147000000000000000e+03,-2.537580000000000217e-03,4.062831757310409950e-03
1.147500000000000000e+03,-3.013018000000000120e-03,4.054996670398632388e-03
1.148000000000000000e+03,-3.040168000000000210e-03,3.643900126284198206e-03
1.148500000000000000e+03,-2.627221999999999804e-03,2.913138604907771455e-03
1.149000000000000000e+03,-1.827291999999999892e-03,2.059164874922355531e-03
1.149500000000000000e+03,-7.320440000000000540e-04,1.566643172112271208e-03
1.150000000000000000e+03,5.381319999999999767e-04,1.989483422827141579e-03
1.150500000000000000e+03,1.846354000000000137e-03,2.854961862319004440e-03
1.151000000000000000e+03,3.052983999999999472e-03,3.644111082789051881e-03
1.151500000000000000e+03,4.029765999999999730e-03,4.147132222664958942e-03
1.152000000000000000e+03,4.673204000000000247e-03,4.275234819572604379e-03
1.152500000000000000e+03,4.915864000000000691e-03,4.008742615098404537e-03
1.153000000000000000e+03,4.734158000000000463e-03,3.386855672248818491e-03
1.153500000000000000e+03,4.151394000000000091e-03,2.511364872752662979e-03
1.154000000000000000e+03,3.235427999999999828e-03,1.595946495595638743e-03
1.154500000000000000e+03,2.091065999999999932e-03,1.214108436213998067e-03
1.155000000000000000e+03,8.480500000000000408e-04,1.782562760081675022e-03
1.155500000000000000e+03,-3.537979999999996236e-04,2.564593690356037521e-03
1.156000000000000000e+03,-1.380320000000000201e-03,3.154802075972437062e-03
1.156500000000000000e+03,-2.117805999999999855e-03,3.425234544107307912e-03
1.157000000000000000e+03,-2.485010000000000170e-03,3.343575181686513163e-03
1.157500000000000000e+03,-2.441329999999999802e-03,2.946382085750251078e-03
1.158000000000000000e+03,-1.990360000000000046e-03,2.349094730569629454e-03
1.158500000000000000e+03,-1.178902000000000118e-03,1.801204408484500825e-03
1.159000000000000000e+03,-9.176999999999987522e-05,1.721156474501955250e-03
1.159500000000000000e+03,1.156946000000000059e-03,2.196804012916491345e-03
1.160000000000000000e+03,2.435408000000000017e-03,2.824867000636313054e-03
1.160500000000000000e+03,3.607343999999999742e-03,3.309791308252832843e-03
1.161000000000000000e+03,4.546131999999999604e-03,3.511639969282727858e-03
1.161500000000000000e+03,5.148246000000000419e-03,3.373646467427492222e-03
1.162000000000000000e+03,5.344527999999999432e-03,2.898059015360797842e-03
1.162500000000000000e+03,5.107972000000000554e-03,2.141141694235577063e-03
1.163000000000000000e+03,4.456833999999999796e-03,1.237117312099382180e-03
1.163500000000000000e+03,3.452742000000000398e-03,7.274942354575739817e-04
1.164000000000000000e+03,2.193908000000000056e-03,1.418969216210838038e-03
1.164500000000000000e+03,8.043679999999997499e-04,2.317236882557326995e-03
1.165000000000000000e+03,-5.793880000000001251e-04,3.034042119340797476e-03
1.165500000000000000e+03,-1.822816000000000323e-03,3.456879531588568245e-03
1.166000000000000000e+03,-2.807151999999999391e-03,3.538473348919558923e-03
1.166500000000000000e+03,-3.441219999999999609e-03,3.281770589608603520e-03
1.167000000000000000e+03,-3.670183999999999946e-03,2.743378191450460829e-03
1.167500000000000000e+03,-3.480613999999999930e-03,2.055186271646927687e-03
1.168000000000000000e+03,-2.901535999999999699e-03,1.513438750321928266e-03
1.168500000000000000e+03,-2.001440000000000163e-03,1.597797442159048934e-03
1.169000000000000000e+03,-8.814799999999999155e-04,2.215646988019526805e-03
1.169500000000000000e+03,3.347299999999999343e-04,2.897014880412249020e-03
1.170000000000000000e+03,1.513908000000000007e-03,3.404690767907417488e-03
1.170500000000000000e+03,2.527308000000000245e-03,3.638468198846046570e-03
1.171000000000000000e+03,3.264890000000000327e-03,3.566315702215662378e-03
1.171500000000000000e+03,3.647689999999999873e-03,3.208783801975445896e-03
1.172000000000000000e+03,3.636799999999999929e-03,2.638754796044906741e-03
1.172500000000000000e+03,3.237811999999999635e-03,1.997532297191712426e-03
1.173000000000000000e+03,2.500032000000000122e-03,1.544367017591349433e-03
1.173500000000000000e+03,1.510595999999999901e-03,1.577757198236154432e-03
1.174000000000000000e+03,3.843180000000000836e-04,1.971290603047657925e-03
1.174500000000000000e+03,-7.493980000000000780e-04,2.375322301464371719e-03
1.175000000000000000e+03,-1.760948000000000027e-03,2.600580262480663846e-03
1.175500000000000000e+03,-2.534499999999999861e-03,2.578411368211053732e-03
1.176000000000000000e+03,-2.980255999999999704e-03,2.312981890686998093e-03
1.176500000000000000e+03,-3.043815999999999970e-03,1.878253515550017691e-03
1.177000000000000000e+03,-2.711882000000000095e-03,1.459481598819937316e-03
1.177500000000000000e+03,-2.013858000000000315e-03,1.394858090640047673e-03
1.178000000000000000e+03,-1.019053999999999923e-03,1.796543032606232873e-03
1.178500000000000000e+03,1.703740000000000462e-04,2.356801994429315750e-03
1.179000000000000000e+03,1.430206000000000055e-03,2.827578770024983743e-03
1.179500000000000000e+03,2.627650000000000038e-03,3.083766264589454451e-03
1.180000000000000000e+03,3.636127999999999756e-03,3.068104777474850008e-03
1.180500000000000000e+03,4.349511999999999823e-03,2.774542496179145147e-03
1.181000000000000000e+03,4.694082000000000462e-03,2.249653462094550888e-03
1.181500000000000000e+03,4.636658000000000099e-03,1.618080557998890188e-03
1.182000000000000000e+03,4.187853999999999535e-03,1.194235590470322681e-03
1.182500000000000000e+03,3.400163999999999791e-03,1.420644700921381036e-03
1.183000000000000000e+03,2.361302000000000019e-03,2.040463623244481804e-03
1.183500000000000000e+03,1.183811999999999798e-03,2.637581494658317299e-03
1.184000000000000000e+03,-7.492000000000088527e-06,3.033397916184752807e-03
1.184500000000000000e+03,-1.088888000000000095e-03,3.149636229840518942e-03
1.185000000000000000e+03,-1.950338000000000028e-03,2.962381477131870080e-03
1.185500000000000000e+03,-2.506481999999999981e-03,2.494223360514049876e-03
1.186000000000000000e+03,-2.705019999999999820e-03,1.820695305299599182e-03
1.186500000000000000e+03,-2.531970000000000141e-03,1.129493631110861998e-03
1.187000000000000000e+03,-2.013164000000000012e-03,9.824165816576999315e-04
1.187500000000000000e+03,-1.211562000000000012e-03,1.586981568961656330e-03
1.188000000000000000e+03,-2.204860000000001248e-04,2.299069422739556841e-03
1.188500000000000000e+03,8.468180000000002667e-04,2.847790735277786790e-03
1.189000000000000000e+03,1.870080000000000310e-03,3.134567312512207080e-03
1.189500000000000000e+03,2.735850000000000174e-03,3.123794926668522348e-03
1.190000000000000000e+03,3.350409999999999413e-03,2.829485912779916828e-03
1.190500000000000000e+03,3.650196000000000083e-03,2.319268595957785922e-03
1.191000000000000000e+03,3.608375999999999945e-03,1.738590445506359161e-03
1.191500000000000000e+03,3.236936000000000153e-03,1.377585034539066233e-03
1.192000000000000000e+03,2.584306000000000190e-03,1.533042289229491571e-03
1.192500000000000000e+03,1.729020000000000166e-03,1.991904472867611891e-03
1.193000000000000000e+03,7.705179999999998757e-04,2.405587882810353729e-03
1.193500000000000000e+03,-1.817779999999998984e-04,2.599725905781992159e-03
1.194000000000000000e+03,-1.019936000000000367e-03,2.501594221073034224e-03
1.194500000000000000e+03,-1.648565999999999964e-03,2.098589419868974754e-03
1.195000000000000000e+03,-1.994583999999999767e-03,1.427259409377285926e-03
1.195500000000000000e+03,-2.014934000000000343e-03,5.952249480372944932e-04
1.196000000000000000e+03,-1.701379999999999950e-03,6.023387195839232690e-04
1.196500000000000000e+03,-1.081695999999999830e-03,1.547456616033547963e-03
1.197000000000000000e+03,-2.168540000000001840e-04,2.430854512424797560e-03
1.197500000000000000e+03,8.057699999999997070e-04,3.111688637592134946e-03
1.198000000000000000e+03,1.882344000000000421e-03,3.508964291031756687e-03
1.198500000000000000e+03,2.904469999999999708e-03,3.580326477165175422e-03
1.199000000000000000e+03,3.771320000000000314e-03,3.327393471860519078e-03
1.199500000000000000e+03,4.400450000000000195e-03,2.803691078911869309e-03
1.200000000000000000e+03,4.735984000000000374e-03,2.135299874197064789e-03
1.200500000000000000e+03,4.753372000000000500e-03,1.591552771592572588e-03
1.201000000000000000e+03,4.460564000000000195e-03,1.595859719194014925e-03
1.201500000000000000e+03,3.895880000000000003e-03,2.106682939070329223e-03
1.202000000000000000e+03,3.123186000000000018e-03,2.682963963758365229e-03
1.202500000000000000e+03,2.225104000000000318e-03,3.070961241236366043e-03
1.203000000000000000e+03,1.294874000000000112e-03,3.159779020506972135e-03
1.203500000000000000e+03,4.273979999999996779e-04,2.911759583886348434e-03
1.204000000000000000e+03,-2.900480000000000527e-04,2.342820029166559591e-03
1.204500000000000000e+03,-7.867380000000000423e-04,1.518674962516337705e-03
1.205000000000000000e+03,-1.016207999999999998e-03,6.128772689486859746e-04
1.205500000000000000e+03,-9.616100000000001122e-04,8.112883666428356280e-04
1.206000000000000000e+03,-6.376999999999999422e-04,1.788724305000633473e-03
1.206500000000000000e+03,-8.889600000000011924e-05,2.662641862043410926e-03
1.207000000000000000e+03,6.165040000000000320e-04,3.292016034996791095e-03
1.207500000000000000e+03,1.394999999999999973e-03,3.605053342458333383e-03
1.208000000000000000e+03,2.158146000000000543e-03,3.573618852161768861e-03
1.208500000000000000e+03,2.822729999999999857e-03,3.214704406207513025e-03
1.209000000000000000e+03,3.319526000000000594e-03,2.593852503562220791e-03
1.209500000000000000e+03,3.599765999999999903e-03,1.839853207124416377e-03
1.210000000000000000e+03,3.638977999999999744e-03,1.224553409980144638e-03
1.210500000000000000e+03,3.438379999999999995e-03,1.233918794751097045e-03
1.211000000000000000e+03,3.024080000000000171e-03,1.733993318998086489e-03
1.211500000000000000e+03,2.444446000000000292e-03,2.205268364683989849e-03
1.212000000000000000e+03,1.765670000000000000e-03,2.430720804401443388e-03
1.212500000000000000e+03,1.065601999999999912e-03,2.334160900917928855e-03
1.213000000000000000e+03,4.259980000000000233e-04,1.905842432882109755e-03
1.213500000000000000e+03,-7.641399999999999039e-05,1.188671413800298149e-03
1.214000000000000000e+03,-3.789719999999999894e-04,3.552773043469002550e-04
1.214500000000000000e+03,-4.410859999999999846e-04,9.349470806767621375e-04
1.215000000000000000e+03,-2.495879999999999692e-04,1.996281656286005932e-03
1.215500000000000000e+03,1.795980000000002683e-04,2.965672201682781513e-03
1.216000000000000000e+03,8.038620000000003480e-04,3.722505659844454768e-03
1.216500000000000000e+03,1.559962000000000024e-03,4.183170685049080774e-03
1.217000000000000000e+03,2.372429999999999591e-03,4.300949580269454973e-03
1.217500000000000000e+03,3.162785999999999896e-03,4.071732477455511541e-03
1.218000000000000000e+03,3.858067999999999220e-03,3.538026063289245477e-03
1.218500000000000000e+03,4.397639999999999535e-03,2.794551354414514816e-03
1.219000000000000000e+03,4.737908000000000744e-03,2.011923589655929216e-03
1.219500000000000000e+03,4.855027999999999948e-03,1.511739218831740063e-03
1.220000000000000000e+03,4.746071999999999617e-03,1.628865411528527792e-03
1.220500000000000000e+03,4.428895999999999875e-03,2.094759529310225715e-03
1.221000000000000000e+03,3.940719999999999987e-03,2.497365074113113738e-03
1.221500000000000000e+03,3.335217999999999603e-03,2.654768631876231952e-03
1.222000000000000000e+03,2.677848000000000468e-03,2.506965002949582740e-03
1.222500000000000000e+03,2.039316000000000219e-03,2.061286588545125243e-03
1.223000000000000000e+03,1.487709999999999944e-03,1.386149568520655831e-03
1.223500000000000000e+03,1.080182000000000061e-03,7.140999482243364470e-04
1.224000000000000000e+03,8.557039999999999915e-04,9.470820145087751728e-04
1.224500000000000000e+03,8.302280000000000207e-04,1.797500414880063516e-03
1.225000000000000000e+03,9.952639999999998276e-04,2.614338976863176192e-03
1.225500000000000000e+03,1.320138000000000214e-03,3.235581283088712588e-03
1.226000000000000000e+03,1.757304000000000114e-03,3.583007700821475103e-03
1.226500000000000000e+03,2.249363999999999791e-03,3.621837218968572154e-03
1.227000000000000000e+03,2.736506000000000095e-03,3.358504754210719055e-03
1.227500000000000000e+03,3.163072000000000279e-03,2.841364356006458990e-03
1.228000000000000000e+03,3.482747999999999487e-03,2.165231054941712304e-03
1.228500000000000000e+03,3.662243999999999829e-03,1.499795379902205128e-03
1.229000000000000000e+03,3.683724000000000200e-03,1.172043554995291044e-03
1.229500000000000000e+03,3.546205999999999664e-03,1.403048135787222451e-03
1.230000000000000000e+03,3.266005999999999684e-03,1.828424567866008058e-03
1.230500000000000000e+03,2.875897999999999996e-03,2.136607464857314103e-03
1.231000000000000000e+03,2.422614000000000017e-03,2.213480366182632268e-03
1.231500000000000000e+03,1.962343999999999981e-03,2.035502150616893755e-03
1.232000000000000000e+03,1.554397999999999804e-03,1.649130983752958171e-03
1.232500000000000000e+03,1.253655999999999911e-03,1.223943604128066055e-03
1.233000000000000000e+03,1.103059999999999891e-03,1.189774958317748287e-03
1.233500000000000000e+03,1.127459999999999834e-03,1.748214528600537578e-03
1.234000000000000000e+03,1.330105999999999953e-03,2.522616556317269255e-03
1.234500000000000000e+03,1.692382000000000304e-03,3.257279910501091700e-03
1.235000000000000000e+03,2.176784000000000184e-03,3.826383919646067239e-03
1.235500000000000000e+03,2.732336000000000140e-03,4.159498011433109856e-03
1.236000000000000000e+03,3.301350000000000205e-03,4.226190275740078668e-03
1.236500000000000000e+03,3.826318000000000861e-03,4.033927868346681538e-03
1.237000000000000000e+03,4.256068000000000004e-03,3.627511878883926937e-03
1.237500000000000000e+03,4.550701999999999352e-03,3.088682030338182633e-03
1.238000000000000000e+03,4.685026000000000121e-03,2.536811880113698861e-03
1.238500000000000000e+03,4.650664000000000534e-03,2.122072320154523139e-03
1.239000000000000000e+03,4.456762000000000397e-03,1.963760322716089687e-03
1.239500000000000000e+03,4.129324000000000189e-03,2.027392713924955868e-03
1.240000000000000000e+03,3.709004000000000554e-03,2.148948092329361088e-03
1.240500000000000000e+03,3.247193999999999688e-03,2.186811170159874348e-03
1.241000000000000000e+03,2.800513999999999608e-03,2.077677435812883607e-03
1.241500000000000000e+03,2.424055999999999954e-03,1.832600378420238055e-03
1.242000000000000000e+03,2.164224000000000182e-03,1.547364564117325193e-03
1.242500000000000000e+03,2.052301999999999772e-03,1.429877567309173567e-03
1.243000000000000000e+03,2.099849999999999894e-03,1.670941833419104785e-03
1.243500000000000000e+03,2.296854000000000083e-03,2.184066422993128503e-03
1.244000000000000000e+03,2.612940000000000228e-03,2.772916355977944440e-03
1.244500000000000000e+03,3.001506000000000139e-03,3.305178454121047386e-03
1.245000000000000000e+03,3.406020000000000054e-03,3.704506543476472364e-03
1.245500000000000000e+03,3.767550000000000152e-03,3.930415396346803938e-03
1.246000000000000000e+03,4.032341999999999524e-03,3.970010951218396096e-03
1.246500000000000000e+03,4.158611999999999032e-03,3.834259593405746434e-03
1.247000000000000000e+03,4.121691999999999717e-03,3.555887969131480125e-03
1.247500000000000000e+03,3.917117999999999815e-03,3.188687315296688009e-03
1.248000000000000000e+03,3.561472000000000422e-03,2.807675135339556764e-03
1.248500000000000000e+03,3.090889999999999783e-03,2.504198054972889102e-03
1.249000000000000000e+03,2.557381999999999971e-03,2.358796641443258995e-03
1.249500000000000000e+03,2.023194000000000294e-03,2.387997366605750741e-03
1.250000000000000000e+03,1.553566000000000148e-03,2.526772100424966999e-03
1.250500000000000000e+03,1.208622000000000125e-03,2.682961674898469342e-03
1.251000000000000000e+03,1.035317999999999699e-03,2.793301147873962411e-03
1.251500000000000000e+03,1.060602000000000116e-03,2.843689198128726472e-03
1.252000000000000000e+03,1.286937999999999624e-03,2.870088421809335096e-03
1.252500000000000000e+03,1.691030000000000050e-03,2.944786087582593973e-03
1.253000000000000000e+03,2.226033999999999999e-03,3.137674037899093171e-03
1.253500000000000000e+03,2.826986000000000082e-03,3.465245279857690017e-03
1.254000000000000000e+03,3.418749999999999480e-03,3.875110065524590714e-03
1.254500000000000000e+03,3.925439999999999659e-03,4.276557097722418974e-03
1.255000000000000000e+03,4.280131999999999860e-03,4.577222886752839275e-03
1.255500000000000000e+03,4.433663999999999487e-03,4.704252299996887487e-03
1.256000000000000000e+03,4.361359999999999890e-03,4.614181506782106916e-03
1.256500000000000000e+03,4.066887999999999406e-03,4.298085791953669410e-03
1.257000000000000000e+03,3.582542000000000192e-03,3.785373558191318117e-03
1.257500000000000000e+03,2.965978000000000191e-03,3.149204249446834782e-03
1.258000000000000000e+03,2.293532000000000036e-03,2.518608342165172369e-03
1.258500000000000000e+03,1.650945999999999707e-03,2.089464370884557519e-03
1.259000000000000000e+03,1.122421999999999873e-03,2.035639317613510690e-03
1.259500000000000000e+03,7.794920000000000104e-04,2.285387344065333351e-03
1.260000000000000000e+03,6.711099999999999358e-04,2.602122509919546373e-03
1.260500000000000000e+03,8.165119999999999236e-04,2.821402683133692173e-03
1.261000000000000000e+03,1.201984000000000125e-03,2.886587785605350225e-03
1.261500000000000000e+03,1.782135999999999703e-03,2.826091816881751238e-03
1.262000000000000000e+03,2.485451999999999974e-03,2.741033752735270307e-03
1.262500000000000000e+03,3.223311999999999879e-03,2.774643056382928956e-03
1.263000000000000000e+03,3.901068000000000591e-03,3.022744405116648079e-03
1.263500000000000000e+03,4.429772000000000223e-03,3.451520227708943303e-03
1.264000000000000000e+03,4.737103999999999794e-03,3.936790004199613655e-03
1.264500000000000000e+03,4.776284000000000432e-03,4.348630281260525317e-03
1.265000000000000000e+03,4.532025999999999763e-03,4.590686926632657830e-03
1.265500000000000000e+03,4.022897999999999578e-03,4.608476959848448358e-03
1.266000000000000000e+03,3.299718000000000095e-03,4.390394047677726071e-03
1.266500000000000000e+03,2.440092000000000476e-03,3.968892781138588614e-03
1.267000000000000000e+03,1.539487999999999881e-03,3.424561756384895267e-03
1.267500000000000000e+03,6.998239999999999322e-04,2.894444989072343915e-03
1.268000000000000000e+03,1.676199999999985408e-05,2.565543425435243014e-03
1.268500000000000000e+03,-4.325459999999997987e-04,2.575959590658595446e-03
1.269000000000000000e+03,-5.996879999999999138e-04,2.862244628613004865e-03
1.269500000000000000e+03,-4.715680000000000089e-04,3.232902317239727714e-03
1.270000000000000000e+03,-7.231999999999967350e-05,3.536335735447074160e-03
1.270500000000000000e+03,5.398499999999999219e-04,3.702243136850954207e-03
1.271000000000000000e+03,1.280416000000000150e-03,3.728553540962769274e-03
1.271500000000000000e+03,2.049702000000000034e-03,3.667222914605000605e-03
1.272000000000000000e+03,2.745773999999999871e-03,3.605922537926459573e-03
1.272500000000000000e+03,3.277230000000000334e-03,3.631333219878065018e-03
1.273000000000000000e+03,3.574195999999999537e-03,3.778018128059472056e-03
1.273500000000000000e+03,3.596317999999999824e-03,4.004173774064257764e-03
1.274000000000000000e+03,3.336992000000000430e-03,4.219980651419387961e-03
1.274500000000000000e+03,2.823490000000000548e-03,4.333773918709880706e-03
1.275000000000000000e+03,2.113352000000000199e-03,4.281087215916535779e-03
1.275500000000000000e+03,1.287463999999999666e-03,4.035716723326353630e-03
1.276000000000000000e+03,4.407219999999996201e-04,3.612920010629075245e-03
1.276500000000000000e+03,-3.288000000000002943e-04,3.072453211007451692e-03
1.277000000000000000e+03,-9.310919999999994669e-04,2.527275447074180462e-03
1.277500000000000000e+03,-1.294763999999999898e-03,2.151244393876716038e-03
1.278000000000000000e+03,-1.375626000000000236e-03,2.108641148117905602e-03
1.278500000000000000e+03,-1.162311999999999981e-03,2.369141857089608876e-03
1.279000000000000000e+03,-6.780239999999999444e-04,2.740412529232778924e-03
1.279500000000000000e+03,2.196600000000026030e-05,3.064640926096563137e-03
1.280000000000000000e+03,8.568899999999999087e-04,3.266869115342701038e-03
1.280500000000000000e+03,1.730374000000000452e-03,3.335339773034525380e-03
1.281000000000000000e+03,2.542308000000000068e-03,3.305193228066098665e-03
1.281500000000000000e+03,3.201057999999999681e-03,3.244378245732762282e-03
1.282000000000000000e+03,3.634376000000000360e-03,3.229766755938577160e-03
1.282500000000000000e+03,3.797505999999999972e-03,3.310143693809378639e-03
1.283000000000000000e+03,3.677571999999999612e-03,3.478099612077549356e-03
1.283500000000000000e+03,3.293879999999999898e-03,3.678742060363841132e-03
1.284000000000000000e+03,2.694394000000000129e-03,3.843644202099876991e-03
1.284500000000000000e+03,1.949081999999999117e-03,3.918549182324243714e-03
1.285000000000000000e+03,1.141331999999999893e-03,3.875087570109094198e-03
1.285500000000000000e+03,3.584260000000000679e-04,3.712642228565257371e-03
1.286000000000000000e+03,-3.178379999999999747e-04,3.456688429175241214e-03
1.286500000000000000e+03,-8.195100000000000735e-04,3.156655802684226776e-03
1.287000000000000000e+03,-1.099258000000000093e-03,2.882299679364378614e-03
1.287500000000000000e+03,-1.135057999999999987e-03,2.711080617199348314e-03
1.288000000000000000e+03,-9.322959999999997759e-04,2.696444973474518975e-03
1.288500000000000000e+03,-5.230680000000000138e-04,2.833073817353511884e-03
1.289000000000000000e+03,3.741999999999981452e-05,3.062314715212987367e-03
1.289500000000000000e+03,6.772679999999999673e-04,3.312221630571239497e-03
1.290000000000000000e+03,1.316343999999999674e-03,3.527229837217302211e-03
1.290500000000000000e+03,1.876038000000000445e-03,3.676371462883477100e-03
1.291000000000000000e+03,2.288868000000000326e-03,3.751218050540917111e-03
1.291500000000000000e+03,2.506696000000000098e-03,3.760556347336920045e-03
1.292000000000000000e+03,2.506263999999999801e-03,3.723377898817953596e-03
1.292500000000000000e+03,2.291281999999999954e-03,3.660659347604471817e-03
1.293000000000000000e+03,1.890855999999999787e-03,3.587367785935252802e-03
1.293500000000000000e+03,1.354725999999999890e-03,3.507208989640623296e-03
1.294000000000000000e+03,7.463500000000000082e-04,3.412218369032087289e-03
1.294500000000000000e+03,1.349660000000001711e-04,3.287157856392965843e-03
1.295000000000000000e+03,-4.121979999999995795e-04,3.116714846727881415e-03
1.295500000000000000e+03,-8.367779999999998275e-04,2.893616094943142220e-03
1.296000000000000000e+03,-1.094737999999999614e-03,2.627464406857683756e-03
1.296500000000000000e+03,-1.160273999999999767e-03,2.354935616874906899e-03
1.297000000000000000e+03,-1.028044000000000093e-03,2.147897952258439810e-03
1.297500000000000000e+03,-7.136060000000000927e-04,2.098374098728822933e-03
1.298000000000000000e+03,-2.519760000000001096e-04,2.253973966967231374e-03
1.298500000000000000e+03,3.058059999999999381e-04,2.566833370685755664e-03
1.299000000000000000e+03,8.979900000000000946e-04,2.937047024483946042e-03
1.299500000000000000e+03,1.458945999999999811e-03,3.273600621176321526e-03
1.300000000000000000e+03,1.926865999999999952e-03,3.515064896256682621e-03
1.300500000000000000e+03,2.251344000000000175e-03,3.631245694580028868e-03
1.301000000000000000e+03,2.399765999999999792e-03,3.622086027941081796e-03
1.301500000000000000e+03,2.361394000000000166e-03,3.515538804834331468e-03
1.302000000000000000e+03,2.148451999999999914e-03,3.361755615574100499e-03
1.302500000000000000e+03,1.794065999999999977e-03,3.219526476146142811e-03
1.303000000000000000e+03,1.347355999999999641e-03,3.133121625386732414e-03
1.303500000000000000e+03,8.667339999999998639e-04,3.108654766564791436e-03
1.304000000000000000e+03,4.124300000000001966e-04,3.109742205751145263e-03
1.304500000000000000e+03,3.928200000000003488e-05,3.078102332316780092e-03
1.305000000000000000e+03,-2.093980000000000439e-04,2.961475510480206588e-03
1.305500000000000000e+03,-3.063620000000002899e-04,2.734060121033186040e-03
1.306000000000000000e+03,-2.431199999999998000e-04,2.410867302696272259e-03
1.306500000000000000e+03,-3.053399999999994178e-05,2.064966909942142579e-03
1.307000000000000000e+03,3.026940000000000533e-04,1.844957124199909189e-03
1.307500000000000000e+03,7.134740000000000743e-04,1.915020606397226186e-03
1.308000000000000000e+03,1.149425999999999833e-03,2.270503213799971755e-03
1.308500000000000000e+03,1.555132000000000085e-03,2.748981423744802002e-03
1.309000000000000000e+03,1.878905999999999632e-03,3.199816945647984689e-03
1.309500000000000000e+03,2.079438000000000293e-03,3.531368838083045244e-03
1.310000000000000000e+03,2.131368000000000238e-03,3.700669876737724701e-03
1.310500000000000000e+03,2.028961999999999606e-03,3.704395815057294310e-03
1.311000000000000000e+03,1.787205999999999951e-03,3.572651502673609373e-03
1.311500000000000000e+03,1.439818000000000044e-03,3.360352845932105224e-03
1.312000000000000000e+03,1.034495999999999766e-03,3.132261175243213937e-03
1.312500000000000000e+03,6.261440000000001362e-04,2.940562274957971185e-03
1.313000000000000000e+03,2.691980000000000067e-04,2.802705820134178839e-03
1.313500000000000000e+03,1.026600000000009449e-05,2.697092210703222991e-03
1.314000000000000000e+03,-1.178379999999999651e-04,2.583991213217258411e-03
1.314500000000000000e+03,-9.995200000000019770e-05,2.435509018575788675e-03
1.315000000000000000e+03,5.990399999999985878e-05,2.257045718488218632e-03
1.315500000000000000e+03,3.395060000000001610e-04,2.095867381602661752e-03
1.316000000000000000e+03,7.014499999999999468e-04,2.030054904326481641e-03
1.316500000000000000e+03,1.097892000000000052e-03,2.120862627379246478e-03
1.317000000000000000e+03,1.476301999999999866e-03,2.356644874857898551e-03
1.317500000000000000e+03,1.785691999999999748e-03,2.664273765213327153e-03
1.318000000000000000e+03,1.982712000000000190e-03,2.964184209622269545e-03
1.318500000000000000e+03,2.037231999999999932e-03,3.202089778806022254e-03
1.319000000000000000e+03,1.936720000000000065e-03,3.355983498414436342e-03
1.319500000000000000e+03,1.688981999999999897e-03,3.433615744646450509e-03
1.320000000000000000e+03,1.322477999999999761e-03,3.463573130334336812e-03
1.320500000000000000e+03,8.837879999999999348e-04,3.478811179968524948e-03
1.321000000000000000e+03,4.321399999999998029e-04,3.496329844286719807e-03
1.321500000000000000e+03,3.159400000000006376e-05,3.504648470173006829e-03
1.322000000000000000e+03,-2.580360000000001160e-04,3.469155031076876124e-03
1.322500000000000000e+03,-3.899840000000002289e-04,3.352018479605385799e-03
1.323000000000000000e+03,-3.376759999999999701e-04,3.134614125849623668e-03
1.323500000000000000e+03,-9.890000000000003226e-05,2.834778591976805286e-03
1.324000000000000000e+03,3.034520000000002246e-04,2.517060108200437976e-03
1.324500000000000000e+03,8.242300000000001231e-04,2.287801199333106342e-03
1.325000000000000000e+03,1.401866000000000093e-03,2.245066638658193160e-03
1.325500000000000000e+03,1.966321999999999948e-03,2.388844196603034844e-03
1.326000000000000000e+03,2.447933999999999700e-03,2.615313877821551312e-03
1.326500000000000000e+03,2.786086000000000118e-03,2.807321970172997703e-03
1.327000000000000000e+03,2.936634000000000466e-03,2.892549634334041792e-03
1.327500000000000000e+03,2.877498000000000035e-03,2.855277167692131263e-03
1.328000000000000000e+03,2.611775999999999681e-03,2.737003436325208174e-03
1.328500000000000000e+03,2.168195999999999839e-03,2.631466578295456934e-03
1.329000000000000000e+03,1.598589999999999994e-03,2.650724104398645246e-03
1.329500000000000000e+03,9.724219999999999132e-04,2.846256788971086079e-03
1.330000000000000000e+03,3.687019999999999404e-04,3.159486171916882618e-03
1.330500000000000000e+03,-1.339780000000000376e-04,3.469591880284192496e-03
1.331000000000000000e+03,-4.680519999999997803e-04,3.662536617801110273e-03
1.331500000000000000e+03,-5.866039999999999015e-04,3.663758295728035842e-03
1.332000000000000000e+03,-4.705260000000000280e-04,3.449428182655206107e-03
1.332500000000000000e+03,-1.317999999999999782e-04,3.054132210692588577e-03
1.333000000000000000e+03,3.876640000000002376e-04,2.582457627653549602e-03
1.333500000000000000e+03,1.021612000000000084e-03,2.218699621421069742e-03
1.334000000000000000e+03,1.688561999999999789e-03,2.158080997574929067e-03
1.334500000000000000e+03,2.303038000000000307e-03,2.395160574780738974e-03
1.335000000000000000e+03,2.787050000000000118e-03,2.718546723199731941e-03
1.335500000000000000e+03,3.080187999999999763e-03,2.933164040563363689e-03
1.336000000000000000e+03,3.146890000000000277e-03,2.938732924312789825e-03
1.336500000000000000e+03,2.980252000000000075e-03,2.724038035228950206e-03
1.337000000000000000e+03,2.602140000000000182e-03,2.374353890735329733e-03
1.337500000000000000e+03,2.060090000000000098e-03,2.106282683924453648e-03
1.338000000000000000e+03,1.421562000000000129e-03,2.216218133757144517e-03
1.338500000000000000e+03,7.662579999999999131e-04,2.751700387639249845e-03
1.339000000000000000e+03,1.772140000000001908e-04,3.469089817288678861e-03
1.339500000000000000e+03,-2.686220000000000448e-04,4.134550961096501720e-03
1.340000000000000000e+03,-5.096040000000003067e-04,4.599914623673573809e-03
1.340500000000000000e+03,-5.073720000000000747e-04,4.783892296241001006e-03
1.341000000000000000e+03,-2.525520000000001800e-04,4.663474939646829881e-03
1.341500000000000000e+03,2.327859999999995835e-04,4.275202330714419040e-03
1.342000000000000000e+03,8.967920000000002053e-04,3.720873973014135385e-03
1.342500000000000000e+03,1.663676000000000000e-03,3.173065879977281668e-03
1.343000000000000000e+03,2.443170000000000151e-03,2.847184972709008825e-03
1.343500000000000000e+03,3.142401999999999869e-03,2.858634227673068420e-03
1.344000000000000000e+03,3.678304000000000296e-03,3.081021181760359127e-03
1.344500000000000000e+03,3.988696000000000776e-03,3.277147214018009264e-03
1.345000000000000000e+03,4.040320000000000022e-03,3.272007212233799065e-03
1.345500000000000000e+03,3.832812000000000545e-03,2.985769062230701158e-03
1.346000000000000000e+03,3.398213999999999228e-03,2.422731350782830750e-03
1.346500000000000000e+03,2.796350000000000398e-03,1.685349539377514272e-03
1.347000000000000000e+03,2.107030000000000187e-03,1.136620195368708052e-03
1.347500000000000000e+03,1.420075999999999934e-03,1.488162066754155710e-03
1.348000000000000000e+03,8.245120000000000096e-04,2.377136364345554340e-03
1.348500000000000000e+03,3.980079999999995002e-04,3.258545902640316936e-03
1.349000000000000000e+03,1.976440000000003730e-04,3.932883280826675147e-03
1.349500000000000000e+03,2.528159999999998915e-04,4.304905963880744681e-03
1.350000000000000000e+03,5.611339999999995914e-04,4.336052778481368740e-03
1.350500000000000000e+03,1.087801999999999693e-03,4.041335365671104574e-03
1.351000000000000000e+03,1.768964000000000257e-03,3.495049987146964937e-03
1.351500000000000000e+03,2.518892000000000006e-03,2.845178526719193291e-03
1.352000000000000000e+03,3.240457999999999446e-03,2.336048179645274208e-03
1.352500000000000000e+03,3.837710000000000253e-03,2.235839571791769197e-03
1.353000000000000000e+03,4.228865999999999528e-03,2.524122488296873593e-03
1.353500000000000000e+03,4.357835999999999481e-03,2.898781096632858847e-03
1.354000000000000000e+03,4.202404000000000729e-03,3.113961888621310809e-03
1.354500000000000000e+03,3.777725999999999914e-03,3.051171005388914233e-03
1.355000000000000000e+03,3.134534000000000018e-03,2.684556520482666350e-03
1.355500000000000000e+03,2.352225999999999796e-03,2.071588335935979196e-03
1.356000000000000000e+03,1.528130000000000157e-03,1.417792013692417610e-03
1.356500000000000000e+03,7.644899999999999396e-04,1.310799601537168462e-03
1.357000000000000000e+03,1.551600000000000255e-04,2.019895691784602543e-03
1.357500000000000000e+03,-2.261060000000002235e-04,2.958395229188622022e-03
1.358000000000000000e+03,-3.343540000000001398e-04,3.804782390880718894e-03
1.358500000000000000e+03,-1.582179999999999004e-04,4.420849812139516360e-03
1.359000000000000000e+03,2.794520000000000749e-04,4.737720941666362026e-03
1.359500000000000000e+03,9.249379999999999321e-04,4.738155456259745234e-03
1.360000000000000000e+03,1.700319999999999523e-03,4.457011173336903297e-03
1.360500000000000000e+03,2.512665999999999338e-03,3.985184162958595525e-03
1.361000000000000000e+03,3.264746000000000228e-03,3.472364078211845340e-03
1.361500000000000000e+03,3.866258000000000021e-03,3.108390820137326479e-03
1.362000000000000000e+03,4.244392000000000477e-03,3.029098100592649695e-03
1.362500000000000000e+03,4.352699999999999278e-03,3.185319441437545630e-03
1.363000000000000000e+03,4.177104000000000060e-03,3.386450350915542334e-03
1.363500000000000000e+03,3.738245999999999757e-03,3.454227064773825878e-03
1.364000000000000000e+03,3.089504000000000295e-03,3.286522589205192069e-03
1.364500000000000000e+03,2.310766000000000122e-03,2.856552816456576441e-03
1.365000000000000000e+03,1.498616000000000141e-03,2.210354483160110323e-03
1.365500000000000000e+03,7.541540000000000439e-04,1.509864063515653108e-03
1.366000000000000000e+03,1.701860000000000406e-04,1.229997020990701399e-03
1.366500000000000000e+03,-1.804720000000000163e-04,1.766873157324543335e-03
1.367000000000000000e+03,-2.539259999999999673e-04,2.599505348562683709e-03
1.367500000000000000e+03,-4.028199999999962551e-05,3.359514354196749264e-03
1.368000000000000000e+03,4.356600000000002029e-04,3.899549552011103478e-03
1.368500000000000000e+03,1.117951999999999748e-03,4.148976367776032251e-03
1.369000000000000000e+03,1.926657999999999930e-03,4.086298995004403016e-03
1.369500000000000000e+03,2.767484000000000610e-03,3.736737809533337024e-03
1.370000000000000000e+03,3.542713999999999759e-03,3.176930392332511215e-03
1.370500000000000000e+03,4.162136000000000308e-03,2.550089073590567842e-03
1.371000000000000000e+03,4.552964000000000490e-03,2.091955947264664654e-03
1.371500000000000000e+03,4.667860000000000238e-03,2.051305492543711341e-03
1.372000000000000000e+03,4.490425999999999619e-03,2.376291513970034928e-03
1.372500000000000000e+03,4.037560000000000801e-03,2.773703075779741616e-03
1.373000000000000000e+03,3.358293999999999949e-03,3.026828225625960260e-03
1.373500000000000000e+03,2.528785999999999881e-03,3.034580124205983002e-03
1.374000000000000000e+03,1.643776000000000004e-03,2.777054910632124982e-03
1.374500000000000000e+03,8.052739999999999204e-04,2.310762249751367216e-03
1.375000000000000000e+03,1.099260000000001263e-04,1.811423179071086241e-03
1.375500000000000000e+03,-3.631999999999999920e-04,1.657836002272239243e-03
1.376000000000000000e+03,-5.626439999999999480e-04,2.107822688618755849e-03
1.376500000000000000e+03,-4.709020000000000393e-04,2.866150799972674076e-03
1.377000000000000000e+03,-1.062139999999999151e-04,3.614021642896732625e-03
1.377500000000000000e+03,4.803639999999996177e-04,4.181159842711827668e-03
1.378000000000000000e+03,1.212058000000000883e-03,4.478990587817081002e-03
1.378500000000000000e+03,1.996551999999999528e-03,4.476032585146582678e-03
1.379000000000000000e+03,2.737588000000000001e-03,4.195810504982798103e-03
1.379500000000000000e+03,3.346510000000000457e-03,3.722297949315717894e-03
1.380000000000000000e+03,3.752210000000000181e-03,3.208818046039693759e-03
1.380500000000000000e+03,3.908500000000000515e-03,2.867689024767155429e-03
1.381000000000000000e+03,3.798382000000000321e-03,2.858980164889920409e-03
1.381500000000000000e+03,3.434999999999999686e-03,3.116686854606988064e-03
1.382000000000000000e+03,2.859557999999999458e-03,3.414463681706689322e-03
1.382500000000000000e+03,2.136435999999999804e-03,3.553281382631552892e-03
1.383000000000000000e+03,1.346022000000000104e-03,3.418298654894565830e-03
1.383500000000000000e+03,5.759399999999999372e-04,2.969034303899165551e-03
1.384000000000000000e+03,-8.860999999999989870e-05,2.229147957783421483e-03
1.384500000000000000e+03,-5.743580000000000733e-04,1.303114606150970961e-03
1.385000000000000000e+03,-8.282539999999998393e-04,7.037025892278640435e-04
1.385500000000000000e+03,-8.235480000000001185e-04,1.459617983084615092e-03
1.386000000000000000e+03,-5.627400000000001585e-04,2.504204021913949713e-03
1.386500000000000000e+03,-7.700400000000005081e-05,3.400234676184277216e-03
1.387000000000000000e+03,5.780199999999997276e-04,4.018247432560618365e-03
1.387500000000000000e+03,1.329351999999999357e-03,4.291546627601056443e-03
1.388000000000000000e+03,2.095693999999999509e-03,4.203598619878685938e-03
1.388500000000000000e+03,2.797022000000000137e-03,3.792063291154829444e-03
1.389000000000000000e+03,3.363360000000000134e-03,3.158373089110910834e-03
1.389500000000000000e+03,3.741754000000000781e-03,2.492847001202841070e-03
1.390000000000000000e+03,3.900796000000000211e-03,2.104745066692401047e-03
1.390500000000000000e+03,3.832632000000000313e-03,2.232737491023967409e-03
1.391000000000000000e+03,3.552605999999999820e-03,2.677072443720192058e-03
1.391500000000000000e+03,3.096915999999999905e-03,3.091893412529933462e-03
1.392000000000000000e+03,2.518659999999999823e-03,3.275383519159245308e-03
1.392500000000000000e+03,1.882518000000000342e-03,3.145751353014729010e-03
1.393000000000000000e+03,1.258341999999999967e-03,2.706508703474644253e-03
1.393500000000000000e+03,7.140779999999999350e-04,2.054584357103402328e-03
1.394000000000000000e+03,3.084200000000000591e-04,1.482558586886197766e-03
1.394500000000000000e+03,8.408399999999997625e-05,1.593587885253273289e-03
1.395000000000000000e+03,6.261200000000008425e-05,2.363279435372381190e-03
1.395500000000000000e+03,2.415780000000002407e-04,3.242761773455459656e-03
1.396000000000000000e+03,5.948640000000001782e-04,3.955826325847231102e-03
1.396500000000000000e+03,1.076110000000000564e-03,4.373048036245428573e-03
1.397000000000000000e+03,1.624726000000000599e-03,4.436286225758657650e-03
1.397500000000000000e+03,2.173617999999999557e-03,4.146683551479905111e-03
1.398000000000000000e+03,2.657314000000000030e-03,3.567966130879888630e-03
1.398500000000000000e+03,3.019369999999999520e-03,2.843738682729129042e-03
1.399000000000000000e+03,3.218200000000000054e-03,2.244456667737205081e-03
1.399500000000000000e+03,3.230835999999999517e-03,2.141561319592787289e-03
1.400000000000000000e+03,3.054456000000000098e-03,2.562261074364983494e-03
1.400500000000000000e+03,2.705897999999999550e-03,3.121653541396610110e-03
1.401000000000000000e+03,2.219412000000000034e-03,3.521754308455375161e-03
1.401500000000000000e+03,1.642945999999999946e-03,3.619567788193224847e-03
1.402000000000000000e+03,1.033283999999999982e-03,3.365929181008715104e-03
1.402500000000000000e+03,4.503040000000001664e-04,2.780388419959700218e-03
1.403000000000000000e+03,-4.924800000000017629e-05,1.952865730800251503e-03
1.403500000000000000e+03,-4.178679999999998962e-04,1.131868263895582320e-03
1.404000000000000000e+03,-6.225440000000000487e-04,1.128068337578003177e-03
1.404500000000000000e+03,-6.483059999999998607e-04,1.965461736169391883e-03
1.405000000000000000e+03,-4.994359999999998037e-04,2.834576057922242199e-03
1.405500000000000000e+03,-1.981120000000000168e-04,3.482279775582943805e-03
1.406000000000000000e+03,2.192020000000002909e-04,3.814582083515047697e-03
1.406500000000000000e+03,7.068480000000000466e-04,3.803487636030120859e-03
1.407000000000000000e+03,1.215588000000000085e-03,3.479059051829100531e-03
1.407500000000000000e+03,1.697911999999999989e-03,2.937312929438060452e-03
1.408000000000000000e+03,2.112455999999999535e-03,2.366836423261227049e-03
1.408500000000000000e+03,2.427318000000000357e-03,2.074002309189649715e-03
1.409000000000000000e+03,2.622222000000000008e-03,2.275042296546154075e-03
1.409500000000000000e+03,2.689754000000000363e-03,2.772694661528023359e-03
1.410000000000000000e+03,2.635550000000000392e-03,3.254252846834430717e-03
1.410500000000000000e+03,2.477415999999999646e-03,3.536310648552527629e-03
1.411000000000000000e+03,2.243236000000000015e-03,3.542454245953784685e-03
1.411500000000000000e+03,1.967652000000000290e-03,3.273675942654373158e-03
1.412000000000000000e+03,1.687740000000000073e-03,2.806119794789594963e-03
1.412500000000000000e+03,1.438276000000000051e-03,2.313642041037463227e-03
1.413000000000000000e+03,1.247300000000000231e-03,2.084916319922696434e-03
1.413500000000000000e+03,1.132954000000000036e-03,2.318635342591844097e-03
1.414000000000000000e+03,1.102046000000000189e-03,2.838140065085935620e-03
1.414500000000000000e+03,1.150575999999999943e-03,3.355702872656636093e-03
1.415000000000000000e+03,1.265892000000000015e-03,3.690097943176305541e-03
1.415500000000000000e+03,1.429744000000000587e-03,3.752083744208810270e-03
1.416000000000000000e+03,1.621375999999999677e-03,3.516499785622913266e-03
1.416500000000000000e+03,1.820053999999999769e-03,3.012651455433568767e-03
1.417000000000000000e+03,2.006775999999999612e-03,2.329902058818352547e-03
1.417500000000000000e+03,2.165294000000000333e-03,1.662907808294253938e-03
1.418000000000000000e+03,2.282824000000000138e-03,1.419564269769424576e-03
1.418500000000000000e+03,2.350623999999999943e-03,1.827589705805435488e-03
1.419000000000000000e+03,2.364660000000000199e-03,2.470806259013441641e-03
1.419500000000000000e+03,2.325981999999999876e-03,3.028293000755375840e-03
1.420000000000000000e+03,2.240477999999999741e-03,3.372904671772387637e-03
1.420500000000000000e+03,2.117710000000000078e-03,3.464503652532350923e-03
1.421000000000000000e+03,1.968803999999999780e-03,3.319847281910117982e-03
1.421500000000000000e+03,1.803931999999999845e-03,3.007201607005090867e-03
1.422000000000000000e+03,1.630121999999999908e-03,2.646485482517143932e-03
1.422500000000000000e+03,1.450193999999999702e-03,2.395417640578777901e-03
1.423000000000000000e+03,1.263363999999999893e-03,2.373412352157963905e-03
1.423500000000000000e+03,1.067508000000000215e-03,2.550194555098492764e-03
1.424000000000000000e+03,8.623380000000000368e-04,2.779217457557792061e-03
1.424500000000000000e+03,6.525720000000000262e-04,2.923342051027213919e-03
1.425000000000000000e+03,4.499080000000000570e-04,2.906409739096330134e-03
1.425500000000000000e+03,2.729700000000001461e-04,2.713948342925855562e-03
1.426000000000000000e+03,1.451420000000000141e-04,2.391580260669501096e-03
1.426500000000000000e+03,9.063200000000021239e-05,2.054616840808523928e-03
1.427000000000000000e+03,1.298759999999999607e-04,1.888483026793198348e-03
1.427500000000000000e+03,2.753139999999999190e-04,2.034459248632422557e-03
1.428000000000000000e+03,5.285340000000001001e-04,2.420128381459545498e-03
1.428500000000000000e+03,8.791580000000000011e-04,2.865737584656696899e-03
1.429000000000000000e+03,1.305418000000000247e-03,3.237792144890403248e-03
1.429500000000000000e+03,1.775880000000000080e-03,3.466606344872460565e-03
1.430000000000000000e+03,2.251874000000000063e-03,3.531027982699372347e-03
1.430500000000000000e+03,2.690276000000000126e-03,3.448616413261410604e-03
1.431000000000000000e+03,3.046713999999999846e-03,3.269078157402481154e-03
1.431500000000000000e+03,3.279297999999999935e-03,3.065198390106911065e-03
1.432000000000000000e+03,3.353060000000000155e-03,2.913692236082939500e-03
1.432500000000000000e+03,3.244894000000000337e-03,2.862218350303833824e-03
1.433000000000000000e+03,2.948354000000000252e-03,2.901069134182430835e-03
1.433500000000000000e+03,2.477406000000000139e-03,2.970882644591670615e-03
1.434000000000000000e+03,1.867874000000000270e-03,2.999087509924643850e-03
1.434500000000000000e+03,1.175874000000000147e-03,2.930590545775031783e-03
1.435000000000000000e+03,4.728360000000000245e-04,2.741915090697740268e-03
1.435500000000000000e+03,-1.624359999999999064e-04,2.448160623036405026e-03
1.436000000000000000e+03,-6.535940000000000716e-04,2.112957443631082333e-03
1.436500000000000000e+03,-9.368919999999999332e-04,1.862159360426491337e-03
1.437000000000000000e+03,-9.701220000000000199e-04,1.852567797783389973e-03
1.437500000000000000e+03,-7.388739999999999327e-04,2.126081355232202746e-03
1.438000000000000000e+03,-2.594940000000000332e-04,2.561376047960548918e-03
1.438500000000000000e+03,4.216799999999999607e-04,3.015956635411059465e-03
1.439000000000000000e+03,1.232467999999999802e-03,3.394985496546929112e-03
1.439500000000000000e+03,2.081871999999999803e-03,3.645390077551920703e-03
1.440000000000000000e+03,2.869278000000000280e-03,3.744423355413220317e-03
1.440500000000000000e+03,3.495087999999999494e-03,3.693604503934333570e-03
1.441000000000000000e+03,3.871767999999999824e-03,3.515547539397526153e-03
1.441500000000000000e+03,3.934390000000000283e-03,3.251404303400301683e-03
1.442000000000000000e+03,3.649546000000000040e-03,2.956529227811894624e-03
1.442500000000000000e+03,3.021404000000000537e-03,2.690631633015935428e-03
1.443000000000000000e+03,2.094032000000000011e-03,2.498852210090464314e-03
1.443500000000000000e+03,9.491400000000000097e-04,2.390157352136046843e-03
1.444000000000000000e+03,-3.008459999999999043e-04,2.334353298987965845e-03
1.444500000000000000e+03,-1.524093999999999926e-03,2.287195407263227162e-03
1.445000000000000000e+03,-2.583882000000000019e-03,2.222284581466559081e-03
1.445500000000000000e+03,-3.354715999999999775e-03,2.148610559814411423e-03
1.446000000000000000e+03,-3.738130000000000099e-03,2.108869989831046749e-03
1.446500000000000000e+03,-3.675988000000000259e-03,2.155451131919719574e-03
1.447000000000000000e+03,-3.159473999999999790e-03,2.310553029704360845e-03
1.447500000000000000e+03,-2.232354000000000196e-03,2.546253462351303135e-03
1.448000000000000000e+03,-9.878760000000001620e-04,2.804530719979012564e-03
1.448500000000000000e+03,4.406219999999997261e-04,3.026716433158877298e-03
1.449000000000000000e+03,1.894388000000000322e-03,3.168427663284109196e-03
1.449500000000000000e+03,3.207422000000000138e-03,3.203382035685722017e-03
1.450000000000000000e+03,4.225951999999999834e-03,3.123972474296788510e-03
1.450500000000000000e+03,4.826795999999999517e-03,2.942165699556365584e-03
1.451000000000000000e+03,4.932356000000000587e-03,2.691096698940043455e-03
1.451500000000000000e+03,4.520496000000000583e-03,2.425337802471234927e-03
1.452000000000000000e+03,3.628185999999999824e-03,2.213389598504068422e-03
1.452500000000000000e+03,2.348439999999999816e-03,2.111637435572214991e-03
1.453000000000000000e+03,8.209179999999996914e-04,2.126477390825963921e-03
1.453500000000000000e+03,-7.829559999999999081e-04,2.208718365680875911e-03
1.454000000000000000e+03,-2.278810000000000037e-03,2.293716051319343203e-03
1.454500000000000000e+03,-3.490116000000000138e-03,2.339798515542737978e-03
1.455000000000000000e+03,-4.268796000000000049e-03,2.340921180154512983e-03
1.455500000000000000e+03,-4.513281999999999537e-03,2.322499169768204707e-03
1.456000000000000000e+03,-4.181907999999999806e-03,2.327088361617151314e-03
1.456500000000000000e+03,-3.299797999999999620e-03,2.391697235149967560e-03
1.457000000000000000e+03,-1.957993999999999794e-03,2.526261871884227274e-03
1.457500000000000000e+03,-3.044939999999999344e-04,2.709496177145485386e-03
1.458000000000000000e+03,1.472096000000000212e-03,2.902651872654728009e-03
1.458500000000000000e+03,3.164448000000000261e-03,3.065511561388082652e-03
1.459000000000000000e+03,4.571256000000000104e-03,3.165357848507179168e-03
1.459500000000000000e+03,5.521560000000000010e-03,3.180848649810298460e-03
1.460000000000000000e+03,5.895493999999999388e-03,3.104526823410614245e-03
1.460500000000000000e+03,5.638875999999999264e-03,2.945362599914651790e-03
1.461000000000000000e+03,4.769838000000000203e-03,2.730569039734025930e-03
1.461500000000000000e+03,3.376930000000000209e-03,2.504223795240752889e-03
1.462000000000000000e+03,1.609085999999999806e-03,2.318315379499950608e-03
1.462500000000000000e+03,-3.412200000000000432e-04,2.212217938407063690e-03
1.463000000000000000e+03,-2.259612000000000252e-03,2.188878947763900351e-03
1.463500000000000000e+03,-3.933876000000000213e-03,2.211658795451052276e-03
1.464000000000000000e+03,-5.177771999999999757e-03,2.227545427766625986e-03
1.464500000000000000e+03,-5.852074000000000512e-03,2.192213560626792099e-03
1.465000000000000000e+03,-5.880554000000000510e-03,2.081898219924787578e-03
1.465500000000000000e+03,-5.259138000000000007e-03,1.897340770057925376e-03
1.466000000000000000e+03,-4.056917999999999636e-03,1.669036854207839272e-03
1.466500000000000000e+03,-2.408767999999999933e-03,1.467787213033278646e-03
1.467000000000000000e+03,-5.000740000000000914e-04,1.401669924106956023e-03
1.467500000000000000e+03,1.454763999999999884e-03,1.540165554496009245e-03
1.468000000000000000e+03,3.237470000000000105e-03,1.829843827379812066e-03
1.468500000000000000e+03,4.651621999999999355e-03,2.158267940375800404e-03
1.469000000000000000e+03,5.545609999999999429e-03,2.432948095512931213e-03
1.469500000000000000e+03,5.830064000000000253e-03,2.594924495153182534e-03
1.470000000000000000e+03,5.487530000000000012e-03,2.615395283705696048e-03
1.470500000000000000e+03,4.573508000000000434e-03,2.494358736740567330e-03
1.471000000000000000e+03,3.208833999999999385e-03,2.261495830915016131e-03
1.471500000000000000e+03,1.564639999999999738e-03,1.978287703482484085e-03
1.472000000000000000e+03,-1.581660000000000303e-04,1.737321294661986221e-03
1.472500000000000000e+03,-1.752361999999999930e-03,1.636854932226432637e-03
1.473000000000000000e+03,-3.028083999999999897e-03,1.708109942136629318e-03
1.473500000000000000e+03,-3.834154000000000208e-03,1.881436322397332574e-03
1.474000000000000000e+03,-4.074737999999999624e-03,2.058400150044689073e-03
1.474500000000000000e+03,-3.719747999999999718e-03,2.173026561329612343e-03
1.475000000000000000e+03,-2.807849999999999756e-03,2.201496834090387739e-03
1.475500000000000000e+03,-1.441829999999999848e-03,2.157293649503933507e-03
1.476000000000000000e+03,2.232780000000000127e-04,2.085494429293446948e-03
1.476500000000000000e+03,1.998037999999999724e-03,2.050119662152431396e-03
1.477000000000000000e+03,3.680440000000000100e-03,2.104118715602805618e-03
1.477500000000000000e+03,5.079298000000000320e-03,2.253543828767037415e-03
1.478000000000000000e+03,6.036381999999999859e-03,2.454328802335579464e-03
1.478500000000000000e+03,6.444748000000000143e-03,2.643205274673913856e-03
1.479000000000000000e+03,6.261079999999999597e-03,2.765889791609564465e-03
1.479500000000000000e+03,5.510537999999999721e-03,2.788814473674073192e-03
1.480000000000000000e+03,4.283557999999999810e-03,2.701728022739150435e-03
1.480500000000000000e+03,2.724948000000000040e-03,2.517432042726079188e-03
1.481000000000000000e+03,1.016662000000000208e-03,2.270624559006618505e-03
1.481500000000000000e+03,-6.436840000000000530e-04,2.014956767609667274e-03
1.482000000000000000e+03,-2.065923999999999799e-03,1.813100981759151620e-03
1.482500000000000000e+03,-3.089294000000000241e-03,1.710557239061587286e-03
1.483000000000000000e+03,-3.600749999999999784e-03,1.702211912938574262e-03
1.483500000000000000e+03,-3.547568000000000076e-03,1.733388661585739086e-03
1.484000000000000000e+03,-2.942880000000000149e-03,1.739635938787193609e-03
1.484500000000000000e+03,-1.863570000000000157e-03,1.679618277925076526e-03
1.485000000000000000e+03,-4.407760000000000367e-04,1.547948119374806426e-03
1.485500000000000000e+03,1.155918000000000136e-03,1.382878719868087160e-03
1.486000000000000000e+03,2.738738000000000110e-03,1.273519120011160164e-03
1.486500000000000000e+03,4.124074000000000143e-03,1.327170991148465297e-03
1.487000000000000000e+03,5.154193999999999096e-03,1.563481946824458709e-03
1.487500000000000000e+03,5.715710000000000582e-03,1.896240500224061817e-03
1.488000000000000000e+03,5.752583999999999823e-03,2.225896253821367781e-03
1.488500000000000000e+03,5.272091999999999924e-03,2.479949860530248143e-03
1.489000000000000000e+03,4.343157999999999741e-03,2.611830663031966017e-03
1.489500000000000000e+03,3.087281999999999787e-03,2.596924665921982074e-03
1.490000000000000000e+03,1.663313999999999722e-03,2.431826253646834652e-03
1.490500000000000000e+03,2.479919999999999933e-04,2.136402495981035675e-03
1.491000000000000000e+03,-9.853039999999997807e-04,1.760977064114124324e-03
1.491500000000000000e+03,-1.887020000000000104e-03,1.405909449616155179e-03
1.492000000000000000e+03,-2.348765999999999961e-03,1.241990590792055793e-03
1.492500000000000000e+03,-2.315534000000000169e-03,1.389853968870830491e-03
1.493000000000000000e+03,-1.791484000000000089e-03,1.735429518184475285e-03
1.493500000000000000e+03,-8.387959999999998343e-04,2.104884019274221117e-03
1.494000000000000000e+03,4.302899999999998393e-04,2.395729492490752694e-03
1.494500000000000000e+03,1.867153999999999993e-03,2.559417395194851699e-03
1.495000000000000000e+03,3.304664000000000126e-03,2.582384851784489364e-03
1.495500000000000000e+03,4.577051999999999857e-03,2.479656327067120136e-03
1.496000000000000000e+03,5.539370000000000058e-03,2.292506354172219041e-03
1.496500000000000000e+03,6.084267999999999448e-03,2.084499376676327790e-03
1.497000000000000000e+03,6.154083999999999770e-03,1.927447582977550016e-03
1.497500000000000000e+03,5.746906000000000410e-03,1.867979019562586007e-03
1.498000000000000000e+03,4.916063999999999504e-03,1.893015036833040803e-03
1.498500000000000000e+03,3.763144000000000385e-03,1.939884541457557836e-03
1.499000000000000000e+03,2.425569999999999723e-03,1.941174243588143300e-03
1.499500000000000000e+03,1.060163999999999941e-03,1.856580262433057309e-03
1.500000000000000000e+03,-1.753059999999999103e-04,1.685542056157602817e-03
1.500500000000000000e+03,-1.140487999999999832e-03,1.477278431885472318e-03
1.501000000000000000e+03,-1.728599999999999842e-03,1.341251955946383802e-03
1.501500000000000000e+03,-1.878548000000000067e-03,1.402854730235458076e-03
1.502000000000000000e+03,-1.581615999999999881e-03,1.666175120638884073e-03
1.502500000000000000e+03,-8.819759999999999189e-04,2.012750922602197547e-03
1.503000000000000000e+03,1.290559999999999516e-04,2.324240119545740481e-03
1.503500000000000000e+03,1.324306000000000138e-03,2.521973756177093868e-03
1.504000000000000000e+03,2.556141999999999963e-03,2.562959775884904139e-03
1.504500000000000000e+03,3.674150000000000159e-03,2.436850699417179508e-03
1.505000000000000000e+03,4.542962000000001083e-03,2.167850348233013851e-03
1.505500000000000000e+03,5.058151999999999787e-03,1.821915177282959703e-03
1.506000000000000000e+03,5.158318000000000278e-03,1.519841995591646958e-03
1.506500000000000000e+03,4.832110000000000571e-03,1.418960126469380250e-03
1.507000000000000000e+03,4.119316000000000470e-03,1.567503492023542173e-03
1.507500000000000000e+03,3.106059999999999897e-03,1.828848567869959061e-03
1.508000000000000000e+03,1.914514000000000190e-03,2.047063948843806484e-03
1.508500000000000000e+03,6.883180000000001545e-04,2.129471377298600750e-03
1.509000000000000000e+03,-4.246060000000001153e-04,2.036547520605890092e-03
1.509500000000000000e+03,-1.289898000000000043e-03,1.770743127258722193e-03
1.510000000000000000e+03,-1.802979999999999817e-03,1.381110028256257206e-03
1.510500000000000000e+03,-1.901649999999999955e-03,1.008444380642779716e-03
1.511000000000000000e+03,-1.573367999999999902e-03,9.719217418311001770e-04
1.511500000000000000e+03,-8.564180000000000664e-04,1.379872422865244426e-03
1.512000000000000000e+03,1.652740000000001120e-04,1.935309957215122995e-03
1.512500000000000000e+03,1.372795999999999695e-03,2.448373546601090127e-03
1.513000000000000000e+03,2.627009999999999935e-03,2.831043794034277233e-03
1.513500000000000000e+03,3.785473999999999610e-03,3.038588837991411992e-03
1.514000000000000000e+03,4.719351999999998708e-03,3.056383254206513668e-03
1.514500000000000000e+03,5.328318000000000290e-03,2.897471679675920134e-03
1.515000000000000000e+03,5.551788000000000209e-03,2.601038199622219757e-03
1.515500000000000000e+03,5.375222000000000680e-03,2.229158596364107583e-03
1.516000000000000000e+03,4.830988000000000469e-03,1.859805128303500385e-03
1.516500000000000000e+03,3.993812000000000230e-03,1.569831437070235087e-03
1.517000000000000000e+03,2.971398000000000095e-03,1.399318431985371826e-03
1.517500000000000000e+03,1.891361999999999948e-03,1.321457801041713053e-03
1.518000000000000000e+03,8.858379999999999033e-04,1.275402599171728208e-03
1.518500000000000000e+03,7.555800000000005145e-05,1.234972881513598207e-03
1.519000000000000000e+03,-4.447780000000000028e-04,1.241798087997400503e-03
1.519500000000000000e+03,-6.179220000000000242e-04,1.375067160688524118e-03
1.520000000000000000e+03,-4.308100000000000579e-04,1.663007639450282205e-03
1.520500000000000000e+03,8.439600000000003696e-05,2.050682782822833318e-03
1.521000000000000000e+03,8.550640000000002145e-04,2.453435551194691356e-03
1.521500000000000000e+03,1.777990000000000126e-03,2.795065393150936509e-03
1.522000000000000000e+03,2.732961999999999805e-03,3.017297183098475999e-03
1.522500000000000000e+03,3.598119999999999791e-03,3.082334297453798080e-03
1.523000000000000000e+03,4.265056000000000576e-03,2.975176864496629613e-03
1.523500000000000000e+03,4.651790000000000265e-03,2.705950919482835292e-03
1.524000000000000000e+03,4.712123999999999827e-03,2.312096943942013993e-03
1.524500000000000000e+03,4.440491999999999877e-03,1.861766761792142330e-03
1.525000000000000000e+03,3.871901999999999983e-03,1.460239868714725700e-03
1.525500000000000000e+03,3.077203999999999617e-03,1.239850716100934433e-03
1.526000000000000000e+03,2.154307999999999744e-03,1.254640882724614550e-03
1.526500000000000000e+03,1.216376000000000132e-03,1.388235566251635892e-03
1.527000000000000000e+03,3.783260000000000637e-04,1.499342653840675475e-03
1.527500000000000000e+03,-2.568859999999998983e-04,1.525270393014300802e-03
1.528000000000000000e+03,-6.107720000000000943e-04,1.474283419283415773e-03
1.528500000000000000e+03,-6.389600000000000488e-04,1.408940092399247343e-03
1.529000000000000000e+03,-3.368560000000000694e-04,1.420205704993470191e-03
1.529500000000000000e+03,2.596499999999999958e-04,1.562555909473321934e-03
1.530000000000000000e+03,1.078612000000000060e-03,1.804580335472488620e-03
1.530500000000000000e+03,2.021206000000000218e-03,2.069227819993728606e-03
1.531000000000000000e+03,2.974367999999999804e-03,2.288609417778403061e-03
1.531500000000000000e+03,3.825282000000000161e-03,2.421464561990118846e-03
1.532000000000000000e+03,4.475690000000000050e-03,2.453216848060929024e-03
1.532500000000000000e+03,4.854129999999999903e-03,2.392446589784189698e-03
1.533000000000000000e+03,4.924513999999999628e-03,2.265003179570836741e-03
1.533500000000000000e+03,4.690063999999999865e-03,2.103737074110260518e-03
1.534000000000000000e+03,4.192238000000000041e-03,1.933385571368008383e-03
1.534500000000000000e+03,3.504806000000000501e-03,1.756115470376592210e-03
1.535000000000000000e+03,2.724021999999999989e-03,1.549058698843913803e-03
1.535500000000000000e+03,1.956055999999999854e-03,1.279631246588641257e-03
1.536000000000000000e+03,1.303390000000000191e-03,9.344738762159165643e-04
1.536500000000000000e+03,8.518239999999999406e-04,5.899882522271100238e-04
1.537000000000000000e+03,6.596959999999999803e-04,6.345268737145811017e-04
1.537500000000000000e+03,7.505780000000000091e-04,1.148902489236575770e-03
1.538000000000000000e+03,1.110321999999999958e-03,1.775551724274457678e-03
1.538500000000000000e+03,1.688828000000000291e-03,2.372005573474480523e-03
1.539000000000000000e+03,2.406451999999999897e-03,2.860673013724916811e-03
1.539500000000000000e+03,3.164268000000000029e-03,3.187058557217611020e-03
1.540000000000000000e+03,3.857072000000000452e-03,3.318580223680602480e-03
1.540500000000000000e+03,4.387338000000000175e-03,3.248061693329422957e-03
1.541000000000000000e+03,4.678362000000000145e-03,2.997165012124624207e-03
1.541500000000000000e+03,4.684643999999999961e-03,2.619875575561938629e-03
1.542000000000000000e+03,4.398080000000000392e-03,2.206646814191160714e-03
1.542500000000000000e+03,3.849084000000000012e-03,1.881803394251375938e-03
1.543000000000000000e+03,3.102533999999999674e-03,1.755298870163141166e-03
1.543500000000000000e+03,2.249141999999999982e-03,1.814755751990883986e-03
1.544000000000000000e+03,1.393536000000000340e-03,1.925250808571703828e-03
1.544500000000000000e+03,6.407139999999999103e-04,1.955830974820165543e-03
1.545000000000000000e+03,8.262800000000003627e-05,1.842465295614546675e-03
1.545500000000000000e+03,-2.132839999999998641e-04,1.595679014572166411e-03
1.546000000000000000e+03,-2.122760000000000391e-04,1.319610062289614362e-03
1.546500000000000000e+03,8.367200000000012995e-05,1.238580766835171076e-03
1.547000000000000000e+03,6.363779999999999437e-04,1.505773379444596367e-03
1.547500000000000000e+03,1.376235999999999866e-03,1.964933479079126501e-03
1.548000000000000000e+03,2.210758000000000167e-03,2.409084924377719039e-03
1.548500000000000000e+03,3.035816000000000209e-03,2.713357541087425308e-03
1.549000000000000000e+03,3.748429999999999644e-03,2.812929400388498868e-03
1.549500000000000000e+03,4.259596000000000042e-03,2.690421113040856321e-03
1.550000000000000000e+03,4.505725999999999828e-03,2.378807680914117335e-03
1.550500000000000000e+03,4.457028000000000031e-03,1.979181922571545196e-03
1.551000000000000000e+03,4.121701999999999658e-03,1.694027807331981291e-03
1.551500000000000000e+03,3.545078000000000118e-03,1.760029292288625355e-03
1.552000000000000000e+03,2.803731999999999752e-03,2.147681411814610867e-03
1.552500000000000000e+03,1.995318000000000265e-03,2.606997219951336878e-03
1.553000000000000000e+03,1.225556000000000475e-03,2.938155385333798310e-03
1.553500000000000000e+03,5.943139999999997583e-04,3.025460191697454566e-03
1.554000000000000000e+03,1.826880000000001320e-04,2.813854189240089058e-03
1.554500000000000000e+03,4.292399999999999764e-05,2.301648953636501252e-03
1.555000000000000000e+03,1.922939999999998635e-04,1.551686399703883527e-03
1.555500000000000000e+03,6.115900000000000719e-04,8.234521404975518686e-04
1.556000000000000000e+03,1.247997999999999946e-03,1.111623404446847709e-03
1.556500000000000000e+03,2.021826000000000005e-03,2.090817177551877303e-03
1.557000000000000000e+03,2.836102000000000067e-03,3.056297223608004862e-03
1.557500000000000000e+03,3.587980000000000162e-03,3.821520990851678609e-03
1.558000000000000000e+03,4.180862000000000467e-03,4.291112005820170439e-03
1.558500000000000000e+03,4.536104000000000004e-03,4.416700191269042237e-03
1.559000000000000000e+03,4.603014000000000758e-03,4.196759244946748207e-03
1.559500000000000000e+03,4.365916000000000068e-03,3.682136914469095849e-03
1.560000000000000000e+03,3.847076000000000055e-03,2.989253341238577201e-03
1.560500000000000000e+03,3.104721999999999864e-03,2.335735757176740385e-03
1.561000000000000000e+03,2.226091999999999828e-03,2.061985873264896713e-03
1.561500000000000000e+03,1.316331999999999919e-03,2.330024580989221994e-03
1.562000000000000000e+03,4.846600000000000387e-04,2.837770169495760619e-03
1.562500000000000000e+03,-1.699599999999998974e-04,3.254908775761618505e-03
1.563000000000000000e+03,-5.716520000000000759e-04,3.411836398211965694e-03
1.563500000000000000e+03,-6.770399999999999552e-04,3.248601531767169627e-03
1.564000000000000000e+03,-4.800560000000000807e-04,2.787131393019712244e-03
1.564500000000000000e+03,-1.171600000000007045e-05,2.141408466553263498e-03
1.565000000000000000e+03,6.647599999999999169e-04,1.596801193151483212e-03
1.565500000000000000e+03,1.462504000000000104e-03,1.643745370234088237e-03
1.566000000000000000e+03,2.281870000000000079e-03,2.250953396296777927e-03
1.566500000000000000e+03,3.022202000000000308e-03,2.935069054862934294e-03
1.567000000000000000e+03,3.593227999999999527e-03,3.423410257182740810e-03
1.567500000000000000e+03,3.925122000000000506e-03,3.592637890893542185e-03
1.568000000000000000e+03,3.976412000000000349e-03,3.398225278982251307e-03
1.568500000000000000e+03,3.738977999999999573e-03,2.861962614272590272e-03
1.569000000000000000e+03,3.239532000000000696e-03,2.090882281438627248e-03
1.569500000000000000e+03,2.536958000000000182e-03,1.405029017306760105e-03
1.570000000000000000e+03,1.715550000000000148e-03,1.549971764281530455e-03
1.570500000000000000e+03,8.746240000000002780e-04,2.434265129184986619e-03
1.571000000000000000e+03,1.159439999999999457e-04,3.388864994148630717e-03
1.571500000000000000e+03,-4.693760000000001898e-04,4.131546401331588451e-03
1.572000000000000000e+03,-8.124319999999998678e-04,4.531413609181355294e-03
1.572500000000000000e+03,-8.749520000000000214e-04,4.527248602205758560e-03
1.573000000000000000e+03,-6.534419999999999552e-04,4.117137495486882307e-03
1.573500000000000000e+03,-1.788000000000001448e-04,3.361862632891177149e-03
1.574000000000000000e+03,4.883339999999997735e-04,2.407955668658790047e-03
1.574500000000000000e+03,1.265467999999999845e-03,1.614039256466211171e-03
1.575000000000000000e+03,2.058246000000000121e-03,1.707287337798180961e-03
1.575500000000000000e+03,2.771165999999999820e-03,2.543505912032837865e-03
1.576000000000000000e+03,3.317978000000000073e-03,3.419809178428527378e-03
1.576500000000000000e+03,3.630867999999999769e-03,4.047047931709481933e-03
1.577000000000000000e+03,3.667766000000000255e-03,4.311809587392049711e-03
1.577500000000000000e+03,3.417268000000000215e-03,4.180126540112630990e-03
1.578000000000000000e+03,2.900620000000000455e-03,3.680939141643066459e-03
1.578500000000000000e+03,2.170274000000000682e-03,2.909407386035169681e-03
1.579000000000000000e+03,1.304711999999999972e-03,2.063301131908282498e-03
1.579500000000000000e+03,3.997860000000000649e-04,1.576448203296258125e-03
1.580000000000000000e+03,-4.424640000000000517e-04,1.893810252804118679e-03
1.580500000000000000e+03,-1.126190000000000220e-03,2.596698337606815916e-03
1.581000000000000000e+03,-1.573415999999999790e-03,3.209071351901668367e-03
1.581500000000000000e+03,-1.733423999999999686e-03,3.540498213038103213e-03
1.582000000000000000e+03,-1.588671999999999957e-03,3.528883490342801538e-03
1.582500000000000000e+03,-1.156554000000000176e-03,3.192818867085321990e-03
1.583000000000000000e+03,-4.870439999999999535e-04,2.633017321368395086e-03
1.583500000000000000e+03,3.433079999999999595e-04,2.071512143576280818e-03
1.584000000000000000e+03,1.240185999999999893e-03,1.887132507066210116e-03
1.584500000000000000e+03,2.101986000000000132e-03,2.257530982539552970e-03
1.585000000000000000e+03,2.830853999999999836e-03,2.854460387123282285e-03
1.585500000000000000e+03,3.343113999999999895e-03,3.348828629738463940e-03
1.586000000000000000e+03,3.578250000000000267e-03,3.569541919158535602e-03
1.586500000000000000e+03,3.505661999999999667e-03,3.442535884689366076e-03
1.587000000000000000e+03,3.128534000000000089e-03,2.962779279137411122e-03
1.587500000000000000e+03,2.484276000000000106e-03,2.193917795462263856e-03
1.588000000000000000e+03,1.641238000000000159e-03,1.329635418516669906e-03
1.588500000000000000e+03,6.916320000000001841e-04,1.089150801443032482e-03
1.589000000000000000e+03,-2.587760000000001665e-04,1.909712947336850500e-03
1.589500000000000000e+03,-1.103041999999999825e-03,2.909809163980345975e-03
1.590000000000000000e+03,-1.745904000000000162e-03,3.734928829091124954e-03
1.590500000000000000e+03,-2.115305999999999957e-03,4.252334771389241520e-03
1.591000000000000000e+03,-2.170964000000000053e-03,4.402347021206528752e-03
1.591500000000000000e+03,-1.908928000000000057e-03,4.184471779634079888e-03
1.592000000000000000e+03,-1.361556000000000311e-03,3.661712326273870461e-03
1.592500000000000000e+03,-5.932580000000001533e-04,2.977213120230730141e-03
1.593000000000000000e+03,3.073600000000001201e-04,2.395473317682749424e-03
1.593500000000000000e+03,1.237604000000000221e-03,2.276669982401050528e-03
1.594000000000000000e+03,2.091856000000000444e-03,2.681082288040782628e-03
1.594500000000000000e+03,2.772553999999999991e-03,3.261962560417577990e-03
1.595000000000000000e+03,3.200062000000000045e-03,3.721294611979008692e-03
1.595500000000000000e+03,3.320846000000000128e-03,3.909617376793539725e-03
1.596000000000000000e+03,3.113409999999999615e-03,3.772878114897166776e-03
1.596500000000000000e+03,2.591523999999999998e-03,3.326345086747013735e-03
1.597000000000000000e+03,1.804173999999999969e-03,2.652151576438646977e-03
1.597500000000000000e+03,8.317420000000001149e-04,1.929529596283508603e-03
1.598000000000000000e+03,-2.217479999999999105e-04,1.530451760946420405e-03
1.598500000000000000e+03,-1.239838000000000051e-03,1.794608389494487932e-03
1.599000000000000000e+03,-2.107081999999999705e-03,2.387707762849967854e-03
1.599500000000000000e+03,-2.722948000000000209e-03,2.912777299682212280e-03
1.600000000000000000e+03,-3.014179999999999984e-03,3.202464390398431383e-03
1.600500000000000000e+03,-2.943780000000000008e-03,3.209665965620098638e-03
1.601000000000000000e+03,-2.515470000000000119e-03,2.969955183512034379e-03
1.601500000000000000e+03,-1.773136000000000243e-03,2.604941874264376112e-03
1.602000000000000000e+03,-7.955640000000001235e-04,2.332412297272075299e-03
1.602500000000000000e+03,3.125319999999998056e-04,2.381445690284369858e-03
1.603000000000000000e+03,1.432006000000000208e-03,2.751858821572429267e-03
1.603500000000000000e+03,2.441861999999999939e-03,3.224211111533176188e-03
1.604000000000000000e+03,3.231720000000000426e-03,3.591438642744714839e-03
1.604500000000000000e+03,3.713178000000000138e-03,3.730984895601159763e-03
1.605000000000000000e+03,3.829230000000000307e-03,3.592829474397580755e-03
1.605500000000000000e+03,3.561067999999999699e-03,3.189703936034502842e-03
1.606000000000000000e+03,2.931416000000000056e-03,2.602880764108490147e-03
1.606500000000000000e+03,2.003714000000000189e-03,2.020747918567776351e-03
1.607000000000000000e+03,8.766159999999998753e-04,1.796264318742093807e-03
1.607500000000000000e+03,-3.261799999999996993e-04,2.150830390993208573e-03
1.608000000000000000e+03,-1.469880000000000232e-03,2.798033154040530449e-03
1.608500000000000000e+03,-2.424659999999999923e-03,3.420487225356937371e-03
1.609000000000000000e+03,-3.081458000000000027e-03,3.858988257659512044e-03
1.609500000000000000e+03,-3.365269999999999199e-03,4.048992397428031846e-03
1.610000000000000000e+03,-3.243912000000000271e-03,3.989309842592325683e-03
1.610500000000000000e+03,-2.731322000000000003e-03,3.732676442743731744e-03
1.611000000000000000e+03,-1.885184000000000252e-03,3.379776244122678370e-03
1.611500000000000000e+03,-7.997040000000002567e-04,3.063684772808063748e-03
1.612000000000000000e+03,4.053360000000001727e-04,2.902982420337056960e-03
1.612500000000000000e+03,1.597758000000000121e-03,2.925340640744937375e-03
1.613000000000000000e+03,2.647063999999999754e-03,3.047615904108652574e-03
1.613500000000000000e+03,3.438112000000000112e-03,3.150931582964631474e-03
1.614000000000000000e+03,3.883367999999999456e-03,3.151149414495288577e-03
1.614500000000000000e+03,3.932467999999999728e-03,3.018564069506228086e-03
1.615000000000000000e+03,3.578281999999999904e-03,2.774614051981643716e-03
1.615500000000000000e+03,2.858434000000000409e-03,2.485656762195053750e-03
1.616000000000000000e+03,1.851848000000000339e-03,2.252007932640113889e-03
1.616500000000000000e+03,6.703660000000000391e-04,2.169657844146399232e-03
1.617000000000000000e+03,-5.538940000000000877e-04,2.258971302736269889e-03
1.617500000000000000e+03,-1.683823999999999998e-03,2.445342457995607673e-03
1.618000000000000000e+03,-2.593330000000000028e-03,2.628280953686267744e-03
1.618500000000000000e+03,-3.181723999999999490e-03,2.740442780219284197e-03
1.619000000000000000e+03,-3.384743999999999860e-03,2.762449726365350400e-03
1.619500000000000000e+03,-3.180883999999999708e-03,2.719379312428849352e-03
1.620000000000000000e+03,-2.592772000000000132e-03,2.668755219388619770e-03
1.620500000000000000e+03,-1.683783999999999585e-03,2.674670352296895735e-03
1.621000000000000000e+03,-5.507939999999998497e-04,2.770175866360473534e-03
1.621500000000000000e+03,6.861160000000002864e-04,2.936050477128416148e-03
1.622000000000000000e+03,1.895939999999999822e-03,3.118082799888418407e-03
1.622500000000000000e+03,2.950164000000000345e-03,3.260424437642436661e-03
1.623000000000000000e+03,3.736148000000000333e-03,3.326216248750823220e-03
1.623500000000000000e+03,4.169403999999999819e-03,3.302362786102701255e-03
1.624000000000000000e+03,4.203214000000000256e-03,3.196233968370588291e-03
1.624500000000000000e+03,3.834479999999999920e-03,3.030337819531017402e-03
1.625000000000000000e+03,3.104552000000000006e-03,2.838117664999814573e-03
1.625500000000000000e+03,2.094865999999999916e-03,2.661386005972451660e-03
1.626000000000000000e+03,9.176559999999999839e-04,2.546258975521931926e-03
1.626500000000000000e+03,-2.970300000000001021e-04,2.531701511479976779e-03
1.627000000000000000e+03,-1.416242000000000065e-03,2.631256398754024811e-03
1.627500000000000000e+03,-2.318960000000000118e-03,2.823562537021271582e-03
1.628000000000000000e+03,-2.908994000000000250e-03,3.062783363949530147e-03
1.628500000000000000e+03,-3.124613999999999951e-03,3.297135281957050672e-03
1.629000000000000000e+03,-2.944141999999999419e-03,3.481438137721823856e-03
1.629500000000000000e+03,-2.387426000000000218e-03,3.582633097545155545e-03
1.630000000000000000e+03,-1.513333999999999643e-03,3.582302357555263491e-03
1.630500000000000000e+03,-4.137300000000000114e-04,3.478855408047307630e-03
1.631000000000000000e+03,7.956400000000000191e-04,3.290265949285862707e-03
1.631500000000000000e+03,1.986768000000000301e-03,3.056378848268650420e-03
1.632000000000000000e+03,3.032668000000000082e-03,2.837024249068730974e-03
1.632500000000000000e+03,3.821146000000000091e-03,2.697368123619020737e-03
1.633000000000000000e+03,4.267576000000000355e-03,2.675093584633255351e-03
1.633500000000000000e+03,4.324860000000000683e-03,2.751078308901802258e-03
1.634000000000000000e+03,3.989054000000000558e-03,2.859567123046074123e-03
1.634500000000000000e+03,3.299644000000000015e-03,2.927070239028438034e-03
1.635000000000000000e+03,2.334352000000000042e-03,2.902666042391718101e-03
1.635500000000000000e+03,1.199298000000000117e-03,2.771182205812890674e-03
1.636000000000000000e+03,1.617799999999985087e-05,2.558471517825438007e-03
1.636500000000000000e+03,-1.091572000000000289e-03,2.333883212935899953e-03
1.637000000000000000e+03,-2.011719999999999828e-03,2.200345667871300617e-03
1.637500000000000000e+03,-2.653958000000000098e-03,2.243912015176619760e-03
1.638000000000000000e+03,-2.957659999999999977e-03,2.460460113285723935e-03
1.638500000000000000e+03,-2.896545999999999409e-03,2.761838319486859244e-03
1.639000000000000000e+03,-2.480330000000000208e-03,3.048176518069450718e-03
1.639500000000000000e+03,-1.753572000000000117e-03,3.249926384829970177e-03
1.640000000000000000e+03,-7.916800000000001180e-04,3.335838672320649931e-03
1.640500000000000000e+03,3.058919999999999912e-04,3.312441140867864418e-03
1.641000000000000000e+03,1.425176000000000437e-03,3.221848971428673426e-03
1.641500000000000000e+03,2.449309999999999682e-03,3.132701539497499080e-03
1.642000000000000000e+03,3.271174000000000390e-03,3.114312768606582616e-03
1.642500000000000000e+03,3.805466000000000404e-03,3.195793201361127149e-03
1.643000000000000000e+03,3.998480000000000437e-03,3.342325383422445426e-03
1.643500000000000000e+03,3.834093999999999697e-03,3.475031095142315420e-03
1.644000000000000000e+03,3.335119999999999578e-03,3.510944615830616754e-03
1.644500000000000000e+03,2.559951999999999887e-03,3.391936641482856760e-03
1.645000000000000000e+03,1.595293999999999922e-03,3.100151715969075034e-03
1.645500000000000000e+03,5.461900000000002170e-04,2.671287036162530923e-03
1.646000000000000000e+03,-4.751399999999996013e-04,2.220040003303994612e-03
1.646500000000000000e+03,-1.360464000000000031e-03,1.972510129765117290e-03
1.647000000000000000e+03,-2.015731999999999680e-03,2.148984517304393816e-03
1.647500000000000000e+03,-2.369831999999999668e-03,2.670481613644624854e-03
1.648000000000000000e+03,-2.381459999999999307e-03,3.288200171726167811e-03
1.648500000000000000e+03,-2.043754000000000057e-03,3.818756425791778545e-03
1.649000000000000000e+03,-1.386099999999999919e-03,4.156575185248066046e-03
1.649500000000000000e+03,-4.724160000000001336e-04,4.250388626324185133e-03
1.650000000000000000e+03,6.045120000000000831e-04,4.095260857836042524e-03
1.650500000000000000e+03,1.732566000000000054e-03,3.733245289077051846e-03
1.651000000000000000e+03,2.792738000000000338e-03,3.258509905644602859e-03
1.651500000000000000e+03,3.672982000000000417e-03,2.822139850257956474e-03
1.652000000000000000e+03,4.281346000000000110e-03,2.603380141638174036e-03
1.652500000000000000e+03,4.556435999999999646e-03,2.685707460861290388e-03
1.653000000000000000e+03,4.473801999999999814e-03,2.959765677475837201e-03
1.653500000000000000e+03,4.047544000000000142e-03,3.239819966712039531e-03
1.654000000000000000e+03,3.327394000000000011e-03,3.391511154911036954e-03
1.654500000000000000e+03,2.392169999999999887e-03,3.355567329969702875e-03
1.655000000000000000e+03,1.340747999999999896e-03,3.141256991465995498e-03
1.655500000000000000e+03,2.817699999999997637e-04,2.826366818622451805e-03
1.656000000000000000e+03,-6.769680000000002310e-04,2.560317486499281720e-03
1.656500000000000000e+03,-1.438650000000000302e-03,2.521383609671483308e-03
1.657000000000000000e+03,-1.926626000000000293e-03,2.771399121951942379e-03
1.657500000000000000e+03,-2.092042000000000120e-03,3.186667921555993641e-03
1.658000000000000000e+03,-1.919257999999999641e-03,3.588840959049871028e-03
1.658500000000000000e+03,-1.428242000000000140e-03,3.845191320508512499e-03
1.659000000000000000e+03,-6.732520000000000518e-04,3.883344992474142745e-03
1.659500000000000000e+03,2.625419999999996151e-04,3.687313426015477458e-03
1.660000000000000000e+03,1.276183999999999652e-03,3.298380162182036959e-03
1.660500000000000000e+03,2.256782000000000146e-03,2.824912767664516759e-03
1.661000000000000000e+03,3.098462000000000178e-03,2.455247244263599610e-03
1.661500000000000000e+03,3.712512000000000277e-03,2.401786038454300012e-03
1.662000000000000000e+03,4.037055999999999804e-03,2.693706653647720290e-03
1.662500000000000000e+03,4.043070000000000171e-03,3.136379657531912935e-03
1.663000000000000000e+03,3.736481999999999304e-03,3.524855217617313841e-03
1.663500000000000000e+03,3.156424000000000122e-03,3.735808863045056612e-03
1.664000000000000000e+03,2.370360000000000175e-03,3.720221030527621348e-03
1.664500000000000000e+03,1.466796000000000462e-03,3.494041883182856089e-03
1.665000000000000000e+03,5.462979999999999659e-04,3.141472924660341538e-03
1.665500000000000000e+03,-2.885460000000003643e-04,2.822933413179630393e-03
1.666000000000000000e+03,-9.434980000000002965e-04,2.740425564561825133e-03
1.666500000000000000e+03,-1.342612000000000189e-03,2.985847718232462027e-03
1.667000000000000000e+03,-1.436783999999999978e-03,3.440610003622322690e-03
1.667500000000000000e+03,-1.209905999999999959e-03,3.910115680720456163e-03
1.668000000000000000e+03,-6.816139999999998745e-04,4.246728443848981835e-03
1.668500000000000000e+03,9.407399999999989924e-05,4.368682624529504101e-03
1.669000000000000000e+03,1.034395999999999276e-03,4.251436530630087543e-03
1.669500000000000000e+03,2.037362000000000027e-03,3.921110831581275415e-03
1.670000000000000000e+03,2.993903999999999923e-03,3.452429154619396194e-03
1.670500000000000000e+03,3.800997999999999877e-03,2.969770204375078975e-03
1.671000000000000000e+03,4.373847999999998758e-03,2.636730528126451749e-03
1.671500000000000000e+03,4.655396000000000013e-03,2.582937096002533173e-03
1.672000000000000000e+03,4.622087999999999891e-03,2.783275894923821232e-03
1.672500000000000000e+03,4.285485999999999809e-03,3.086043829762630253e-03
1.673000000000000000e+03,3.689953999999999630e-03,3.350276888714722161e-03
1.673500000000000000e+03,2.906974000000000103e-03,3.500962446030519634e-03
1.674000000000000000e+03,2.026914000000000320e-03,3.524367978477275370e-03
1.674500000000000000e+03,1.149110000000000279e-03,3.455779249499307901e-03
1.675000000000000000e+03,3.711719999999997456e-04,3.365504391951375501e-03
1.675500000000000000e+03,-2.214859999999999052e-04,3.332800810295448272e-03
1.676000000000000000e+03,-5.649200000000000055e-04,3.404185009794561539e-03
1.676500000000000000e+03,-6.236599999999998395e-04,3.562001911309144869e-03
1.677000000000000000e+03,-3.947400000000003575e-04,3.735803547400478458e-03
1.677500000000000000e+03,9.181799999999976363e-05,3.841809656714397555e-03
1.678000000000000000e+03,7.762340000000003204e-04,3.814909525035423132e-03
1.678500000000000000e+03,1.575636000000000484e-03,3.624178398091903661e-03
1.679000000000000000e+03,2.393600000000000068e-03,3.280346763936702915e-03
1.679500000000000000e+03,3.131493999999999858e-03,2.844470442640597771e-03
1.680000000000000000e+03,3.700311999999999872e-03,2.442959268001412484e-03
1.680500000000000000e+03,4.031398000000000273e-03,2.263185484226601981e-03
1.681000000000000000e+03,4.084746000000000210e-03,2.430477088689790219e-03
1.681500000000000000e+03,3.853622000000000124e-03,2.857009546603580738e-03
1.682000000000000000e+03,3.365153999999999975e-03,3.353355639890585535e-03
1.682500000000000000e+03,2.676729999999999995e-03,3.772381757273513426e-03
1.683000000000000000e+03,1.868927999999999952e-03,4.027821836124829968e-03
1.683500000000000000e+03,1.035881999999999688e-03,4.082673053785228212e-03
1.684000000000000000e+03,2.743140000000001658e-04,3.945020958250538418e-03
1.684500000000000000e+03,-3.274320000000000052e-04,3.670428904352186772e-03
1.685000000000000000e+03,-6.992379999999998128e-04,3.364647324233848661e-03
1.685500000000000000e+03,-7.969699999999999267e-04,3.168782386983997126e-03
1.686000000000000000e+03,-6.073400000000002668e-04,3.193550156160068678e-03
1.686500000000000000e+03,-1.495440000000000712e-04,3.429622106469749042e-03
1.687000000000000000e+03,5.265560000000002894e-04,3.756831964925500152e-03
1.687500000000000000e+03,1.345570000000000143e-03,4.037075437610746463e-03
1.688000000000000000e+03,2.214690000000000929e-03,4.171976748994413349e-03
1.688500000000000000e+03,3.034093999999999767e-03,4.114439101965904587e-03
1.689000000000000000e+03,3.708617999999999464e-03,3.866542278725786531e-03
1.689500000000000000e+03,4.159401999999999544e-03,3.477897039731624434e-03
1.690000000000000000e+03,4.333924000000000283e-03,3.046845370621225832e-03
1.690500000000000000e+03,4.212973999999999539e-03,2.715264178842640569e-03
1.691000000000000000e+03,3.813383999999999524e-03,2.617744740291917151e-03
1.691500000000000000e+03,3.186070000000000048e-03,2.770939977334406154e-03
1.692000000000000000e+03,2.409528000000000190e-03,3.052376642068275157e-03
1.692500000000000000e+03,1.579770000000000089e-03,3.314346155185061548e-03
1.693000000000000000e+03,7.981559999999998439e-04,3.460822351666724937e-03
1.693500000000000000e+03,1.588179999999999692e-04,3.458785410064347740e-03
1.694000000000000000e+03,-2.627159999999999153e-04,3.333700891780184625e-03
1.694500000000000000e+03,-4.183500000000002213e-04,3.162635109377937709e-03
1.695000000000000000e+03,-2.929179999999999761e-04,3.052563366369975915e-03
1.695500000000000000e+03,9.421599999999974982e-05,3.085289552088425931e-03
1.696000000000000000e+03,6.914360000000001338e-04,3.254515876333375583e-03
1.696500000000000000e+03,1.420821999999999970e-03,3.469715301281071657e-03
1.697000000000000000e+03,2.187127999999999555e-03,3.619564117715556948e-03
1.697500000000000000e+03,2.888959999999999879e-03,3.621803647097672583e-03
1.698000000000000000e+03,3.430968000000000385e-03,3.442339187531350680e-03
1.698500000000000000e+03,3.735786000000000488e-03,3.102239747028911077e-03
1.699000000000000000e+03,3.754152000000000183e-03,2.686651135840677218e-03
1.699500000000000000e+03,3.471923999999999930e-03,2.355077483435736013e-03
1.700000000000000000e+03,2.912810000000000052e-03,2.296588467786512232e-03
1.700500000000000000e+03,2.136157999999999980e-03,2.555364576209038455e-03
1.701000000000000000e+03,1.229906000000000011e-03,2.971929139006514089e-03
1.701500000000000000e+03,2.995439999999996786e-04,3.357510733755887829e-03
1.702000000000000000e+03,-5.453299999999997949e-04,3.588679080528098513e-03
1.702500000000000000e+03,-1.204951999999999803e-03,3.607688732277772661e-03
1.703000000000000000e+03,-1.601874000000000310e-03,3.414752604735224635e-03
1.703500000000000000e+03,-1.690380000000000008e-03,3.069826844137955608e-03
1.704000000000000000e+03,-1.461823999999999589e-03,2.701488531177950302e-03
1.704500000000000000e+03,-9.454139999999999983e-04,2.497557903349990373e-03
1.705000000000000000e+03,-2.045359999999997913e-04,2.597946682789313653e-03
1.705500000000000000e+03,6.708660000000002139e-04,2.944883084070740956e-03
1.706000000000000000e+03,1.574959999999999815e-03,3.354264417241133167e-03
1.706500000000000000e+03,2.398579999999999549e-03,3.668685871976503244e-03
1.707000000000000000e+03,3.042253999999999878e-03,3.798584649269514269e-03
1.707500000000000000e+03,3.428156000000000345e-03,3.714121487063394740e-03
1.708000000000000000e+03,3.509616000000000992e-03,3.435699170190254208e-03
1.708500000000000000e+03,3.277001999999999780e-03,3.028603826560020452e-03
1.709000000000000000e+03,2.759074000000000249e-03,2.599214173581315419e-03
1.709500000000000000e+03,2.019644000000000127e-03,2.280221782319868853e-03
1.710000000000000000e+03,1.149697999999999996e-03,2.169887758008233990e-03
1.710500000000000000e+03,2.560319999999999502e-04,2.242450244267194578e-03
1.711000000000000000e+03,-5.521139999999997083e-04,2.371926557418251643e-03
1.711500000000000000e+03,-1.176590000000000361e-03,2.444847227257768586e-03
1.712000000000000000e+03,-1.542244000000000340e-03,2.415694816289093959e-03
1.712500000000000000e+03,-1.605712000000000025e-03,2.313507365515398567e-03
1.713000000000000000e+03,-1.360171999999999987e-03,2.235166221446181073e-03
1.713500000000000000e+03,-8.357660000000001563e-04,2.302796731560560143e-03
1.714000000000000000e+03,-9.574999999999999636e-05,2.564178538259377898e-03
1.714500000000000000e+03,7.710060000000000784e-04,2.944738823864690574e-03
1.715000000000000000e+03,1.660367999999999957e-03,3.317127472180410232e-03
1.715500000000000000e+03,2.464967999999999240e-03,3.570420993515190187e-03
1.716000000000000000e+03,3.086656000000000122e-03,3.632224783185368858e-03
1.716500000000000000e+03,3.447907999999999529e-03,3.472126204478172100e-03
1.717000000000000000e+03,3.500894000000000054e-03,3.102713903702047655e-03
1.717500000000000000e+03,3.233139999999999799e-03,2.583678600431950096e-03
1.718000000000000000e+03,2.669030000000000187e-03,2.037145672054406671e-03
1.718500000000000000e+03,1.867020000000000051e-03,1.675673860848225956e-03
1.719000000000000000e+03,9.127279999999998034e-04,1.710646720908206523e-03
1.719500000000000000e+03,-9.126599999999992206e-05,2.052119524478532905e-03
1.720000000000000000e+03,-1.037593999999999756e-03,2.436527076540706029e-03
1.720500000000000000e+03,-1.826691999999999986e-03,2.693540735462153762e-03
1.721000000000000000e+03,-2.378059999999999983e-03,2.748141461560885818e-03
1.721500000000000000e+03,-2.638978000000000157e-03,2.588835336096909686e-03
1.722000000000000000e+03,-2.589659999999999705e-03,2.261788572130471724e-03
1.722500000000000000e+03,-2.244649999999999944e-03,1.886325664078183180e-03
1.723000000000000000e+03,-1.650511999999999813e-03,1.675319671195321311e-03
1.723500000000000000e+03,-8.802080000000000537e-04,1.815439573881212805e-03
1.724000000000000000e+03,-2.470200000000005589e-05,2.216054677986082494e-03
1.724500000000000000e+03,8.173520000000000308e-04,2.650759339848489122e-03
1.725000000000000000e+03,1.550872000000000014e-03,2.962779154391025592e-03
1.725500000000000000e+03,2.095259999999999831e-03,3.072920877783871449e-03
1.726000000000000000e+03,2.393600000000000068e-03,2.958836199810662218e-03
1.726500000000000000e+03,2.418920000000000618e-03,2.647303639743654041e-03
1.727000000000000000e+03,2.176670000000000341e-03,2.215958749212178051e-03
1.727500000000000000e+03,1.703144000000000186e-03,1.804351460804130575e-03
1.728000000000000000e+03,1.060120000000000116e-03,1.604664344060775750e-03
1.728500000000000000e+03,3.265219999999999885e-04,1.707950014378055350e-03
1.729000000000000000e+03,-4.115500000000001102e-04,1.962800548631979045e-03
1.729500000000000000e+03,-1.071016000000000155e-03,2.166515713341585821e-03
1.730000000000000000e+03,-1.580788000000000072e-03,2.198504980315941701e-03
1.730500000000000000e+03,-1.888512000000000177e-03,2.013025184232427375e-03
1.731000000000000000e+03,-1.964627999999999947e-03,1.629770205794056279e-03
1.731500000000000000e+03,-1.803875999999999830e-03,1.170243118974001722e-03
1.732000000000000000e+03,-1.424603999999999888e-03,1.008262924889138153e-03
1.732500000000000000e+03,-8.663259999999999451e-04,1.457219502805256681e-03
1.733000000000000000e+03,-1.857759999999999913e-04,2.149796886916528760e-03
1.733500000000000000e+03,5.484040000000002741e-04,2.793703653461833934e-03
1.734000000000000000e+03,1.262172000000000207e-03,3.252756982394165892e-03
1.734500000000000000e+03,1.883457999999999747e-03,3.452335723689687556e-03
1.735000000000000000e+03,2.349697999999999891e-03,3.361553134385057099e-03
1.735500000000000000e+03,2.614571999999999903e-03,2.992811705252102546e-03
1.736000000000000000e+03,2.652994000000000532e-03,2.406729942728514423e-03
1.736500000000000000e+03,2.463581999999999751e-03,1.735238157159990375e-03
1.737000000000000000e+03,2.068280000000000032e-03,1.274393664222323377e-03
1.737500000000000000e+03,1.509277999999999965e-03,1.428711927525629696e-03
1.738000000000000000e+03,8.438779999999999459e-04,1.979986137629250863e-03
1.738500000000000000e+03,1.380200000000001456e-04,2.515870870682754105e-03
1.739000000000000000e+03,-5.404680000000002199e-04,2.854574055647181655e-03
1.739500000000000000e+03,-1.128293999999999738e-03,2.922393241043374189e-03
1.740000000000000000e+03,-1.572184000000000125e-03,2.701744856713157294e-03
1.740500000000000000e+03,-1.833363999999999870e-03,2.220337364619620266e-03
1.741000000000000000e+03,-1.890813999999999993e-03,1.555115724724690559e-03
1.741500000000000000e+03,-1.743374000000000009e-03,8.913596855007522874e-04
1.742000000000000000e+03,-1.410356000000000196e-03,8.190936156301061510e-04
1.742500000000000000e+03,-9.303560000000000215e-04,1.403922031469696579e-03
1.743000000000000000e+03,-3.579000000000000800e-04,1.993537162848990022e-03
1.743500000000000000e+03,2.421420000000002305e-04,2.379333328055150722e-03
1.744000000000000000e+03,8.019799999999996636e-04,2.489611549521330430e-03
1.744500000000000000e+03,1.259198000000000218e-03,2.308460630730790539e-03
1.745000000000000000e+03,1.564622000000000322e-03,1.868459878564160924e-03
1.745500000000000000e+03,1.688324000000000161e-03,1.266126937726229796e-03
1.746000000000000000e+03,1.622788000000000008e-03,7.931531490538254892e-04
1.746500000000000000e+03,1.382753999999999928e-03,1.061390027749460228e-03
1.747000000000000000e+03,1.001993999999999758e-03,1.726625590510577363e-03
1.747500000000000000e+03,5.278139999999999308e-04,2.333633269806119175e-03
1.748000000000000000e+03,1.439000000000006212e-05,2.731609263538619606e-03
1.748500000000000000e+03,-4.838580000000000420e-04,2.850359065334400876e-03
1.749000000000000000e+03,-9.180900000000000952e-04,2.663771178671320902e-03
1.749500000000000000e+03,-1.249428000000000127e-03,2.186168903532844949e-03
1.750000000000000000e+03,-1.451896000000000046e-03,1.476457149431028995e-03
1.750500000000000000e+03,-1.513810000000000199e-03,6.963947208803352709e-04
1.751000000000000000e+03,-1.437893999999999891e-03,7.373076682945865334e-04
1.751500000000000000e+03,-1.240104000000000119e-03,1.571551307563962170e-03
1.752000000000000000e+03,-9.472820000000000285e-04,2.357452242793902069e-03
1.752500000000000000e+03,-5.937720000000000064e-04,2.926486292338304884e-03
1.753000000000000000e+03,-2.172419999999997879e-04,3.200820443369793190e-03
1.753500000000000000e+03,1.457819999999998453e-04,3.146725474977758036e-03
1.754000000000000000e+03,4.639340000000000477e-04,2.773668100462994661e-03
1.754500000000000000e+03,7.140599999999996516e-04,2.137519942484747849e-03
1.755000000000000000e+03,8.826999999999998259e-04,1.363021814840099976e-03
1.755500000000000000e+03,9.659979999999998134e-04,8.356807141570277804e-04
1.756000000000000000e+03,9.682480000000000036e-04,1.249411116187942481e-03
1.756500000000000000e+03,8.996280000000000813e-04,2.014930462957468648e-03
1.757000000000000000e+03,7.737299999999999256e-04,2.669182033370898037e-03
1.757500000000000000e+03,6.054919999999999010e-04,3.074540246258617403e-03
1.758000000000000000e+03,4.097439999999999177e-04,3.171281137516192630e-03
1.758500000000000000e+03,2.003600000000000400e-04,2.945756537456888785e-03
1.759000000000000000e+03,-1.008000000000007120e-05,2.427079786640727339e-03
1.759500000000000000e+03,-2.104779999999999726e-04,1.691647745212932928e-03
1.760000000000000000e+03,-3.913220000000000457e-04,9.159904036309551465e-04
1.760500000000000000e+03,-5.448659999999999701e-04,7.813002664827395924e-04
1.761000000000000000e+03,-6.652760000000000184e-04,1.469886637096888592e-03
1.761500000000000000e+03,-7.486480000000000868e-04,2.165829051133537700e-03
1.762000000000000000e+03,-7.928539999999997378e-04,2.644690081195904489e-03
1.762500000000000000e+03,-7.972559999999999846e-04,2.831109634017375982e-03
1.763000000000000000e+03,-7.623759999999998307e-04,2.707564021613523882e-03
1.763500000000000000e+03,-6.898440000000002209e-04,2.310580568235178541e-03
1.764000000000000000e+03,-5.826480000000000634e-04,1.750218044583016748e-03
1.764500000000000000e+03,-4.458379999999999418e-04,1.295898180210930135e-03
1.765000000000000000e+03,-2.874460000000000665e-04,1.403527348524423847e-03
1.765500000000000000e+03,-1.193160000000000347e-04,1.989360896385067214e-03
1.766000000000000000e+03,4.263600000000023350e-05,2.621435024620293736e-03
1.766500000000000000e+03,1.790939999999999492e-04,3.077026093265378560e-03
1.767000000000000000e+03,2.691660000000000450e-04,3.250543037116413944e-03
1.767500000000000000e+03,2.930779999999998933e-04,3.095882522775048832e-03
1.768000000000000000e+03,2.354639999999999804e-04,2.614703794240563414e-03
1.768500000000000000e+03,8.843000000000010032e-05,1.856290336280938449e-03
1.769000000000000000e+03,-1.460879999999999471e-04,9.466542279597129619e-04
1.769500000000000000e+03,-4.551600000000000264e-04,6.314263532431949304e-04
1.770000000000000000e+03,-8.150639999999998928e-04,1.531603019129304348e-03
1.770500000000000000e+03,-1.192860000000000014e-03,2.470679284239457423e-03
1.771000000000000000e+03,-1.549152000000000255e-03,3.202095922753408260e-03
1.771500000000000000e+03,-1.841782000000000141e-03,3.629815311736121937e-03
1.772000000000000000e+03,-2.030210000000000174e-03,3.706996139380239717e-03
1.772500000000000000e+03,-2.080219999999999812e-03,3.433789685723340548e-03
1.773000000000000000e+03,-1.968592000000000345e-03,2.861790188627391391e-03
1.773500000000000000e+03,-1.687202000000000059e-03,2.110311820796633049e-03
1.774000000000000000e+03,-1.245999999999999929e-03,1.446625459374332838e-03
1.774500000000000000e+03,-6.742319999999997612e-04,1.406049821622263642e-03
1.775000000000000000e+03,-1.934600000000003466e-05,1.995208043662615241e-03
1.775500000000000000e+03,6.568240000000001881e-04,2.657692656212527586e-03
1.776000000000000000e+03,1.284451999999999946e-03,3.120779761544220220e-03
1.776500000000000000e+03,1.794073999999999669e-03,3.277036518488312278e-03
1.777000000000000000e+03,2.125744000000000158e-03,3.093579935573994091e-03
1.777500000000000000e+03,2.237363999999999933e-03,2.595662556627112774e-03
1.778000000000000000e+03,2.110823999999999860e-03,1.875821810057128102e-03
1.778500000000000000e+03,1.754747999999999768e-03,1.181331474241671198e-03
1.779000000000000000e+03,1.203581999999999916e-03,1.178135961183597851e-03
1.779500000000000000e+03,5.133380000000000104e-04,1.895591983079164804e-03
1.780000000000000000e+03,-2.450980000000000172e-04,2.671589244540410312e-03
1.780500000000000000e+03,-9.939659999999999902e-04,3.249802353563366504e-03
1.781000000000000000e+03,-1.656877999999999867e-03,3.530428291946176387e-03
1.781500000000000000e+03,-2.166462000000000075e-03,3.480350119024521252e-03
1.782000000000000000e+03,-2.470977999999999977e-03,3.122286201800533040e-03
1.782500000000000000e+03,-2.539393999999999939e-03,2.541197037517161500e-03
1.783000000000000000e+03,-2.364795999999999739e-03,1.917670039221033330e-03
1.783500000000000000e+03,-1.965797999999999938e-03,1.600398046563416589e-03
1.784000000000000000e+03,-1.385625999999999828e-03,1.865830265317828651e-03
1.784500000000000000e+03,-6.886240000000002021e-04,2.425591415415217795e-03
1.785000000000000000e+03,4.588400000000003028e-05,2.924159655377250259e-03
1.785500000000000000e+03,7.321020000000003167e-04,3.186679362095282998e-03
1.786000000000000000e+03,1.287745999999999986e-03,3.139374732673052334e-03
1.786500000000000000e+03,1.644187999999999986e-03,2.772114327453685263e-03
1.787000000000000000e+03,1.755202000000000194e-03,2.132835043001216329e-03
1.787500000000000000e+03,1.602879999999999886e-03,1.360665416650985466e-03
1.788000000000000000e+03,1.199814000000000002e-03,9.429818863880682668e-04
1.788500000000000000e+03,5.874039999999999210e-04,1.513817481018104889e-03
1.789000000000000000e+03,-1.690419999999998089e-04,2.394999990030062358e-03
1.789500000000000000e+03,-9.875439999999999219e-04,3.172135568361793365e-03
1.790000000000000000e+03,-1.777840000000000366e-03,3.706056417874665967e-03
1.790500000000000000e+03,-2.450130000000000016e-03,3.930820398939641538e-03
1.791000000000000000e+03,-2.923568000000000087e-03,3.827268971845850746e-03
1.791500000000000000e+03,-3.134175999999999802e-03,3.419582582906281840e-03
1.792000000000000000e+03,-3.041836000000000019e-03,2.776018668203799906e-03
1.792500000000000000e+03,-2.635864000000000349e-03,2.020480721983261216e-03
1.793000000000000000e+03,-1.938426000000000038e-03,1.392351144196750466e-03
1.793500000000000000e+03,-1.004951999999999929e-03,1.303618139569252734e-03
1.794000000000000000e+03,7.938800000000003341e-05,1.728393129083773995e-03
1.794500000000000000e+03,1.207396000000000120e-03,2.202083077743888662e-03
1.795000000000000000e+03,2.261342000000000386e-03,2.491545033792084540e-03
1.795500000000000000e+03,3.126834000000000644e-03,2.518500726129734371e-03
1.796000000000000000e+03,3.706985999999999788e-03,2.279537975344126527e-03
1.796500000000000000e+03,3.934563999999999770e-03,1.838154670283760400e-03
1.797000000000000000e+03,3.780184000000000235e-03,1.371704162145030541e-03
1.797500000000000000e+03,3.255489999999999773e-03,1.274106996083923787e-03
1.798000000000000000e+03,2.411229999999999884e-03,1.740871823891695924e-03
1.798500000000000000e+03,1.331035999999999851e-03,2.414725389363353569e-03
1.799000000000000000e+03,1.221959999999999258e-04,3.024155500014177357e-03
1.799500000000000000e+03,-1.095335999999999923e-03,3.440953895809415863e-03
1.800000000000000000e+03,-2.200433999999999810e-03,3.603056657890075197e-03
1.800500000000000000e+03,-3.082169999999999962e-03,3.494519201840218334e-03
1.801000000000000000e+03,-3.650356000000000434e-03,3.142738935183130976e-03
1.801500000000000000e+03,-3.844779999999999899e-03,2.622587296367843903e-03
1.802000000000000000e+03,-3.642390000000000124e-03,2.072514855027582283e-03
1.802500000000000000e+03,-3.061495999999999922e-03,1.718909853080143220e-03
1.803000000000000000e+03,-2.161922000000000583e-03,1.763887800724297638e-03
1.803500000000000000e+03,-1.040301999999999677e-03,2.092721100501449688e-03
1.804000000000000000e+03,1.796000000000000829e-04,2.435451030109207597e-03
1.804500000000000000e+03,1.360817999999999967e-03,2.622817042722195083e-03
1.805000000000000000e+03,2.369476000000000134e-03,2.583875692254950212e-03
1.805500000000000000e+03,3.090979999999999683e-03,2.317092951437209596e-03
1.806000000000000000e+03,3.443635999999999919e-03,1.893695302847318981e-03
1.806500000000000000e+03,3.387742000000000444e-03,1.508160656115256019e-03
1.807000000000000000e+03,2.929161999999999912e-03,1.511531181796789631e-03
1.807500000000000000e+03,2.117579999999999983e-03,1.996043829621484220e-03
1.808000000000000000e+03,1.040197999999999557e-03,2.657592830163040595e-03
1.808500000000000000e+03,-1.878060000000000786e-04,3.258174272655776828e-03
1.809000000000000000e+03,-1.434830000000000220e-03,3.670844536055701927e-03
1.809500000000000000e+03,-2.565490000000000131e-03,3.828498484265077748e-03
1.810000000000000000e+03,-3.453575999999999868e-03,3.707256230961923117e-03
1.810500000000000000e+03,-3.994690000000000393e-03,3.322522466562114526e-03
1.811000000000000000e+03,-4.117769999999999764e-03,2.728888354277250392e-03
1.811500000000000000e+03,-3.794356000000000031e-03,2.027857786541255401e-03
1.812000000000000000e+03,-3.044154000000000304e-03,1.408462062128760335e-03
1.812500000000000000e+03,-1.935440000000000077e-03,1.212445175985289638e-03
1.813000000000000000e+03,-5.793559999999999465e-04,1.526280684532173651e-03
1.813500000000000000e+03,8.819799999999998735e-04,1.957665480257032853e-03
1.814000000000000000e+03,2.292147999999999929e-03,2.262388588415791945e-03
1.814500000000000000e+03,3.499596000000000651e-03,2.364833223575396257e-03
1.815000000000000000e+03,4.376127999999999962e-03,2.277183097002522232e-03
1.815500000000000000e+03,4.831917999999999283e-03,2.089574856968278316e-03
1.816000000000000000e+03,4.824937999999999103e-03,1.974954432151283627e-03
1.816500000000000000e+03,4.364030000000000513e-03,2.113863347882260872e-03
1.817000000000000000e+03,3.505909999999999669e-03,2.513006223149874801e-03
1.817500000000000000e+03,2.347329999999999469e-03,3.015452988915595309e-03
1.818000000000000000e+03,1.013945999999999945e-03,3.460030367078589537e-03
1.818500000000000000e+03,-3.527199999999997807e-04,3.738143180485466177e-03
1.819000000000000000e+03,-1.609011999999999942e-03,3.792562886673601485e-03
1.819500000000000000e+03,-2.622789999999999844e-03,3.613434225142336635e-03
1.820000000000000000e+03,-3.286328000000000252e-03,3.238867248288203674e-03
1.820500000000000000e+03,-3.527558000000000082e-03,2.760984221018656683e-03
1.821000000000000000e+03,-3.318618000000000175e-03,2.336264779902740268e-03
1.821500000000000000e+03,-2.680342000000000054e-03,2.159286136067658721e-03
1.822000000000000000e+03,-1.681587999999999920e-03,2.305562907600657539e-03
1.822500000000000000e+03,-4.326840000000001826e-04,2.628356443847752050e-03
1.823000000000000000e+03,9.265840000000000447e-04,2.930470239588861461e-03
1.823500000000000000e+03,2.243104000000000105e-03,3.088760561941634140e-03
1.824000000000000000e+03,3.368337999999999801e-03,3.057388328288377245e-03
1.824500000000000000e+03,4.175398000000000304e-03,2.856449981938069538e-03
1.825000000000000000e+03,4.572925999999999727e-03,2.572249716471167093e-03
1.825500000000000000e+03,4.514251999999999848e-03,2.357408928615059053e-03
1.826000000000000000e+03,4.001199999999999896e-03,2.374687944855071245e-03
1.826500000000000000e+03,3.082885999999999526e-03,2.653183489856289577e-03
1.827000000000000000e+03,1.850266000000000367e-03,3.060184274321727741e-03
1.827500000000000000e+03,4.272999999999995443e-04,3.435249533015032313e-03
1.828000000000000000e+03,-1.040353999999999845e-03,3.665468599609877660e-03
1.828500000000000000e+03,-2.398682000000000071e-03,3.689954611942266021e-03
1.829000000000000000e+03,-3.499931999999999870e-03,3.492043392683429840e-03
1.829500000000000000e+03,-4.217700000000000442e-03,3.094522386900764189e-03
1.830000000000000000e+03,-4.461268000000000004e-03,2.560203199946050646e-03
1.830500000000000000e+03,-4.187340000000000333e-03,2.004332400399195298e-03
1.831000000000000000e+03,-3.407349999999999962e-03,1.623053698541733307e-03
1.831500000000000000e+03,-2.188753999999999787e-03,1.627196255516217801e-03
1.832000000000000000e+03,-6.493980000000001409e-04,1.957606395191331672e-03
1.832500000000000000e+03,1.054671999999999988e-03,2.372445360680409954e-03
1.833000000000000000e+03,2.746583999999999831e-03,2.718469453219218932e-03
1.833500000000000000e+03,4.248794000000000182e-03,2.939314862224868489e-03
1.834000000000000000e+03,5.403388000000000288e-03,3.038712033232830387e-03
1.834500000000000000e+03,6.089828000000000255e-03,3.062155242748805864e-03
1.835000000000000000e+03,6.238244000000000428e-03,3.079865563268305902e-03
1.835500000000000000e+03,5.836931999999999537e-03,3.157813335915217717e-03
1.836000000000000000e+03,4.933675999999999687e-03,3.321929616764328786e-03
1.836500000000000000e+03,3.630903999999999469e-03,3.543140781963934321e-03
1.837000000000000000e+03,2.075384000000000430e-03,3.756729514148709603e-03
1.837500000000000000e+03,4.433340000000000891e-04,3.893488714533020929e-03
1.838000000000000000e+03,-1.077982000000000332e-03,3.900957175416566291e-03
1.838500000000000000e+03,-2.310438000000000162e-03,3.753393458110140368e-03
1.839000000000000000e+03,-3.105241999999999811e-03,3.456692380408473309e-03
1.839500000000000000e+03,-3.360794000000000281e-03,3.053101218996186108e-03
1.840000000000000000e+03,-3.035923999999999741e-03,2.628082376423159037e-03
1.840500000000000000e+03,-2.156481999999999930e-03,2.311486518458197130e-03
1.841000000000000000e+03,-8.140179999999999031e-04,2.230194911426801666e-03
1.841500000000000000e+03,8.436399999999999932e-04,2.391469729001393773e-03
1.842000000000000000e+03,2.628967999999999756e-03,2.665709699692372665e-03
1.842500000000000000e+03,4.336313999999999100e-03,2.907953352415750242e-03
1.843000000000000000e+03,5.765819999999999626e-03,3.026445079860197885e-03
1.843500000000000000e+03,6.746623999999999677e-03,2.986564374361617372e-03
1.844000000000000000e+03,7.156667999999999710e-03,2.805418245920561320e-03
1.844500000000000000e+03,6.936892000000000058e-03,2.551185854384976047e-03
1.845000000000000000e+03,6.098390000000000408e-03,2.339576096022524896e-03
1.845500000000000000e+03,4.721908000000000355e-03,2.294973629032368793e-03
1.846000000000000000e+03,2.949768000000000615e-03,2.455503103501194967e-03
1.846500000000000000e+03,9.710680000000004950e-04,2.733770909270563307e-03
1.847000000000000000e+03,-9.984539999999999648e-04,2.999283035894745233e-03
1.847500000000000000e+03,-2.739981999999999748e-03,3.150564612805774236e-03
1.848000000000000000e+03,-4.056081999999999917e-03,3.131774764286857256e-03
1.848500000000000000e+03,-4.793550000000000588e-03,2.931663477186629337e-03
1.849000000000000000e+03,-4.861734000000000368e-03,2.584557780194901653e-03
1.849500000000000000e+03,-4.244083999999999531e-03,2.179489588659693205e-03
1.850000000000000000e+03,-3.001191999999999749e-03,1.874582124958519731e-03
1.850500000000000000e+03,-1.264728000000000119e-03,1.849549460640076892e-03
1.851000000000000000e+03,7.771839999999999912e-04,2.117496585349312819e-03
1.851500000000000000e+03,2.901441999999999737e-03,2.506836177534143770e-03
1.852000000000000000e+03,4.875745999999999379e-03,2.855644103024044221e-03
1.852500000000000000e+03,6.485512000000000568e-03,3.075959195921493076e-03
1.853000000000000000e+03,7.558660000000000032e-03,3.140434711806631540e-03
1.853500000000000000e+03,7.985332000000001235e-03,3.070368321445164726e-03
1.854000000000000000e+03,7.730214000000000876e-03,2.928431786932384710e-03
1.854500000000000000e+03,6.836052000000000448e-03,2.804973732604994999e-03
1.855000000000000000e+03,5.418086000000000776e-03,2.783658762430481649e-03
1.855500000000000000e+03,3.650216000000000398e-03,2.891509321779198779e-03
1.856000000000000000e+03,1.744548000000000713e-03,3.081618596697845592e-03
1.856500000000000000e+03,-7.318200000000011350e-05,3.270421185525497227e-03
1.857000000000000000e+03,-1.589455999999999508e-03,3.381900308756305863e-03
1.857500000000000000e+03,-2.627210000000000049e-03,3.367436675489236288e-03
1.858000000000000000e+03,-3.065762000000000088e-03,3.209389675065026874e-03
1.858500000000000000e+03,-2.854165999999999995e-03,2.920352906901150288e-03
1.859000000000000000e+03,-2.016588000000000148e-03,2.543200254709408747e-03
1.859500000000000000e+03,-6.491420000000000133e-04,2.153102732115678465e-03
1.860000000000000000e+03,1.091463999999999889e-03,1.854642484379671451e-03
1.860500000000000000e+03,3.006130000000000087e-03,1.742469380491375999e-03
1.861000000000000000e+03,4.876367999999999849e-03,1.813913782458802509e-03
1.861500000000000000e+03,6.489486000000000039e-03,1.962115015712891444e-03
1.862000000000000000e+03,7.662946000000001208e-03,2.074776701786483924e-03
1.862500000000000000e+03,8.265032000000000281e-03,2.087909852075515386e-03
1.863000000000000000e+03,8.229311999999999044e-03,1.986992877107011512e-03
1.863500000000000000e+03,7.561228000000000567e-03,1.802125231418172076e-03
1.864000000000000000e+03,6.336173999999999973e-03,1.609981058787959872e-03
1.864500000000000000e+03,4.689661999999999824e-03,1.526910978879908367e-03
1.865000000000000000e+03,2.800967999999999600e-03,1.639994227683134152e-03
1.865500000000000000e+03,8.725420000000001309e-04,1.915084781753538697e-03
1.866000000000000000e+03,-8.923419999999999616e-04,2.241656219274935739e-03
1.866500000000000000e+03,-2.311266000000000188e-03,2.519569527652689486e-03
1.867000000000000000e+03,-3.241394000000000306e-03,2.681529852387625097e-03
1.867500000000000000e+03,-3.593672000000000012e-03,2.691306868462606163e-03
1.868000000000000000e+03,-3.341189999999999959e-03,2.543529910207465924e-03
1.868500000000000000e+03,-2.521138000000000025e-03,2.267474184160428018e-03
1.869000000000000000e+03,-1.230222000000000000e-03,1.934752894297873688e-03
1.869500000000000000e+03,3.860620000000000588e-04,1.666235206690219912e-03
1.870000000000000000e+03,2.149271999999999815e-03,1.595551434339864813e-03
1.870500000000000000e+03,3.867577999999999988e-03,1.741020123638437186e-03
1.871000000000000000e+03,5.356964000000000517e-03,1.976019949900810219e-03
1.871500000000000000e+03,6.461675999999999531e-03,2.165570115151204452e-03
1.872000000000000000e+03,7.071471999999999654e-03,2.232505773287944174e-03
1.872500000000000000e+03,7.133439999999999573e-03,2.155163786780484817e-03
1.873000000000000000e+03,6.656831999999999680e-03,1.962793720102547906e-03
1.873500000000000000e+03,5.710584000000000320e-03,1.741525269683445992e-03
1.874000000000000000e+03,4.414007999999999647e-03,1.633270069016143963e-03
1.874500000000000000e+03,2.922255999999999378e-03,1.753801433756398348e-03
1.875000000000000000e+03,1.408513999999999817e-03,2.062549587793224577e-03
1.875500000000000000e+03,4.507400000000015832e-05,2.417498539123860701e-03
1.876000000000000000e+03,-1.014679999999999792e-03,2.693349811429996809e-03
1.876500000000000000e+03,-1.651803999999999772e-03,2.809288279371840828e-03
1.877000000000000000e+03,-1.793444000000000375e-03,2.724531040075704128e-03
1.877500000000000000e+03,-1.419831999999999995e-03,2.435246085530987960e-03
1.878000000000000000e+03,-5.660500000000000167e-04,1.975210237172235657e-03
1.878500000000000000e+03,6.816139999999999829e-04,1.425074657260453877e-03
1.879000000000000000e+03,2.194505999999999714e-03,9.619217261950162518e-04
1.879500000000000000e+03,3.814954000000000175e-03,9.195766510878795397e-04
1.880000000000000000e+03,5.372937999999999846e-03,1.267936306643200305e-03
1.880500000000000000e+03,6.704308000000000836e-03,1.639356692518135084e-03
1.881000000000000000e+03,7.668453999999999895e-03,1.864703692176319623e-03
1.881500000000000000e+03,8.163231999999999433e-03,1.888719023805287677e-03
1.882000000000000000e+03,8.135312000000000446e-03,1.710792291291961731e-03
1.882500000000000000e+03,7.584852000000000434e-03,1.379460996960044572e-03
1.883000000000000000e+03,6.564236000000001070e-03,1.024289765611274524e-03
1.883500000000000000e+03,5.171500000000000749e-03,9.291620672089450934e-04
1.884000000000000000e+03,3.539609999999999892e-03,1.245380306356254959e-03
1.884500000000000000e+03,1.822957999999999523e-03,1.708425881188294386e-03
1.885000000000000000e+03,1.824660000000000518e-04,2.108797625976945121e-03
1.885500000000000000e+03,-1.229493999999999813e-03,2.348463306880905956e-03
1.886000000000000000e+03,-2.283222000000000116e-03,2.383798843943003062e-03
1.886500000000000000e+03,-2.883809999999999672e-03,2.212332485412172277e-03
1.887000000000000000e+03,-2.980341999999999974e-03,1.874847122405984235e-03
1.887500000000000000e+03,-2.571232000000000552e-03,1.470017131265482753e-03
1.888000000000000000e+03,-1.705149999999999678e-03,1.188815088766962064e-03
1.888500000000000000e+03,-4.770519999999999448e-04,1.243686091939601905e-03
1.889000000000000000e+03,9.805759999999999303e-04,1.551708231542257323e-03
1.889500000000000000e+03,2.510763999999999965e-03,1.870937428733521158e-03
1.890000000000000000e+03,3.948175999999999422e-03,2.057749292835742844e-03
1.890500000000000000e+03,5.136638000000000662e-03,2.052350596563364774e-03
1.891000000000000000e+03,5.945982000000000697e-03,1.848568249898823943e-03
1.891500000000000000e+03,6.286306000000000185e-03,1.489147584219240603e-03
1.892000000000000000e+03,6.117895999999999404e-03,1.090836403108183745e-03
1.892500000000000000e+03,5.455748000000000715e-03,9.213917434587744985e-04
1.893000000000000000e+03,4.368341999999999885e-03,1.185499809613649791e-03
1.893500000000000000e+03,2.970816000000000255e-03,1.631199065116210878e-03
1.894000000000000000e+03,1.413288000000000174e-03,2.021608768479697671e-03
1.894500000000000000e+03,-1.345179999999999748e-04,2.249013825198502205e-03
1.895000000000000000e+03,-1.500908000000000016e-03,2.266271358874307265e-03
1.895500000000000000e+03,-2.530313999999999654e-03,2.068156480275609894e-03
1.896000000000000000e+03,-3.100114000000000168e-03,1.692132269217155351e-03
1.896500000000000000e+03,-3.134407999999999552e-03,1.237521578758932162e-03
1.897000000000000000e+03,-2.613313999999999828e-03,9.390666168786961391e-04
1.897500000000000000e+03,-1.576618000000000117e-03,1.094503835824251316e-03
1.898000000000000000e+03,-1.211619999999999218e-04,1.521764630382767139e-03
1.898500000000000000e+03,1.608100000000000111e-03,1.924976052232858564e-03
1.899000000000000000e+03,3.432755999999999915e-03,2.173835971209879276e-03
1.899500000000000000e+03,5.159790000000000036e-03,2.219297987986291153e-03
1.900000000000000000e+03,6.602644000000000395e-03,2.062119123650716680e-03
1.900500000000000000e+03,7.601901999999998924e-03,1.751625240433580741e-03
1.901000000000000000e+03,8.043245999999998688e-03,1.403245648678804695e-03
1.901500000000000000e+03,7.870383999999999367e-03,1.224583001150187376e-03
1.902000000000000000e+03,7.091672000000000253e-03,1.375751380734905769e-03
1.902500000000000000e+03,5.779548000000000671e-03,1.719275007540678512e-03
1.903000000000000000e+03,4.062971999999999764e-03,2.038673112079030479e-03
1.903500000000000000e+03,2.113694000000000163e-03,2.206243047976808817e-03
1.904000000000000000e+03,1.279199999999998459e-04,2.161266914411544976e-03
1.904500000000000000e+03,-1.694568000000000029e-03,1.889307173787258681e-03
1.905000000000000000e+03,-3.171591999999999988e-03,1.417369234266074775e-03
1.905500000000000000e+03,-4.157746000000000358e-03,8.297048719128987705e-04
1.906000000000000000e+03,-4.559714000000000302e-03,4.860454828058789344e-04
1.906500000000000000e+03,-4.346148000000000199e-03,9.513708473639498342e-04
1.907000000000000000e+03,-3.551213999999999586e-03,1.560684121847210606e-03
1.907500000000000000e+03,-2.271288000000000647e-03,2.040326533808743160e-03
1.908000000000000000e+03,-6.550139999999997700e-04,2.306415010640106011e-03
1.908500000000000000e+03,1.112571999999999823e-03,2.322655133431134056e-03
1.909000000000000000e+03,2.830126000000000083e-03,2.091397799670354288e-03
1.909500000000000000e+03,4.302247999999999836e-03,1.656960118299170013e-03
1.910000000000000000e+03,5.361247999999999882e-03,1.127480271811440692e-03
1.910500000000000000e+03,5.885895999999999836e-03,7.936774779757833128e-04
1.911000000000000000e+03,5.814912000000000206e-03,1.049232710238295896e-03
1.911500000000000000e+03,5.153635999999999634e-03,1.559703045232007984e-03
1.912000000000000000e+03,3.973141999999999820e-03,1.989773897264208915e-03
1.912500000000000000e+03,2.401851999999999893e-03,2.216534893640070836e-03
1.913000000000000000e+03,6.108619999999999935e-04,2.189941253804311271e-03
1.913500000000000000e+03,-1.205354000000000061e-03,1.906550815762852362e-03
1.914000000000000000e+03,-2.850496000000000106e-03,1.413763371510946961e-03
1.914500000000000000e+03,-4.147747999999999713e-03,8.660981680814246880e-04
1.915000000000000000e+03,-4.958587999999999885e-03,8.005753317608530406e-04
1.915500000000000000e+03,-5.197188000000000155e-03,1.390853821892868922e-03
1.916000000000000000e+03,-4.839048000000000307e-03,2.059822592325368223e-03
1.916500000000000000e+03,-3.923061999999999730e-03,2.582592539119169753e-03
1.917000000000000000e+03,-2.546765999999999787e-03,2.864331462216968601e-03
1.917500000000000000e+03,-8.552940000000001496e-04,2.861048381517866061e-03
1.918000000000000000e+03,9.747880000000000867e-04,2.572260302907541756e-03
1.918500000000000000e+03,2.754936000000000364e-03,2.043851203328167845e-03
1.919000000000000000e+03,4.305063999999999939e-03,1.388039581274972149e-03
1.919500000000000000e+03,5.472611999999999963e-03,9.100182410391564761e-04
1.920000000000000000e+03,6.148111999999999848e-03,1.148128049110376785e-03
1.920500000000000000e+03,6.275562000000000154e-03,1.763957277275727794e-03
1.921000000000000000e+03,5.856668000000000637e-03,2.309357858508291096e-03
1.921500000000000000e+03,4.948737999999999401e-03,2.630467677576365723e-03
1.922000000000000000e+03,3.656702000000000390e-03,2.666265406073446698e-03
1.922500000000000000e+03,2.120464000000000290e-03,2.408189332908855680e-03
1.923000000000000000e+03,4.991059999999998120e-04,1.897300412619467008e-03
1.923500000000000000e+03,-1.046054000000000038e-03,1.244599275114685252e-03
1.924000000000000000e+03,-2.367935999999999739e-03,7.904079503560171045e-04
1.924500000000000000e+03,-3.347917999999999641e-03,1.128589655815610956e-03
1.925000000000000000e+03,-3.906680000000000048e-03,1.786451860487710047e-03
1.925500000000000000e+03,-4.010643999999999841e-03,2.337005824632450070e-03
1.926000000000000000e+03,-3.673580000000000075e-03,2.644664303691491355e-03
1.926500000000000000e+03,-2.953239999999999772e-03,2.655871270515572369e-03
1.927000000000000000e+03,-1.943603999999999818e-03,2.371212042790774542e-03
1.927500000000000000e+03,-7.636820000000000110e-04,1.850981311316783791e-03
1.928000000000000000e+03,4.556099999999998476e-04,1.264743746369200198e-03
1.928500000000000000e+03,1.584995999999999974e-03,1.075319717710039764e-03
1.929000000000000000e+03,2.509281999999999832e-03,1.581650035660227792e-03
1.929500000000000000e+03,3.137651999999999889e-03,2.284688817479089192e-03
1.930000000000000000e+03,3.411026000000000162e-03,2.869737221190469829e-03
1.930500000000000000e+03,3.306105999999999628e-03,3.206299650473423950e-03
1.931000000000000000e+03,2.836065999999999934e-03,3.234269263148323130e-03
1.931500000000000000e+03,2.048057999999999736e-03,2.943965864731450718e-03
1.932000000000000000e+03,1.017987999999999619e-03,2.375595874062758246e-03
1.932500000000000000e+03,-1.568980000000000960e-04,1.634692149596981376e-03
1.933000000000000000e+03,-1.366880000000000222e-03,1.006618301348629349e-03
1.933500000000000000e+03,-2.499475999999999608e-03,1.161372119338155819e-03
1.934000000000000000e+03,-3.449155999999999663e-03,1.866748393229789114e-03
1.934500000000000000e+03,-4.126335999999999546e-03,2.539287569159113384e-03
1.935000000000000000e+03,-4.464964000000000086e-03,2.989130955788989619e-03
1.935500000000000000e+03,-4.427941999999999816e-03,3.147645433766960415e-03
1.936000000000000000e+03,-4.010134000000000268e-03,3.011008029633264940e-03
1.936500000000000000e+03,-3.238636000000000466e-03,2.642260276548470763e-03
1.937000000000000000e+03,-2.170647999999999848e-03,2.198069400304276250e-03
1.937500000000000000e+03,-8.891380000000000377e-04,1.963806110112196936e-03
1.938000000000000000e+03,5.032200000000001863e-04,2.186485990744052067e-03
1.938500000000000000e+03,1.891624000000000387e-03,2.730822338250147013e-03
1.939000000000000000e+03,3.158004000000000280e-03,3.301693020470861193e-03
1.939500000000000000e+03,4.190799999999999734e-03,3.701256608133243406e-03
1.940000000000000000e+03,4.895099999999999452e-03,3.824464659479807210e-03
1.940500000000000000e+03,5.202196000000000944e-03,3.632366273025891112e-03
1.941000000000000000e+03,5.077544000000000675e-03,3.143963210719235082e-03
1.941500000000000000e+03,4.525909999999999309e-03,2.441328170918444750e-03
1.942000000000000000e+03,3.592851999999999678e-03,1.709361766178827367e-03
1.942500000000000000e+03,2.362052000000000335e-03,1.363232988459419596e-03
1.943000000000000000e+03,9.484140000000001796e-04,1.724976345065636031e-03
1.943500000000000000e+03,-5.123539999999998044e-04,2.349890715477211209e-03
1.944000000000000000e+03,-1.876851999999999600e-03,2.853594280134090933e-03
1.944500000000000000e+03,-3.008384000000000232e-03,3.082978234779804212e-03
1.945000000000000000e+03,-3.791195999999999282e-03,2.984967866323856665e-03
1.945500000000000000e+03,-4.143007999999999240e-03,2.575251414779535560e-03
1.946000000000000000e+03,-4.024545999999999506e-03,1.953456184306676374e-03
1.946500000000000000e+03,-3.444954000000000072e-03,1.409803580984244492e-03
1.947000000000000000e+03,-2.462381999999999939e-03,1.539777415288975937e-03
1.947500000000000000e+03,-1.179383999999999901e-03,2.304770483114533444e-03
1.948000000000000000e+03,2.666460000000000488e-04,3.171571675312730414e-03
1.948500000000000000e+03,1.717432000000000073e-03,3.874522023406758772e-03
1.949000000000000000e+03,3.010752000000000220e-03,4.284198977775658529e-03
1.949500000000000000e+03,3.998584000000000339e-03,4.336598652338720036e-03
1.950000000000000000e+03,4.564243999999999420e-03,4.021832910404906335e-03
1.950500000000000000e+03,4.636330000000000139e-03,3.385170516776074903e-03
1.951000000000000000e+03,4.197666000000000071e-03,2.538380373270719692e-03
1.951500000000000000e+03,3.288022000000000254e-03,1.720631046617490060e-03
1.952000000000000000e+03,2.000367999999999764e-03,1.463342425399468544e-03
1.952500000000000000e+03,4.711580000000000585e-04,1.993266395465994635e-03
1.953000000000000000e+03,-1.134227999999999929e-03,2.712390251972233730e-03
1.953500000000000000e+03,-2.639141999999999703e-03,3.260011224545707274e-03
1.954000000000000000e+03,-3.874642000000000190e-03,3.507285867786371150e-03
1.954500000000000000e+03,-4.697787999999999617e-03,3.424474689477788932e-03
1.955000000000000000e+03,-5.007446000000000466e-03,3.060408626604623795e-03
1.955500000000000000e+03,-4.755911999999999293e-03,2.564222087194086702e-03
1.956000000000000000e+03,-3.955074000000000263e-03,2.234436091244500471e-03
1.956500000000000000e+03,-2.676354000000000146e-03,2.404681420073353365e-03
1.957000000000000000e+03,-1.044110000000000220e-03,3.010491900293039893e-03
1.957500000000000000e+03,7.770439999999998468e-04,3.712034096607411213e-03
1.958000000000000000e+03,2.599853999999999533e-03,4.253979878011413321e-03
1.958500000000000000e+03,4.235084000000000071e-03,4.491340786300456085e-03
1.959000000000000000e+03,5.512799999999999992e-03,4.356640238173218292e-03
1.959500000000000000e+03,6.301563999999999950e-03,3.849233057061626773e-03
1.960000000000000000e+03,6.523170000000000010e-03,3.039572819190222534e-03
1.960500000000000000e+03,6.161024000000000188e-03,2.107925142718782181e-03
1.961000000000000000e+03,5.261431999999999914e-03,1.528293765898428459e-03
1.961500000000000000e+03,3.927806000000000700e-03,1.926131766924578728e-03
1.962000000000000000e+03,2.308846000000000249e-03,2.810311476143881066e-03
1.962500000000000000e+03,5.821400000000003048e-04,3.612200099894799336e-03
1.963000000000000000e+03,-1.065025999999999733e-03,4.112818949311529415e-03
1.963500000000000000e+03,-2.455622000000000187e-03,4.221228755007716549e-03
1.964000000000000000e+03,-3.441729999999999616e-03,3.918992803730315423e-03
1.964500000000000000e+03,-3.920324000000000204e-03,3.253837387179328838e-03
1.965000000000000000e+03,-3.844411999999999743e-03,2.359119796971743174e-03
1.965500000000000000e+03,-3.228163999999999947e-03,1.575277767578150056e-03
1.966000000000000000e+03,-2.145433999999999883e-03,1.647225997116364077e-03
1.966500000000000000e+03,-7.215480000000003497e-04,2.494980525097139756e-03
1.967000000000000000e+03,8.808679999999997120e-04,3.401036964901146039e-03
1.967500000000000000e+03,2.480518000000000133e-03,4.061170996325320220e-03
1.968000000000000000e+03,3.898261999999999561e-03,4.350938978509581029e-03
1.968500000000000000e+03,4.977559999999998930e-03,4.228970163692336894e-03
1.969000000000000000e+03,5.601883999999999683e-03,3.723304314030213488e-03
1.969500000000000000e+03,5.706838000000000535e-03,2.939364886494019117e-03
1.970000000000000000e+03,5.285775999999999843e-03,2.109724647508769146e-03
1.970500000000000000e+03,4.388585999999999876e-03,1.733280248008382297e-03
1.971000000000000000e+03,3.114369999999999986e-03,2.178457337716302369e-03
1.971500000000000000e+03,1.599404000000000017e-03,2.950222471352965080e-03
1.972000000000000000e+03,2.128000000000025620e-06,3.600857142094643186e-03
1.972500000000000000e+03,-1.513222000000000265e-03,3.944285249209798262e-03
1.973000000000000000e+03,-2.792761999999999849e-03,3.914260372507684556e-03
1.973500000000000000e+03,-3.707614000000000135e-03,3.524249454786933938e-03
1.974000000000000000e+03,-4.165968000000000795e-03,2.870186829804638462e-03
1.974500000000000000e+03,-4.121686000000000273e-03,2.177107277744025002e-03
1.975000000000000000e+03,-3.578636000000000490e-03,1.891147694622500935e-03
1.975500000000000000e+03,-2.590363999999999948e-03,2.308750904782930040e-03
1.976000000000000000e+03,-1.254893999999999888e-03,3.040240141588489240e-03
1.976500000000000000e+03,2.951319999999999248e-04,3.680948411688758897e-03
1.977000000000000000e+03,1.906159999999999842e-03,4.033843554323839932e-03
1.977500000000000000e+03,3.419838000000000131e-03,4.014860894639315191e-03
1.978000000000000000e+03,4.689783999999999793e-03,3.616446320907583650e-03
1.978500000000000000e+03,5.596748000000000348e-03,2.904268568733615104e-03
1.979000000000000000e+03,6.060504000000000412e-03,2.049952656103549813e-03
1.979500000000000000e+03,6.047102000000000380e-03,1.495457256408219693e-03
1.980000000000000000e+03,5.570995999999999934e-03,1.848882074237294523e-03
1.980500000000000000e+03,4.692267999999999439e-03,2.697553252626164449e-03
1.981000000000000000e+03,3.509722000000000709e-03,3.492994540886658946e-03
1.981500000000000000e+03,2.150794000000000143e-03,4.017622149586245507e-03
1.982000000000000000e+03,7.593120000000001596e-04,4.181133531435464283e-03
1.982500000000000000e+03,-5.179899999999999652e-04,3.963225531302754304e-03
1.983000000000000000e+03,-1.545235999999999745e-03,3.403048416086082786e-03
1.983500000000000000e+03,-2.210654000000000265e-03,2.602750867471952372e-03
1.984000000000000000e+03,-2.438154000000000102e-03,1.767345115707738556e-03
1.984500000000000000e+03,-2.196238000000000096e-03,1.358897466431518595e-03
1.985000000000000000e+03,-1.503004000000000059e-03,1.751571646900577104e-03
1.985500000000000000e+03,-4.262299999999999900e-04,2.417297039987018146e-03
1.986000000000000000e+03,9.221280000000000318e-04,2.941376066650437660e-03
1.986500000000000000e+03,2.396962000000000311e-03,3.180181242117184181e-03
1.987000000000000000e+03,3.835618000000000274e-03,3.098597674719000966e-03
1.987500000000000000e+03,5.076294000000000292e-03,2.734107560014053303e-03
1.988000000000000000e+03,5.976681999999999655e-03,2.204761097017996462e-03
1.988500000000000000e+03,6.430449999999999881e-03,1.758503634488709205e-03
1.989000000000000000e+03,6.379260000000000312e-03,1.757712595093407094e-03
1.989500000000000000e+03,5.819055999999999534e-03,2.224485362466114419e-03
1.990000000000000000e+03,4.800126000000000046e-03,2.812882863795788859e-03
1.990500000000000000e+03,3.421374000000000030e-03,3.274627824033748361e-03
1.991000000000000000e+03,1.819830000000000145e-03,3.490038293940340378e-03
1.991500000000000000e+03,1.566820000000001645e-04,3.414401564217952375e-03
1.992000000000000000e+03,-1.398778000000000044e-03,3.058860679034597699e-03
1.992500000000000000e+03,-2.685956000000000194e-03,2.487431546480425165e-03
1.993000000000000000e+03,-3.569197999999999989e-03,1.832824902767309951e-03
1.993500000000000000e+03,-3.952223999999999841e-03,1.364123481758891098e-03
1.994000000000000000e+03,-3.789313999999999790e-03,1.438046587974812617e-03
1.994500000000000000e+03,-3.091923999999999801e-03,1.907746369247232928e-03
1.995000000000000000e+03,-1.929371999999999945e-03,2.392279114362285460e-03
1.995500000000000000e+03,-4.229359999999999500e-04,2.712527883854099452e-03
1.996000000000000000e+03,1.266708000000000287e-03,2.808315911615714370e-03
1.996500000000000000e+03,2.957459999999999863e-03,2.683752094423029911e-03
1.997000000000000000e+03,4.467067999999999386e-03,2.396725859368150149e-03
1.997500000000000000e+03,5.634739999999999194e-03,2.065585246081603869e-03
1.998000000000000000e+03,6.340066000000000104e-03,1.870547615043786915e-03
1.998500000000000000e+03,6.516680000000001256e-03,1.959540771989702699e-03
1.999000000000000000e+03,6.158979999999999663e-03,2.281823080685704743e-03
1.999500000000000000e+03,5.321486000000000272e-03,2.662733768157454772e-03
2.000000000000000000e+03,4.111380000000000416e-03,2.962645662596186547e-03
2.000500000000000000e+03,2.675633999999999652e-03,3.105476728756150287e-03
2.001000000000000000e+03,1.184396000000000320e-03,3.064530958144491904e-03
2.001500000000000000e+03,-1.874419999999999851e-04,2.851831224756121684e-03
2.002000000000000000e+03,-1.278871999999999908e-03,2.512215878718228323e-03
2.002500000000000000e+03,-1.959999999999999937e-03,2.120544064281617170e-03
2.003000000000000000e+03,-2.146456000000000145e-03,1.779700858949615806e-03
2.003500000000000000e+03,-1.809555999999999925e-03,1.599620226440013390e-03
2.004000000000000000e+03,-9.808799999999999464e-04,1.621598463849790311e-03
2.004500000000000000e+03,2.497339999999999911e-04,1.769197096492078347e-03
2.005000000000000000e+03,1.743287999999999739e-03,1.930752225277494998e-03
2.005500000000000000e+03,3.327278000000000353e-03,2.033626243566894701e-03
2.006000000000000000e+03,4.816226000000000708e-03,2.050054638905022143e-03
2.006500000000000000e+03,6.034526000000000126e-03,1.987300359003640621e-03
2.007000000000000000e+03,6.838241999999999585e-03,1.882186300665797483e-03
2.007500000000000000e+03,7.132726000000000691e-03,1.795342753814992316e-03
2.008000000000000000e+03,6.883496000000000233e-03,1.790756185555699613e-03
2.008500000000000000e+03,6.119215999999999371e-03,1.895522000918480315e-03
2.009000000000000000e+03,4.926786000000000706e-03,2.077768724960985577e-03
2.009500000000000000e+03,3.439810000000000176e-03,2.272337693462395287e-03
2.010000000000000000e+03,1.822388000000000089e-03,2.415878395402798386e-03
2.010500000000000000e+03,2.503659999999998048e-04,2.462243404683216869e-03
2.011000000000000000e+03,-1.107906000000000082e-03,2.385625026194603069e-03
2.011500000000000000e+03,-2.109512000000000019e-03,2.182195431860766820e-03
2.012000000000000000e+03,-2.652132000000000187e-03,1.876284876433746305e-03
2.012500000000000000e+03,-2.685044000000000146e-03,1.538644406218018894e-03
2.013000000000000000e+03,-2.214810000000000216e-03,1.320182843631896369e-03
2.013500000000000000e+03,-1.304746000000000074e-03,1.402517483771949409e-03
2.014000000000000000e+03,-6.775399999999990729e-05,1.758016031145905132e-03
2.014500000000000000e+03,1.347074000000000405e-03,2.196138005944981309e-03
2.015000000000000000e+03,2.772661999999999956e-03,2.567716504416716131e-03
2.015500000000000000e+03,4.044632000000000262e-03,2.782921285181095151e-03
2.016000000000000000e+03,5.021517999999999989e-03,2.792855205368512898e-03
2.016500000000000000e+03,5.601690000000000315e-03,2.585084657644696592e-03
2.017000000000000000e+03,5.734543999999999406e-03,2.188653931526407699e-03
2.017500000000000000e+03,5.424713999999999751e-03,1.695004149380171816e-03
2.018000000000000000e+03,4.729182000000000177e-03,1.324940094213319583e-03
2.018500000000000000e+03,3.748226000000000335e-03,1.416618709704908687e-03
2.019000000000000000e+03,2.611895999999999836e-03,1.921848198936638519e-03
2.019500000000000000e+03,1.463930000000000006e-03,2.513032672863605658e-03
2.020000000000000000e+03,4.450999999999999228e-04,2.993850234896528167e-03
2.020500000000000000e+03,-3.225219999999999997e-04,3.263946119917422988e-03
2.021000000000000000e+03,-7.488779999999999135e-04,3.274401341070455867e-03
2.021500000000000000e+03,-7.857159999999999969e-04,3.019966503967552382e-03
2.022000000000000000e+03,-4.318919999999998554e-04,2.545557183691617847e-03
2.022500000000000000e+03,2.665740000000003246e-04,1.971315427425555412e-03
2.023000000000000000e+03,1.222076000000000108e-03,1.560938811336306077e-03
2.023500000000000000e+03,2.316130000000000445e-03,1.662017081645071571e-03
2.024000000000000000e+03,3.414264000000000188e-03,2.174838823652456253e-03
2.024500000000000000e+03,4.382953999999999670e-03,2.733884390632858753e-03
2.025000000000000000e+03,5.106349999999999952e-03,3.124652001249098813e-03
2.025500000000000000e+03,5.500365999999999589e-03,3.246926837173267581e-03
2.026000000000000000e+03,5.522140000000000902e-03,3.067217106914670380e-03
2.026500000000000000e+03,5.173878000000000678e-03,2.607991054174457930e-03
2.027000000000000000e+03,4.500772000000000106e-03,1.958746979922113430e-03
2.027500000000000000e+03,3.583831999999999903e-03,1.351593033891488899e-03
2.028000000000000000e+03,2.528833999999999770e-03,1.312239468670257534e-03
2.028500000000000000e+03,1.453141999999999932e-03,1.919485967162563216e-03
2.029000000000000000e+03,4.719699999999998332e-04,2.642872702151959508e-03
2.029500000000000000e+03,-3.144559999999999586e-04,3.205138535602790155e-03
2.030000000000000000e+03,-8.316940000000000097e-04,3.482740750270683049e-03
2.030500000000000000e+03,-1.038941999999999730e-03,3.417740900324949850e-03
2.031000000000000000e+03,-9.332160000000002753e-04,3.002722537985485791e-03
2.031500000000000000e+03,-5.493620000000000708e-04,2.281601912944938252e-03
2.032000000000000000e+03,4.442800000000000221e-05,1.371591364107400393e-03
2.032500000000000000e+03,7.553200000000000799e-04,7.345888818448044217e-04
2.033000000000000000e+03,1.477931999999999944e-03,1.366113342546657018e-03
2.033500000000000000e+03,2.108265999999999699e-03,2.322426901473112135e-03
2.034000000000000000e+03,2.557593999999999840e-03,3.108986745094934750e-03
2.034500000000000000e+03,2.764213999999999647e-03,3.585144025830203605e-03
2.035000000000000000e+03,2.701274000000000036e-03,3.681560755818922594e-03
2.035500000000000000e+03,2.379655999999999959e-03,3.380188935270630156e-03
2.036000000000000000e+03,1.845545999999999992e-03,2.714986494030126665e-03
2.036500000000000000e+03,1.173235999999999810e-03,1.785794865642747640e-03
2.037000000000000000e+03,4.544160000000000213e-04,9.135779400992559808e-04
2.037500000000000000e+03,-2.144280000000000144e-04,1.261511248100467787e-03
2.038000000000000000e+03,-7.446840000000000143e-04,2.344184432372162837e-03
2.038500000000000000e+03,-1.066794000000000032e-03,3.354875579999353451e-03
2.039000000000000000e+03,-1.138628000000000036e-03,4.089815476433379844e-03
2.039500000000000000e+03,-9.503299999999998814e-04,4.445853820473633089e-03
2.040000000000000000e+03,-5.252920000000001199e-04,4.373337635763330580e-03
2.040500000000000000e+03,8.281999999999976609e-05,3.874837475505262668e-03
2.041000000000000000e+03,7.965960000000001096e-04,3.007058194080387131e-03
2.041500000000000000e+03,1.524390000000000033e-03,1.889809023396279595e-03
2.042000000000000000e+03,2.171858000000000035e-03,8.453463307154055481e-04
2.042500000000000000e+03,2.654192000000000530e-03,1.197756872342630114e-03
2.043000000000000000e+03,2.907424000000000033e-03,2.267101385747006918e-03
2.043500000000000000e+03,2.897207999999999641e-03,3.156820736331728515e-03
2.044000000000000000e+03,2.623644000000000063e-03,3.690282882909655133e-03
2.044500000000000000e+03,2.121350000000000145e-03,3.795423585349861489e-03
2.045000000000000000e+03,1.454690000000000236e-03,3.463632282120895130e-03
2.045500000000000000e+03,7.088459999999997384e-04,2.753859629112565856e-03
2.046000000000000000e+03,-2.187199999999986445e-05,1.834400900205295859e-03
2.046500000000000000e+03,-6.467380000000001088e-04,1.257700519199225113e-03
2.047000000000000000e+03,-1.090418000000000333e-03,1.873939215690839785e-03
2.047500000000000000e+03,-1.302304000000000222e-03,2.975356420769787250e-03
2.048000000000000000e+03,-1.262249999999999917e-03,3.971661619566802838e-03
2.048500000000000000e+03,-9.822879999999999980e-04,4.651069916816344928e-03
2.049000000000000000e+03,-5.044240000000001700e-04,4.906225494447437156e-03
2.049500000000000000e+03,1.048520000000000729e-04,4.694244593330645227e-03
2.050000000000000000e+03,7.626540000000000879e-04,4.032442450707262975e-03
2.050500000000000000e+03,1.379407999999999936e-03,2.997990521359932513e-03
2.051000000000000000e+03,1.869337999999999902e-03,1.741686946398232454e-03
2.051500000000000000e+03,2.160664000000000508e-03,7.696055954032559156e-04
2.052000000000000000e+03,2.204565999999999817e-03,1.521598114531560542e-03
2.052500000000000000e+03,1.981713999999999871e-03,2.657582612813005115e-03
2.053000000000000000e+03,1.505496000000000265e-03,3.527468331123044965e-03
2.053500000000000000e+03,8.212700000000000295e-04,3.986580421283384031e-03
2.054000000000000000e+03,1.589999999999577777e-06,3.977410559435623494e-03
2.054500000000000000e+03,-8.622160000000000674e-04,3.507772035019664399e-03
2.055000000000000000e+03,-1.671005999999999837e-03,2.656529561843044666e-03
2.055500000000000000e+03,-2.329937999999999714e-03,1.628896514163499440e-03
2.056000000000000000e+03,-2.760087999999999951e-03,1.175390753742771221e-03
2.056500000000000000e+03,-2.907987999999999806e-03,2.050707885844300395e-03
2.057000000000000000e+03,-2.751927999999999840e-03,3.208160230935169256e-03
2.057500000000000000e+03,-2.304381999999999785e-03,4.162185407796485485e-03
2.058000000000000000e+03,-1.610448000000000001e-03,4.739800564887092574e-03
2.058500000000000000e+03,-7.427219999999998051e-04,4.856367435825258150e-03
2.059000000000000000e+03,2.067920000000000760e-04,4.491813915137624416e-03
2.059500000000000000e+03,1.136748000000000142e-03,3.687281875767567992e-03
2.060000000000000000e+03,1.947642000000000080e-03,2.543674372232813691e-03
2.060500000000000000e+03,2.552899999999999874e-03,1.249193616758427104e-03
2.061000000000000000e+03,2.888790000000000021e-03,7.605698025230820617e-04
2.061500000000000000e+03,2.921955999999999859e-03,1.866586650213699228e-03
2.062000000000000000e+03,2.653574000000000124e-03,2.927489568382097163e-03
2.062500000000000000e+03,2.119637999999999644e-03,3.644396345996685996e-03
2.063000000000000000e+03,1.387096000000000206e-03,3.923211777679864315e-03
2.063500000000000000e+03,5.462880000000003506e-04,3.742225130145699404e-03
2.064000000000000000e+03,-2.995239999999999600e-04,3.153132941805023189e-03
2.064500000000000000e+03,-1.046363999999999931e-03,2.314195277020934197e-03
2.065000000000000000e+03,-1.601954000000000268e-03,1.652729184553839575e-03
2.065500000000000000e+03,-1.896904000000000038e-03,1.935987374500670833e-03
2.066000000000000000e+03,-1.893087999999999802e-03,2.911373403767369885e-03
2.066500000000000000e+03,-1.588321999999999651e-03,3.910139807320705055e-03
2.067000000000000000e+03,-1.016630000000001005e-03,4.639768228421544544e-03
2.067500000000000000e+03,-2.442440000000000691e-04,4.963047736878620567e-03
2.068000000000000000e+03,6.381599999999998125e-04,4.821978824523185173e-03
2.068500000000000000e+03,1.526131999999999923e-03,4.223023495421734247e-03
2.069000000000000000e+03,2.313690000000000191e-03,3.230744894300693632e-03
2.069500000000000000e+03,2.905815999999999868e-03,1.963334251419253211e-03
2.070000000000000000e+03,3.229614000000000009e-03,6.611853779584057900e-04
2.070500000000000000e+03,3.242842000000000120e-03,1.070388819978049027e-03
2.071000000000000000e+03,2.938671999999999812e-03,2.284843187972426196e-03
2.071500000000000000e+03,2.346333999999999399e-03,3.254522782689651950e-03
2.072000000000000000e+03,1.527567999999999981e-03,3.850160947097406184e-03
2.072500000000000000e+03,5.696140000000000795e-04,4.020537849141082344e-03
2.073000000000000000e+03,-4.245299999999998944e-04,3.776076218342261977e-03
2.073500000000000000e+03,-1.347397999999999652e-03,3.197842895531923576e-03
2.074000000000000000e+03,-2.098770000000000670e-03,2.470793140256787729e-03
2.074500000000000000e+03,-2.596631999999999760e-03,1.977042453589199222e-03
2.075000000000000000e+03,-2.786265999999999916e-03,2.172939107427081153e-03
2.075500000000000000e+03,-2.646387999999999952e-03,2.867150984826923737e-03
2.076000000000000000e+03,-2.191754000000000185e-03,3.582352613577563342e-03
2.076500000000000000e+03,-1.471791999999999979e-03,4.056438496217340539e-03
2.077000000000000000e+03,-5.653100000000000746e-04,4.170688512099650531e-03
2.077500000000000000e+03,4.282620000000004340e-04,3.889587665940182244e-03
2.078000000000000000e+03,1.400268000000000086e-03,3.243485676811907244e-03
2.078500000000000000e+03,2.245519999999999981e-03,2.328737541048797773e-03
2.079000000000000000e+03,2.874782000000000205e-03,1.365696671550458048e-03
2.079500000000000000e+03,3.225267999999999885e-03,1.086512022185672768e-03
2.080000000000000000e+03,3.267823999999999902e-03,1.862744416562830182e-03
2.080500000000000000e+03,3.009740000000000332e-03,2.757513014063577624e-03
2.081000000000000000e+03,2.493154000000000030e-03,3.426901455919909890e-03
2.081500000000000000e+03,1.789494000000000197e-03,3.759993435287620287e-03
2.082000000000000000e+03,9.908539999999999969e-04,3.722248515027711500e-03
2.082500000000000000e+03,1.995319999999998237e-04,3.339916996187779468e-03
2.083000000000000000e+03,-4.832679999999999680e-04,2.709625715266593578e-03
2.083500000000000000e+03,-9.684660000000000751e-04,2.044679823470168557e-03
2.084000000000000000e+03,-1.189029999999999991e-03,1.765754910926201895e-03
2.084500000000000000e+03,-1.107899999999999770e-03,2.156315628204739324e-03
2.085000000000000000e+03,-7.230859999999999545e-04,2.847325202732558114e-03
2.085500000000000000e+03,-6.914799999999995527e-05,3.457451033877992266e-03
2.086000000000000000e+03,7.854760000000002296e-04,3.802651895264145144e-03
2.086500000000000000e+03,1.745496000000000244e-03,3.801898835494705274e-03
2.087000000000000000e+03,2.699710000000000130e-03,3.438276886895527597e-03
2.087500000000000000e+03,3.534635999999999421e-03,2.745888521714965648e-03
2.088000000000000000e+03,4.149088000000000429e-03,1.804071760469632768e-03
2.088500000000000000e+03,4.467420000000000592e-03,7.694286756158754802e-04
2.089000000000000000e+03,4.449373999999999864e-03,7.101050920223005245e-04
2.089500000000000000e+03,4.094992000000000423e-03,1.707415645328927986e-03
2.090000000000000000e+03,3.444044000000000272e-03,2.606258923648224063e-03
2.090500000000000000e+03,2.570367999999999958e-03,3.255411308494519148e-03
2.091000000000000000e+03,1.572387999999999867e-03,3.594455394070706494e-03
2.091500000000000000e+03,5.613520000000000966e-04,3.610387654485872674e-03
2.092000000000000000e+03,-3.511300000000001703e-04,3.340594031556363541e-03
2.092500000000000000e+03,-1.065025999999999733e-03,2.882712647236279277e-03
2.093000000000000000e+03,-1.502300000000000250e-03,2.413085932033917635e-03
2.093500000000000000e+03,-1.615093999999999645e-03,2.180672155067331190e-03
2.094000000000000000e+03,-1.391123999999999876e-03,2.329603685925140007e-03
2.094500000000000000e+03,-8.556280000000003128e-04,2.703555282986460067e-03
2.095000000000000000e+03,-6.948600000000003233e-05,3.049713098549763305e-03
2.095500000000000000e+03,8.768999999999999018e-04,3.202764176758881708e-03
2.096000000000000000e+03,1.873478000000000036e-03,3.086401060454392695e-03
2.096500000000000000e+03,2.803526000000000195e-03,2.689799398922900885e-03
2.097000000000000000e+03,3.558013999999999535e-03,2.057035466550346126e-03
2.097500000000000000e+03,4.049386000000000305e-03,1.301397817865851360e-03
2.098000000000000000e+03,4.222609999999999905e-03,7.834892886632208826e-04
2.098500000000000000e+03,4.061847999999999848e-03,1.172132120221095006e-03
2.099000000000000000e+03,3.591815999999999846e-03,1.895656325789566886e-03
2.099500000000000000e+03,2.873904000000000042e-03,2.510866851234051615e-03
2.100000000000000000e+03,1.998005999999999654e-03,2.892600754775190210e-03
2.100500000000000000e+03,1.071551999999999704e-03,2.991624957307315470e-03
2.101000000000000000e+03,2.071600000000001511e-04,2.804989050452781629e-03
2.101500000000000000e+03,-4.895419999999999286e-04,2.375468651088453922e-03
2.102000000000000000e+03,-9.310039999999998161e-04,1.804833861602224724e-03
2.102500000000000000e+03,-1.056904000000000003e-03,1.310778273822845981e-03
2.103000000000000000e+03,-8.407160000000000327e-04,1.271351419925269895e-03
2.103500000000000000e+03,-2.932199999999999607e-04,1.697958832289522737e-03
2.104000000000000000e+03,5.376639999999999805e-04,2.200683432630872686e-03
2.104500000000000000e+03,1.571009999999999854e-03,2.556586348537830990e-03
2.105000000000000000e+03,2.701084000000000297e-03,2.674799235710224182e-03
2.105500000000000000e+03,3.808905999999999924e-03,2.528727515013430051e-03
2.106000000000000000e+03,4.776093999999999826e-03,2.137819028609765169e-03
2.106500000000000000e+03,5.499050000000000119e-03,1.566170512048416664e-03
2.107000000000000000e+03,5.901585999999998597e-03,9.586749606336861674e-04
2.107500000000000000e+03,5.944052000000000016e-03,7.584531381924660125e-04
2.108000000000000000e+03,5.627720000000000118e-03,1.232335506041272889e-03
2.108500000000000000e+03,4.993955999999999916e-03,1.823847452827675499e-03
2.109000000000000000e+03,4.118542000000000210e-03,2.293858936450539256e-03
2.109500000000000000e+03,3.102188000000000081e-03,2.568264513077653938e-03
2.110000000000000000e+03,2.058585999999999836e-03,2.627629891173032320e-03
2.110500000000000000e+03,1.101571999999999881e-03,2.493119190721535157e-03
2.111000000000000000e+03,3.327480000000000607e-04,2.226928218444411411e-03
2.111500000000000000e+03,-1.692239999999999370e-04,1.935621032706557514e-03
2.112000000000000000e+03,-3.565320000000000078e-04,1.757250589845966906e-03
2.112500000000000000e+03,-2.168520000000000170e-04,1.780783907214460648e-03
2.113000000000000000e+03,2.258820000000000847e-04,1.949412605795396896e-03
2.113500000000000000e+03,9.145739999999999209e-04,2.123982095712202440e-03
2.114000000000000000e+03,1.765627999999999555e-03,2.192702893643824237e-03
2.114500000000000000e+03,2.678574000000000406e-03,2.097576491090610753e-03
2.115000000000000000e+03,3.547576000000000201e-03,1.826547617456495418e-03
2.115500000000000000e+03,4.273454000000000315e-03,1.406553437632569997e-03
2.116000000000000000e+03,4.774897999999999643e-03,9.119948620491235549e-04
2.116500000000000000e+03,4.997373999999999740e-03,5.679829608324530677e-04
2.117000000000000000e+03,4.918867999999999852e-03,7.874527682051792737e-04
2.117500000000000000e+03,4.551661999999999722e-03,1.255968931583898666e-03
2.118000000000000000e+03,3.940179999999999724e-03,1.676270043632588315e-03
2.118500000000000000e+03,3.155161999999999550e-03,1.966268868866615123e-03
2.119000000000000000e+03,2.285018000000000639e-03,2.101724863133612019e-03
2.119500000000000000e+03,1.425414000000000065e-03,2.092973111615627040e-03
2.120000000000000000e+03,6.684080000000001097e-04,1.983091387716158418e-03
2.120500000000000000e+03,9.242600000000013457e-05,1.846266256485233712e-03
2.121000000000000000e+03,-2.457600000000000865e-04,1.771079189423781838e-03
2.121500000000000000e+03,-3.162620000000001511e-04,1.811653136903971758e-03
2.122000000000000000e+03,-1.180920000000000206e-04,1.942117126430329462e-03
2.122500000000000000e+03,3.219359999999999345e-04,2.081422633264565659e-03
2.123000000000000000e+03,9.531220000000000404e-04,2.149800324228740966e-03
2.123500000000000000e+03,1.706975999999999589e-03,2.096015058604302952e-03
2.124000000000000000e+03,2.504775999999999791e-03,1.901297046002017660e-03
2.124500000000000000e+03,3.265836000000000260e-03,1.577414391057720567e-03
2.125000000000000000e+03,3.915728000000000264e-03,1.167594893554266917e-03
2.125500000000000000e+03,4.393717999999999582e-03,7.678861394139108220e-04
2.126000000000000000e+03,4.658703999999999623e-03,6.103062025704801595e-04
2.126500000000000000e+03,4.693058000000000819e-03,8.341241631879512146e-04
2.127000000000000000e+03,4.503835999999999777e-03,1.158878478825972483e-03
2.127500000000000000e+03,4.121293999999999305e-03,1.414787892405077168e-03
2.128000000000000000e+03,3.594680000000000271e-03,1.550072751524908272e-03
2.128500000000000000e+03,2.985950000000000236e-03,1.560051724116863926e-03
2.129000000000000000e+03,2.362128000000000231e-03,1.475070476727806954e-03
2.129500000000000000e+03,1.787376000000000242e-03,1.360617201495703532e-03
2.130000000000000000e+03,1.315826000000000192e-03,1.307181370157178921e-03
2.130500000000000000e+03,9.861360000000000871e-04,1.378802688427898174e-03
2.131000000000000000e+03,8.183059999999998729e-04,1.553929426291940667e-03
2.131500000000000000e+03,8.130099999999999697e-04,1.755346360975519734e-03
2.132000000000000000e+03,9.532199999999997403e-04,1.913906720287067561e-03
2.132500000000000000e+03,1.207582000000000013e-03,1.991362558557331023e-03
2.133000000000000000e+03,1.534927999999999857e-03,1.979948555751891159e-03
2.133500000000000000e+03,1.889229999999999989e-03,1.897360824822205390e-03
2.134000000000000000e+03,2.224473999999999722e-03,1.779355389843749122e-03
2.134500000000000000e+03,2.499102000000000007e-03,1.667195248623867592e-03
2.135000000000000000e+03,2.679832000000000047e-03,1.588848376197049333e-03
2.135500000000000000e+03,2.744676000000000147e-03,1.542814676841000338e-03
2.136000000000000000e+03,2.684929999999999869e-03,1.501112701768258281e-03
2.136500000000000000e+03,2.505945999999999781e-03,1.431459758437519112e-03
2.137000000000000000e+03,2.226440000000000537e-03,1.322359135764562084e-03
2.137500000000000000e+03,1.876288000000000261e-03,1.204080179595196304e-03
2.138000000000000000e+03,1.492945999999999987e-03,1.160453774919966395e-03
2.138500000000000000e+03,1.116814000000000045e-03,1.283948316115566916e-03
2.139000000000000000e+03,7.862520000000000880e-04,1.571322927416258152e-03
2.139500000000000000e+03,5.328859999999997765e-04,1.932966094722305241e-03
2.140000000000000000e+03,3.780100000000001298e-04,2.274747126708812853e-03
2.140500000000000000e+03,3.306240000000001738e-04,2.525681485254227098e-03
2.141000000000000000e+03,3.872979999999997874e-04,2.639303124689166939e-03
2.141500000000000000e+03,5.337600000000000938e-04,2.594329263096725215e-03
2.142000000000000000e+03,7.476520000000003423e-04,2.396679801978978969e-03
2.142500000000000000e+03,1.001852000000000124e-03,2.082149263653785155e-03
2.143000000000000000e+03,1.267746000000000367e-03,1.720862682902386418e-03
2.143500000000000000e+03,1.518035999999999951e-03,1.422091615197839396e-03
2.144000000000000000e+03,1.729067999999999838e-03,1.305342434391834052e-03
2.144500000000000000e+03,1.882671999999999731e-03,1.384450023740113351e-03
2.145000000000000000e+03,1.967703999999999807e-03,1.535429560633114632e-03
2.145500000000000000e+03,1.981244000000000061e-03,1.631784916377155203e-03
2.146000000000000000e+03,1.929205999999999933e-03,1.607313079215122930e-03
2.146500000000000000e+03,1.826024000000000093e-03,1.451064535382902898e-03
2.147000000000000000e+03,1.693038000000000225e-03,1.208281296211275412e-03
2.147500000000000000e+03,1.555481999999999958e-03,1.008341099189158244e-03
2.148000000000000000e+03,1.438390000000000111e-03,1.053113679291081987e-03
2.148500000000000000e+03,1.362095999999999923e-03,1.365373234685666537e-03
2.149000000000000000e+03,1.338378000000000310e-03,1.767741922791333338e-03
2.149500000000000000e+03,1.368145999999999989e-03,2.122180485827253847e-03
2.150000000000000000e+03,1.441299999999999960e-03,2.356919752076849870e-03
2.150500000000000000e+03,1.538822000000000020e-03,2.446847116295581062e-03
2.151000000000000000e+03,1.636447999999999982e-03,2.409520369630437434e-03
2.151500000000000000e+03,1.709058000000000061e-03,2.305306318005049399e-03
2.152000000000000000e+03,1.734774000000000125e-03,2.226404841035430071e-03
2.152500000000000000e+03,1.698076000000000186e-03,2.253830981419414122e-03
2.153000000000000000e+03,1.591634000000000191e-03,2.394669244736316160e-03
2.153500000000000000e+03,1.416995999999999794e-03,2.574106584686422592e-03
2.154000000000000000e+03,1.184284000000000291e-03,2.691400399205959564e-03
2.154500000000000000e+03,9.113479999999998674e-04,2.667306755891417532e-03
2.155000000000000000e+03,6.223020000000001415e-04,2.461614810900356835e-03
2.155500000000000000e+03,3.455819999999999855e-04,2.079440534810745277e-03
2.156000000000000000e+03,1.112220000000000542e-04,1.586200902273731490e-03
2.156500000000000000e+03,-5.261999999999992649e-05,1.171282272029249005e-03
2.157000000000000000e+03,-1.237499999999998909e-04,1.203789461488179082e-03
2.157500000000000000e+03,-8.994599999999996858e-05,1.696061413975331238e-03
2.158000000000000000e+03,4.786399999999989274e-05,2.296078408941209896e-03
2.158500000000000000e+03,2.743319999999998529e-04,2.804581148225880789e-03
2.159000000000000000e+03,5.607280000000002462e-04,3.128789306053381299e-03
2.159500000000000000e+03,8.684319999999999280e-04,3.227039945497111283e-03
2.160000000000000000e+03,1.154295999999999751e-03,3.097930046577229528e-03
2.160500000000000000e+03,1.376879999999999814e-03,2.780850946241096404e-03
2.161000000000000000e+03,1.502479999999999614e-03,2.360591342983787196e-03
2.161500000000000000e+03,1.509930000000000039e-03,1.972916657958465395e-03
2.162000000000000000e+03,1.393530000000000029e-03,1.778704513273635275e-03
2.162500000000000000e+03,1.163833999999999876e-03,1.835635251697896424e-03
2.163000000000000000e+03,8.464000000000000820e-04,2.015458338601916824e-03
2.163500000000000000e+03,4.788339999999998678e-04,2.151152051198612983e-03
2.164000000000000000e+03,1.066319999999999101e-04,2.150294014618465803e-03
2.164500000000000000e+03,-2.216780000000001635e-04,2.005794343272509789e-03
2.165000000000000000e+03,-4.598080000000000808e-04,1.799433419183382472e-03
2.165500000000000000e+03,-5.690059999999998305e-04,1.708089259209248558e-03
2.166000000000000000e+03,-5.230680000000001223e-04,1.901886470690088236e-03
2.166500000000000000e+03,-3.125639999999999842e-04,2.344269431530002223e-03
2.167000000000000000e+03,5.241800000000025606e-05,2.861266639083816579e-03
2.167500000000000000e+03,5.417020000000000255e-04,3.303011569557999950e-03
2.168000000000000000e+03,1.107141999999999328e-03,3.574651374979663510e-03
2.168500000000000000e+03,1.687530000000000020e-03,3.630561880476628703e-03
2.169000000000000000e+03,2.215868000000000178e-03,3.474489080692871965e-03
2.169500000000000000e+03,2.627980000000000680e-03,3.166316341904263330e-03
2.170000000000000000e+03,2.871228000000000842e-03,2.830815103681976613e-03
2.170500000000000000e+03,2.911888000000000063e-03,2.642250706538651003e-03
2.171000000000000000e+03,2.740057999999999643e-03,2.721236912254057592e-03
2.171500000000000000e+03,2.371466000000000025e-03,3.006703487821171372e-03
2.172000000000000000e+03,1.845803999999999934e-03,3.317406164853197673e-03
2.172500000000000000e+03,1.221974000000000237e-03,3.489977644677112051e-03
2.173000000000000000e+03,5.709860000000002147e-04,3.427385610644941537e-03
2.173500000000000000e+03,-3.256999999999999479e-05,3.100918107185353725e-03
2.174000000000000000e+03,-5.193079999999999008e-04,2.553328538215166553e-03
2.174500000000000000e+03,-8.330860000000000262e-04,1.930530890135146111e-03
2.175000000000000000e+03,-9.374599999999999860e-04,1.579198398796047157e-03
2.175500000000000000e+03,-8.199459999999998911e-04,1.871942092457990403e-03
2.176000000000000000e+03,-4.936740000000001526e-04,2.559500818094418741e-03
2.176500000000000000e+03,3.670000000000062271e-06,3.255462298063056641e-03
2.177000000000000000e+03,6.136199999999999424e-04,3.767242917239343580e-03
2.177500000000000000e+03,1.263176000000000186e-03,4.006498741272234397e-03
2.178000000000000000e+03,1.873006000000000410e-03,3.947699001517973073e-03
2.178500000000000000e+03,2.366829999999999889e-03,3.620869686596025344e-03
2.179000000000000000e+03,2.680892000000000691e-03,3.115956299727902241e-03
2.179500000000000000e+03,2.772175999999999894e-03,2.595073285139747141e-03
2.180000000000000000e+03,2.624185999999999706e-03,2.285869413498067652e-03
2.180500000000000000e+03,2.249220000000000125e-03,2.338067758122078232e-03
2.181000000000000000e+03,1.686851999999999753e-03,2.629052390363113140e-03
2.181500000000000000e+03,9.987159999999999701e-04,2.916565448047754583e-03
2.182000000000000000e+03,2.605480000000002030e-04,3.042367557827949012e-03
2.182500000000000000e+03,-4.472779999999999009e-04,2.959922812668262793e-03
2.183000000000000000e+03,-1.049336000000000105e-03,2.728238481404438899e-03
2.183500000000000000e+03,-1.483406000000000047e-03,2.519358634665973609e-03
2.184000000000000000e+03,-1.706578000000000261e-03,2.571395048648496013e-03
2.184500000000000000e+03,-1.698753999999999802e-03,2.978468458670663691e-03
2.185000000000000000e+03,-1.463537999999999905e-03,3.587940808757022690e-03
2.185500000000000000e+03,-1.026917999999999928e-03,4.184563929336484155e-03
2.186000000000000000e+03,-4.341579999999999181e-04,4.609772234843496040e-03
2.186500000000000000e+03,2.548339999999996272e-04,4.772692245860400868e-03
2.187000000000000000e+03,9.713519999999999793e-04,4.645632107040332560e-03
2.187500000000000000e+03,1.644807999999999774e-03,4.266024137364203550e-03
2.188000000000000000e+03,2.210192000000000146e-03,3.745603782959965218e-03
2.188500000000000000e+03,2.615273999999999897e-03,3.279757166737501308e-03
2.189000000000000000e+03,2.826544000000000278e-03,3.101800168216192321e-03
2.189500000000000000e+03,2.832781999999999835e-03,3.296036553783042878e-03
2.190000000000000000e+03,2.645650000000000258e-03,3.688634952473610496e-03
2.190500000000000000e+03,2.297210000000000051e-03,4.030399727597747291e-03
2.191000000000000000e+03,1.834856000000000377e-03,4.147403336066555687e-03
2.191500000000000000e+03,1.314668000000000173e-03,3.960741681424579351e-03
2.192000000000000000e+03,7.943560000000000768e-04,3.479719821331308995e-03
2.192500000000000000e+03,3.269120000000002202e-04,2.812020753121142417e-03
2.193000000000000000e+03,-4.427800000000020185e-05,2.217598867145273000e-03
2.193500000000000000e+03,-2.884839999999999844e-04,2.127233623052719735e-03
2.194000000000000000e+03,-3.890599999999996123e-04,2.652565357586877601e-03
2.194500000000000000e+03,-3.436479999999998377e-04,3.396942593061295403e-03
2.195000000000000000e+03,-1.636180000000000859e-04,4.038653396145056550e-03
2.195500000000000000e+03,1.269960000000002322e-04,4.423572612235047129e-03
2.196000000000000000e+03,4.932560000000002932e-04,4.497508117163991938e-03
2.196500000000000000e+03,8.919819999999998228e-04,4.282024804682242440e-03
2.197000000000000000e+03,1.275684000000000236e-03,3.871996823839864762e-03
2.197500000000000000e+03,1.597459999999999766e-03,3.436809355424009973e-03
2.198000000000000000e+03,1.816360000000000153e-03,3.188416323338280536e-03
2.198500000000000000e+03,1.902200000000000375e-03,3.249147725113464471e-03
2.199000000000000000e+03,1.838942000000000094e-03,3.522312789369223731e-03
2.199500000000000000e+03,1.625998000000000027e-03,3.791433091145616097e-03
2.200000000000000000e+03,1.277454000000000133e-03,3.880580044986316115e-03
2.200500000000000000e+03,8.196019999999996789e-04,3.706736973427437586e-03
2.201000000000000000e+03,2.875359999999998572e-04,3.287468949502945440e-03
2.201500000000000000e+03,-2.784180000000000574e-04,2.763692719825052747e-03
2.202000000000000000e+03,-8.358960000000000348e-04,2.443984061499992772e-03
2.202500000000000000e+03,-1.343029999999999832e-03,2.662120411316888126e-03
2.203000000000000000e+03,-1.760499999999999912e-03,3.337358973185234126e-03
2.203500000000000000e+03,-2.053591999999999917e-03,4.124511052189580758e-03
2.204000000000000000e+03,-2.194604000000000173e-03,4.767933839866698130e-03
2.204500000000000000e+03,-2.165708000000000129e-03,5.125803159736433239e-03
2.205000000000000000e+03,-1.961894000000000051e-03,5.137866866282736998e-03
2.205500000000000000e+03,-1.593253999999999894e-03,4.815074561334019114e-03
2.206000000000000000e+03,-1.085632000000000003e-03,4.243219506424808669e-03
2.206500000000000000e+03,-4.791320000000001689e-04,3.597996012262103232e-03
2.207000000000000000e+03,1.755679999999995632e-04,3.152649319517475401e-03
2.207500000000000000e+03,8.224179999999998904e-04,3.155115013680800419e-03
2.208000000000000000e+03,1.405713999999999965e-03,3.550594346815191815e-03
2.208500000000000000e+03,1.875311999999999856e-03,4.044052357551024615e-03
2.209000000000000000e+03,2.190747999999999307e-03,4.382670031417378216e-03
2.209500000000000000e+03,2.324105999999999828e-03,4.430372011580517924e-03
2.210000000000000000e+03,2.261888000000000093e-03,4.149474052008760364e-03
2.210500000000000000e+03,2.006131999999999881e-03,3.590645665217329519e-03
2.211000000000000000e+03,1.575022000000000141e-03,2.908773940854462395e-03
2.211500000000000000e+03,1.002861999999999981e-03,2.411401623706428167e-03
2.212000000000000000e+03,3.389940000000001225e-04,2.469033267387460082e-03
2.212500000000000000e+03,-3.548660000000000139e-04,3.034559748180285562e-03
2.213000000000000000e+03,-1.009367999999999637e-03,3.725923961238876165e-03
2.213500000000000000e+03,-1.554362000000000105e-03,4.272232840262103759e-03
2.214000000000000000e+03,-1.927184000000000189e-03,4.547817539058267647e-03
2.214500000000000000e+03,-2.081280000000000022e-03,4.525705590211320448e-03
2.215000000000000000e+03,-1.993348000000000255e-03,4.263248046758949875e-03
2.215500000000000000e+03,-1.667648000000000090e-03,3.901830558893350665e-03
2.216000000000000000e+03,-1.136369999999999828e-03,3.649431634800137658e-03
2.216500000000000000e+03,-4.561259999999997322e-04,3.682964659910002454e-03
2.217000000000000000e+03,2.986960000000000418e-04,3.993986637018957266e-03
2.217500000000000000e+03,1.044284000000000141e-03,4.398512604245439529e-03
2.218000000000000000e+03,1.696283999999999943e-03,4.691939357673540964e-03
2.218500000000000000e+03,2.178097999999999840e-03,4.736224691762838668e-03
2.219000000000000000e+03,2.428294000000000112e-03,4.473795144149538688e-03
2.219500000000000000e+03,2.406789999999999798e-03,3.927173340437114211e-03
2.220000000000000000e+03,2.099678000000000221e-03,3.211346798811053234e-03
2.220500000000000000e+03,1.522230000000000067e-03,2.580571420466792713e-03
2.221000000000000000e+03,7.195099999999999196e-04,2.436927678500123030e-03
2.221500000000000000e+03,-2.361120000000000731e-04,2.919528109541677172e-03
2.222000000000000000e+03,-1.250958000000000365e-03,3.678622359085531156e-03
2.222500000000000000e+03,-2.219353999999999771e-03,4.379257727312472516e-03
2.223000000000000000e+03,-3.035471999999999997e-03,4.844885764614476065e-03
2.223500000000000000e+03,-3.606110000000000045e-03,4.999789771022377163e-03
2.224000000000000000e+03,-3.862409999999999281e-03,4.840150948507700862e-03
2.224500000000000000e+03,-3.768625999999999747e-03,4.427451625368254359e-03
2.225000000000000000e+03,-3.326454000000000390e-03,3.890831739806541525e-03
2.225500000000000000e+03,-2.574539999999999728e-03,3.426417972822346728e-03
2.226000000000000000e+03,-1.583574000000000136e-03,3.244626447509173402e-03
2.226500000000000000e+03,-4.481959999999999352e-04,3.412946357500509700e-03
2.227000000000000000e+03,7.229000000000002785e-04,3.783440686383229661e-03
2.227500000000000000e+03,1.817507999999999580e-03,4.148493674631069383e-03
2.228000000000000000e+03,2.730292000000000049e-03,4.366364748604266433e-03
2.228500000000000000e+03,3.372544000000000323e-03,4.376167415833859785e-03
2.229000000000000000e+03,3.680932000000000041e-03,4.184229157348340333e-03
2.229500000000000000e+03,3.624573999999999765e-03,3.854018543810602739e-03
2.230000000000000000e+03,3.209630000000000209e-03,3.498628271907434657e-03
2.230500000000000000e+03,2.480353999999999719e-03,3.258692923387535370e-03
2.231000000000000000e+03,1.515946000000000220e-03,3.236706390623962648e-03
2.231500000000000000e+03,4.228580000000001855e-04,3.417433087920522528e-03
2.232000000000000000e+03,-6.767140000000001349e-04,3.684417917979175040e-03
2.232500000000000000e+03,-1.658807999999999463e-03,3.912221783254880673e-03
2.233000000000000000e+03,-2.412092000000000229e-03,4.024064883862336559e-03
2.233500000000000000e+03,-2.850562000000000061e-03,4.004660642498187630e-03
2.234000000000000000e+03,-2.922807999999999830e-03,3.896745253433177292e-03
2.234500000000000000e+03,-2.616834000000000174e-03,3.787555617810251483e-03
2.235000000000000000e+03,-1.960390000000000223e-03,3.774781209994825405e-03
2.235500000000000000e+03,-1.017343999999999887e-03,3.910683219562279683e-03
2.236000000000000000e+03,1.189299999999998659e-04,4.165127533231125292e-03
2.236500000000000000e+03,1.334401999999999941e-03,4.447489705773808102e-03
2.237000000000000000e+03,2.504882000000000376e-03,4.656703067462429624e-03
2.237500000000000000e+03,3.507691999999999755e-03,4.714715476129391521e-03
2.238000000000000000e+03,4.233940000000000273e-03,4.579464447285293976e-03
2.238500000000000000e+03,4.600439999999999911e-03,4.249956915895736036e-03
2.239000000000000000e+03,4.559820000000000019e-03,3.772393110726929115e-03
2.239500000000000000e+03,4.107275999999999982e-03,3.252231789883063863e-03
2.240000000000000000e+03,3.282543999999999653e-03,2.864870224248560956e-03
2.240500000000000000e+03,2.166444000000000442e-03,2.801789462212676829e-03
2.241000000000000000e+03,8.721120000000004077e-04,3.095558532564680713e-03
2.241500000000000000e+03,-4.677940000000002175e-04,3.576658182132589313e-03
2.242000000000000000e+03,-1.716050000000000648e-03,4.048804140579042796e-03
2.242500000000000000e+03,-2.745767999999999993e-03,4.383139759067008340e-03
2.243000000000000000e+03,-3.453368000000000496e-03,4.517216994356591103e-03
2.243500000000000000e+03,-3.768264000000000336e-03,4.441932615149176387e-03
2.244000000000000000e+03,-3.658791999999999687e-03,4.194655054918580359e-03
2.244500000000000000e+03,-3.134386000000000290e-03,3.856272871973143862e-03
2.245000000000000000e+03,-2.244329999999999676e-03,3.544473230303763715e-03
2.245500000000000000e+03,-1.073411999999999934e-03,3.383782736282576250e-03
2.246000000000000000e+03,2.654119999999999180e-04,3.437216354650082187e-03
2.246500000000000000e+03,1.641160000000000231e-03,3.655737362479695180e-03
2.247000000000000000e+03,2.917354000000000041e-03,3.919439809180133745e-03
2.247500000000000000e+03,3.965991999999999781e-03,4.113312261210422260e-03
2.248000000000000000e+03,4.681427999999999631e-03,4.164777705608547868e-03
2.248500000000000000e+03,4.992398000000000322e-03,4.050295032011124417e-03
2.249000000000000000e+03,4.870443999999999815e-03,3.792455982255561742e-03
2.249500000000000000e+03,4.333416000000000524e-03,3.454331710093284675e-03
2.250000000000000000e+03,3.443597999999999971e-03,3.128332963441391931e-03
2.250500000000000000e+03,2.300639999999999630e-03,2.909565464449974815e-03
2.251000000000000000e+03,1.030433999999999994e-03,2.848461516809732211e-03
2.251500000000000000e+03,-2.284859999999999669e-04,2.918107314821714784e-03
2.252000000000000000e+03,-1.339381999999999856e-03,3.043084639957291740e-03
2.252500000000000000e+03,-2.181014000000000650e-03,3.156503660219008543e-03
2.253000000000000000e+03,-2.659445999999999772e-03,3.230579902499859050e-03
2.253500000000000000e+03,-2.717216000000000162e-03,3.278429339649704434e-03
2.254000000000000000e+03,-2.339278000000000191e-03,3.340189325955042390e-03
2.254500000000000000e+03,-1.555352000000000080e-03,3.457693789992687984e-03
2.255000000000000000e+03,-4.381139999999998647e-04,3.645432898520558403e-03
2.255500000000000000e+03,9.028380000000002081e-04,3.876297294364042592e-03
2.256000000000000000e+03,2.331253999999999618e-03,4.092074148096047810e-03
2.256500000000000000e+03,3.697823999999999729e-03,4.226708719686749459e-03
2.257000000000000000e+03,4.856000000000000073e-03,4.226670641994712679e-03
2.257500000000000000e+03,5.678101999999999976e-03,4.063648165356346237e-03
2.258000000000000000e+03,6.069894000000001025e-03,3.741510953306965460e-03
2.258500000000000000e+03,5.981712000000000140e-03,3.300515301620945193e-03
2.259000000000000000e+03,5.414686000000000152e-03,2.821592181256178406e-03
2.259500000000000000e+03,4.421209999999999203e-03,2.428222696078347585e-03
2.260000000000000000e+03,3.099488000000000069e-03,2.256608916403992412e-03
2.260500000000000000e+03,1.582936000000000065e-03,2.353482992640057014e-03
2.261000000000000000e+03,2.571199999999995643e-05,2.619858419501709928e-03
2.261500000000000000e+03,-1.413769999999999957e-03,2.913806347026170942e-03
2.262000000000000000e+03,-2.589581999999999995e-03,3.137470808258460871e-03
2.262500000000000000e+03,-3.383502000000000037e-03,3.245425606227017069e-03
2.263000000000000000e+03,-3.717215999999999750e-03,3.233731831212353393e-03
2.263500000000000000e+03,-3.560350000000000320e-03,3.132293872247621323e-03
2.264000000000000000e+03,-2.933492000000000217e-03,2.998121360112695599e-03
2.264500000000000000e+03,-1.905879999999999987e-03,2.900885127181011998e-03
2.265000000000000000e+03,-5.880020000000001209e-04,2.893564310419590151e-03
2.265500000000000000e+03,8.801699999999998891e-04,2.980696368213307194e-03
2.266000000000000000e+03,2.343942000000000334e-03,3.116029124872551296e-03
2.266500000000000000e+03,3.650273999999999793e-03,3.233191713415089000e-03
2.267000000000000000e+03,4.663938000000000285e-03,3.277795015270784651e-03
2.267500000000000000e+03,5.281965999999999051e-03,3.223253246199559580e-03
2.268000000000000000e+03,5.444783999999999388e-03,3.073773524615305321e-03
2.268500000000000000e+03,5.142812000000000078e-03,2.860588300321106805e-03
2.269000000000000000e+03,4.417588000000000070e-03,2.633468581702466064e-03
2.269500000000000000e+03,3.357156000000000029e-03,2.446353907572655119e-03
2.270000000000000000e+03,2.086205999999999738e-03,2.337027335960364764e-03
2.270500000000000000e+03,7.520419999999998582e-04,2.310618245265539175e-03
2.271000000000000000e+03,-4.918179999999999861e-04,2.343542002003378040e-03
2.271500000000000000e+03,-1.502682000000000410e-03,2.406383509687098736e-03
2.272000000000000000e+03,-2.164316000000000330e-03,2.484562363730482420e-03
2.272500000000000000e+03,-2.399498000000000342e-03,2.583900386406952094e-03
2.273000000000000000e+03,-2.178124000000000032e-03,2.721763240075447676e-03
2.273500000000000000e+03,-1.519937999999999758e-03,2.909916055207434783e-03
2.274000000000000000e+03,-4.917180000000000379e-04,3.139565132331865061e-03
2.274500000000000000e+03,8.005640000000003535e-04,3.378577521093159303e-03
2.275000000000000000e+03,2.223537999999999730e-03,3.580799343763065717e-03
2.275500000000000000e+03,3.630653999999999652e-03,3.699755790479420086e-03
2.276000000000000000e+03,4.877394000000000174e-03,3.700693331221326533e-03
2.276500000000000000e+03,5.835970000000001087e-03,3.569290651986749881e-03
2.277000000000000000e+03,6.408241999999999758e-03,3.317259833045038686e-03
2.277500000000000000e+03,6.535693999999999879e-03,2.985376563779852319e-03
2.278000000000000000e+03,6.205518000000000145e-03,2.643100823386046634e-03
2.278500000000000000e+03,5.451927999999999983e-03,2.378362155125665536e-03
2.279000000000000000e+03,4.352523999999999976e-03,2.262643494352567942e-03
2.279500000000000000e+03,3.019866000000000390e-03,2.299405082656381764e-03
2.280000000000000000e+03,1.589179999999999716e-03,2.420399818308949843e-03
2.280500000000000000e+03,2.036099999999998480e-04,2.542417771350727156e-03
2.281000000000000000e+03,-1.001333999999999991e-03,2.612156437439381185e-03
2.281500000000000000e+03,-1.912155999999999492e-03,2.616143158475085946e-03
2.282000000000000000e+03,-2.448950000000000085e-03,2.574854471852729317e-03
2.282500000000000000e+03,-2.572716000000000065e-03,2.530398827111251994e-03
2.283000000000000000e+03,-2.287708000000000276e-03,2.526714526917118661e-03
2.283500000000000000e+03,-1.638829999999999757e-03,2.585540435531805820e-03
2.284000000000000000e+03,-7.049019999999999809e-04,2.693901461290668705e-03
2.284500000000000000e+03,4.109420000000000781e-04,2.814676679733215791e-03
2.285000000000000000e+03,1.592214000000000216e-03,2.909155961406331790e-03
2.285500000000000000e+03,2.720198000000000494e-03,2.954484463486649944e-03
2.286000000000000000e+03,3.684362000000000054e-03,2.950599049158322742e-03
2.286500000000000000e+03,4.391609999999999785e-03,2.917618349279082080e-03
2.287000000000000000e+03,4.774051999999999983e-03,2.884528095440222917e-03
2.287500000000000000e+03,4.795024000000000161e-03,2.871589658979151541e-03
2.288000000000000000e+03,4.452844000000000073e-03,2.875341527557378433e-03
2.288500000000000000e+03,3.781693999999999507e-03,2.867690995610579652e-03
2.289000000000000000e+03,2.849135999999999943e-03,2.810321703397317562e-03
2.289500000000000000e+03,1.750050000000000173e-03,2.674879998846677476e-03
2.290000000000000000e+03,5.973460000000000098e-04,2.461263372092876902e-03
2.290500000000000000e+03,-4.895959999999999115e-04,2.214017286114993224e-03
2.291000000000000000e+03,-1.397417999999999881e-03,2.034030143432982978e-03
2.291500000000000000e+03,-2.030481999999999686e-03,2.050156825877961532e-03
2.292000000000000000e+03,-2.320431999999999443e-03,2.311218249558876468e-03
2.292500000000000000e+03,-2.232416000000000088e-03,2.733829095081841392e-03
2.293000000000000000e+03,-1.767697999999999839e-03,3.192579604522649463e-03
2.293500000000000000e+03,-9.628439999999998094e-04,3.589335709712313579e-03
2.294000000000000000e+03,1.139180000000000027e-04,3.862994046852000814e-03
2.294500000000000000e+03,1.368426000000000061e-03,3.984666727067145628e-03
2.295000000000000000e+03,2.687914000000000449e-03,3.953206761567878980e-03
2.295500000000000000e+03,3.949727999999999573e-03,3.791068881822644721e-03
2.296000000000000000e+03,5.031367999999999605e-03,3.539112129912528725e-03
2.296500000000000000e+03,5.821622000000000255e-03,3.249047292797381959e-03
2.297000000000000000e+03,6.232165999999999921e-03,2.972324799774748744e-03
2.297500000000000000e+03,6.208252000000000041e-03,2.745589231870637810e-03
2.298000000000000000e+03,5.736960000000000150e-03,2.578093380203672850e-03
2.298500000000000000e+03,4.851216000000000209e-03,2.451486755872036086e-03
2.299000000000000000e+03,3.628551999999999299e-03,2.335916686398296655e-03
2.299500000000000000e+03,2.184214000000000294e-03,2.212391858244375491e-03
2.300000000000000000e+03,6.593820000000000237e-04,2.089251719995462424e-03
2.300500000000000000e+03,-7.940379999999998403e-04,2.006049584216202525e-03
2.301000000000000000e+03,-2.029933999999999732e-03,2.016167825734256711e-03
2.301500000000000000e+03,-2.923835999999999970e-03,2.146414791867126259e-03
2.302000000000000000e+03,-3.386149999999999664e-03,2.369843884590291157e-03
2.302500000000000000e+03,-3.371558000000000194e-03,2.625088156882355011e-03
2.303000000000000000e+03,-2.883832000000000235e-03,2.851704258713375420e-03
2.303500000000000000e+03,-1.975856000000000660e-03,3.009454024183788601e-03
2.304000000000000000e+03,-7.451039999999999053e-04,3.083293049931517659e-03
2.304500000000000000e+03,6.752100000000001980e-04,3.082048270854952175e-03
2.305000000000000000e+03,2.128665999999999978e-03,3.033428768513610294e-03
2.305500000000000000e+03,3.451181999999999687e-03,2.974689108045410705e-03
2.306000000000000000e+03,4.488383999999999777e-03,2.938361829182375984e-03
2.306500000000000000e+03,5.113117999999999830e-03,2.936605079780731618e-03
2.307000000000000000e+03,5.241026000000000191e-03,2.953447157180232908e-03
2.307500000000000000e+03,4.842026000000001010e-03,2.951191012790598152e-03
2.308000000000000000e+03,3.945823999999999686e-03,2.886433134147749213e-03
2.308500000000000000e+03,2.640283999999999253e-03,2.727131585704290883e-03
2.309000000000000000e+03,1.062622000000000046e-03,2.468068196925279813e-03
2.309500000000000000e+03,-6.156699999999999109e-04,2.148918409484175829e-03
2.310000000000000000e+03,-2.208229999999999828e-03,1.879299896511996441e-03
2.310500000000000000e+03,-3.535054000000000148e-03,1.834245718611877008e-03
2.311000000000000000e+03,-4.443005999999999345e-03,2.107757634792482501e-03
2.311500000000000000e+03,-4.823074000000000111e-03,2.591591345026448678e-03
2.312000000000000000e+03,-4.622649999999998982e-03,3.117733854383661178e-03
2.312500000000000000e+03,-3.851558000000000585e-03,3.563425219980629905e-03
2.313000000000000000e+03,-2.581526000000000220e-03,3.853271181885074836e-03
2.313500000000000000e+03,-9.391259999999999799e-04,3.948994438057110493e-03
2.314000000000000000e+03,9.070099999999997609e-04,3.845245306306217543e-03
2.314500000000000000e+03,2.763742000000000022e-03,3.568633265315168147e-03
2.315000000000000000e+03,4.433994000000000130e-03,3.177875950833512330e-03
2.315500000000000000e+03,5.738456000000000286e-03,2.762885932224853815e-03
2.316000000000000000e+03,6.535912000000000492e-03,2.433643702947084746e-03
2.316500000000000000e+03,6.739813999999999354e-03,2.276031629493755707e-03
2.317000000000000000e+03,6.328836000000000010e-03,2.282598264190613228e-03
2.317500000000000000e+03,5.349968000000000952e-03,2.353677271905390330e-03
2.318000000000000000e+03,3.913523999999999822e-03,2.382429378732137375e-03
2.318500000000000000e+03,2.180635999999999686e-03,2.317123730698470840e-03
2.319000000000000000e+03,3.446879999999999497e-04,2.181016527111612636e-03
2.319500000000000000e+03,-1.390941999999999830e-03,2.075992407593052654e-03
2.320000000000000000e+03,-2.836153999999999585e-03,2.142871102478168064e-03
2.320500000000000000e+03,-3.835592000000000081e-03,2.438730068493436248e-03
2.321000000000000000e+03,-4.285776000000000689e-03,2.875149975447541771e-03
2.321500000000000000e+03,-4.146056000000000394e-03,3.309591294644400206e-03
2.322000000000000000e+03,-3.442297999999999018e-03,3.622984838569435779e-03
2.322500000000000000e+03,-2.263110000000000035e-03,3.737568368826180674e-03
2.323000000000000000e+03,-7.492439999999997132e-04,3.618573342775574780e-03
2.323500000000000000e+03,9.225379999999998738e-04,3.277482227998192773e-03
2.324000000000000000e+03,2.559337999999999978e-03,2.782248312504475175e-03
2.324500000000000000e+03,3.973584000000000491e-03,2.282738218501192701e-03
2.325000000000000000e+03,5.003760000000000326e-03,2.031343852928400341e-03
2.325500000000000000e+03,5.532154000000000064e-03,2.216064236800458810e-03
2.326000000000000000e+03,5.497608000000000182e-03,2.690046828450017979e-03
2.326500000000000000e+03,4.901891999999999708e-03,3.182046368591130280e-03
2.327000000000000000e+03,3.809077999999999596e-03,3.512321079430808391e-03
2.327500000000000000e+03,2.338020000000000116e-03,3.589212596347560354e-03
2.328000000000000000e+03,6.489040000000002775e-04,3.386721020817332756e-03
2.328500000000000000e+03,-1.074699999999999831e-03,2.942769960735972575e-03
2.329000000000000000e+03,-2.646202000000000276e-03,2.380832971296810603e-03
2.329500000000000000e+03,-3.896610000000000438e-03,1.968259138025275218e-03
2.330000000000000000e+03,-4.692848000000000332e-03,2.058053997200753622e-03
2.330500000000000000e+03,-4.951757999999999681e-03,2.619738211610846395e-03
2.331000000000000000e+03,-4.648203999999999531e-03,3.305984282105103693e-03
2.331500000000000000e+03,-3.816533999999999899e-03,3.869087931180422053e-03
2.332000000000000000e+03,-2.545629999999999681e-03,4.177639324313433232e-03
2.332500000000000000e+03,-9.684039999999997494e-04,4.171105275284477977e-03
2.333000000000000000e+03,7.528259999999996257e-04,3.845329700369787534e-03
2.333500000000000000e+03,2.443469999999999670e-03,3.253310423674629377e-03
2.334000000000000000e+03,3.934654000000000103e-03,2.522521047243411665e-03
2.334500000000000000e+03,5.080375999999999295e-03,1.915224291247894168e-03
2.335000000000000000e+03,5.772313999999998876e-03,1.839695664786977769e-03
2.335500000000000000e+03,5.950867999999999783e-03,2.319425012427433173e-03
2.336000000000000000e+03,5.611334000000000807e-03,2.928025039656593879e-03
2.336500000000000000e+03,4.804334000000000382e-03,3.378592679266916293e-03
2.337000000000000000e+03,3.630347999999999822e-03,3.545515898695702443e-03
2.337500000000000000e+03,2.228609999999999793e-03,3.394339267390636232e-03
2.338000000000000000e+03,7.614559999999995481e-04,2.967383131613778990e-03
2.338500000000000000e+03,-6.041999999999998327e-04,2.405984296810766837e-03
2.339000000000000000e+03,-1.715923999999999965e-03,2.014571594018440496e-03
2.339500000000000000e+03,-2.452921999999999741e-03,2.166912833958486474e-03
2.340000000000000000e+03,-2.739116000000000641e-03,2.784219764450356419e-03
2.340500000000000000e+03,-2.550585999999999652e-03,3.488623090019327220e-03
2.341000000000000000e+03,-1.916860000000000048e-03,4.024713077702558872e-03
2.341500000000000000e+03,-9.163060000000001950e-04,4.257878225706554672e-03
2.342000000000000000e+03,3.332579999999994713e-04,4.130759004520113790e-03
2.342500000000000000e+03,1.687679999999999996e-03,3.652630033340360013e-03
2.343000000000000000e+03,2.991770000000000367e-03,2.909181579138710345e-03
2.343500000000000000e+03,4.095520000000000063e-03,2.117743790759401157e-03
2.344000000000000000e+03,4.869951999999999441e-03,1.776651271233046191e-03
2.344500000000000000e+03,5.221062000000000272e-03,2.271046293927977099e-03
2.345000000000000000e+03,5.100602000000000087e-03,3.125605802402791396e-03
2.345500000000000000e+03,4.512244000000000324e-03,3.890978663527467577e-03
2.346000000000000000e+03,3.512172000000000037e-03,4.363671804498363282e-03
2.346500000000000000e+03,2.203604000000000066e-03,4.450652494469322512e-03
2.347000000000000000e+03,7.254779999999995616e-04,4.128545739100391090e-03
2.347500000000000000e+03,-7.634819999999998977e-04,3.436275415069927133e-03
2.348000000000000000e+03,-2.103302000000000036e-03,2.483870147566897505e-03
2.348500000000000000e+03,-3.151415999999999766e-03,1.532281962951336212e-03
2.349000000000000000e+03,-3.798844000000000005e-03,1.332250678756066644e-03
2.349500000000000000e+03,-3.981796000000000120e-03,2.121649337222341388e-03
2.350000000000000000e+03,-3.687568000000000009e-03,3.032342516442362336e-03
2.350500000000000000e+03,-2.954525999999999420e-03,3.705897512436899435e-03
2.351000000000000000e+03,-1.866704000000000280e-03,4.017125640689621011e-03
2.351500000000000000e+03,-5.440979999999994788e-04,3.928758933602823598e-03
2.352000000000000000e+03,8.702640000000001503e-04,3.476380169537848439e-03
2.352500000000000000e+03,2.225271999999999927e-03,2.785289599085524065e-03
2.353000000000000000e+03,3.377596000000000070e-03,2.138661603591367460e-03
2.353500000000000000e+03,4.207098000000000261e-03,2.033396915494857255e-03
2.354000000000000000e+03,4.630357999999999349e-03,2.603974473276187990e-03
2.354500000000000000e+03,4.610735999999999828e-03,3.378830646777964287e-03
2.355000000000000000e+03,4.163386000000000690e-03,3.998490242593571477e-03
2.355500000000000000e+03,3.354217999999999957e-03,4.289530085600753648e-03
2.356000000000000000e+03,2.292383999999999741e-03,4.179226012231929306e-03
2.356500000000000000e+03,1.116967999999999867e-03,3.668638836299370140e-03
2.357000000000000000e+03,-2.046199999999991014e-05,2.831760957572866493e-03
2.357500000000000000e+03,-9.749599999999998675e-04,1.857165842645723194e-03
2.358000000000000000e+03,-1.626267999999999724e-03,1.308421309496295279e-03
2.358500000000000000e+03,-1.893241999999999842e-03,1.888399851809462399e-03
2.359000000000000000e+03,-1.742992000000000499e-03,2.867816706172833345e-03
2.359500000000000000e+03,-1.193784000000000468e-03,3.699705686114234619e-03
2.360000000000000000e+03,-3.118999999999996667e-04,4.196688165933943303e-03
2.360500000000000000e+03,7.968180000000003524e-04,4.281790121488207243e-03
2.361000000000000000e+03,1.999474000000000216e-03,3.950101956446946949e-03
2.361500000000000000e+03,3.151294000000000230e-03,3.271026570029048064e-03
2.362000000000000000e+03,4.111972000000000196e-03,2.420859923125251618e-03
2.362500000000000000e+03,4.761647999999999402e-03,1.810607414193921450e-03
2.363000000000000000e+03,5.014920000000000835e-03,2.026998112488020542e-03
2.363500000000000000e+03,4.831343999999999569e-03,2.819284060990661766e-03
2.364000000000000000e+03,4.221001999999999740e-03,3.608349260471330547e-03
2.364500000000000000e+03,3.244188000000000714e-03,4.120893708616372650e-03
2.365000000000000000e+03,2.004868000000000795e-03,4.240540609188172237e-03
2.365500000000000000e+03,6.384700000000003567e-04,3.935061399461258456e-03
2.366000000000000000e+03,-7.045139999999998348e-04,3.238708560476845355e-03
2.366500000000000000e+03,-1.876945999999999780e-03,2.251253186644274189e-03
2.367000000000000000e+03,-2.752843999999999951e-03,1.199285783754647792e-03
2.367500000000000000e+03,-3.242262000000000095e-03,9.947451874746618839e-04
2.368000000000000000e+03,-3.301298000000000253e-03,1.922663538319692444e-03
2.368500000000000000e+03,-2.936224000000000299e-03,2.857116945055976874e-03
2.369000000000000000e+03,-2.201531999999999968e-03,3.502279118424743171e-03
2.369500000000000000e+03,-1.192432000000000214e-03,3.756649450714559350e-03
2.370000000000000000e+03,-3.300799999999999297e-05,3.589771050238997705e-03
2.370500000000000000e+03,1.138518000000000256e-03,3.034759899332070774e-03
2.371000000000000000e+03,2.185623999999999727e-03,2.202713065577538865e-03
2.371500000000000000e+03,2.988816000000000042e-03,1.383290600317228997e-03
2.372000000000000000e+03,3.458824000000000100e-03,1.359798748920589559e-03
2.372500000000000000e+03,3.546349999999999329e-03,2.186626801310639912e-03
2.373000000000000000e+03,3.247379999999999798e-03,3.070757737301983703e-03
2.373500000000000000e+03,2.603477999999999348e-03,3.700182778819716394e-03
2.374000000000000000e+03,1.696887999999999912e-03,3.950877340230141144e-03
2.374500000000000000e+03,6.409140000000000236e-04,3.778148680755695574e-03
2.375000000000000000e+03,-4.334279999999999166e-04,3.201550694603163671e-03
2.375500000000000000e+03,-1.392900000000000301e-03,2.309193551324790258e-03
2.376000000000000000e+03,-2.117776000000000033e-03,1.327269800615534217e-03
2.376500000000000000e+03,-2.515751999999999572e-03,1.113168852849377808e-03
2.377000000000000000e+03,-2.532379999999999874e-03,2.045199732336673223e-03
2.377500000000000000e+03,-2.156848000000000272e-03,3.087934895514152494e-03
2.378000000000000000e+03,-1.422679999999999735e-03,3.898628590763680065e-03
2.378500000000000000e+03,-4.034759999999998348e-04,4.348579933389289456e-03
2.379000000000000000e+03,7.955759999999998788e-04,4.379139142769500857e-03
2.379500000000000000e+03,2.049313999999999997e-03,3.986884083941493080e-03
2.380000000000000000e+03,3.226144000000000234e-03,3.220899787049575410e-03
2.380500000000000000e+03,4.201979999999999257e-03,2.182413976407776048e-03
2.381000000000000000e+03,4.873338000000000496e-03,1.060800723653599481e-03
2.381500000000000000e+03,5.168253999999999730e-03,7.523147565587159783e-04
2.382000000000000000e+03,5.053995999999999836e-03,1.672180557920106489e-03
2.382500000000000000e+03,4.540716000000000196e-03,2.515981871400507341e-03
2.383000000000000000e+03,3.680597999999998902e-03,3.035708681018980601e-03
2.383500000000000000e+03,2.562386000000000698e-03,3.155095123910846115e-03
2.384000000000000000e+03,1.301829999999999481e-03,2.861948082937564378e-03
2.384500000000000000e+03,2.900199999999984870e-05,2.202136831873532669e-03
2.385000000000000000e+03,-1.125948000000000096e-03,1.297614860158437201e-03
2.385500000000000000e+03,-2.046903999999999998e-03,6.674287634017581159e-04
2.386000000000000000e+03,-2.644074000000000164e-03,1.436223638618303565e-03
2.386500000000000000e+03,-2.862917999999999887e-03,2.488808338885097407e-03
2.387000000000000000e+03,-2.689058000000000247e-03,3.368684704108415064e-03
2.387500000000000000e+03,-2.148806000000000067e-03,3.938248579240015423e-03
2.388000000000000000e+03,-1.305640000000000923e-03,4.123400764729278321e-03
2.388500000000000000e+03,-2.532920000000001221e-04,3.899920307563219980e-03
2.389000000000000000e+03,8.938620000000001503e-04,3.293718469750260992e-03
2.389500000000000000e+03,2.012114000000000177e-03,2.382343058748256567e-03
2.390000000000000000e+03,2.980716000000000008e-03,1.317985896140774250e-03
2.390500000000000000e+03,3.694047999999999689e-03,7.044328039735230172e-04
2.391000000000000000e+03,4.072693999999999967e-03,1.487837483005452358e-03
2.391500000000000000e+03,4.072305999999999496e-03,2.421554358344243409e-03
2.392000000000000000e+03,3.689109999999999785e-03,3.102739382840588849e-03
2.392500000000000000e+03,2.961185999999999766e-03,3.425312466462877240e-03
2.393000000000000000e+03,1.965064000000000307e-03,3.357471522831727458e-03
2.393500000000000000e+03,8.078179999999997524e-04,2.933955751178602637e-03
2.394000000000000000e+03,-3.845259999999999434e-04,2.279278234802850807e-03
2.394500000000000000e+03,-1.480756000000000173e-03,1.706194959911088186e-03
2.395000000000000000e+03,-2.358641999999999770e-03,1.787313185226360951e-03
2.395500000000000000e+03,-2.917791999999999782e-03,2.526073740149721233e-03
2.396000000000000000e+03,-3.089731999999999982e-03,3.394658875531383988e-03
2.396500000000000000e+03,-2.844468000000000170e-03,4.094585019447514324e-03
2.397000000000000000e+03,-2.193165999999999866e-03,4.483257557987941483e-03
2.397500000000000000e+03,-1.187150000000000748e-03,4.493448312056120240e-03
2.398000000000000000e+03,8.655199999999946541e-05,4.113729322989542227e-03
2.398500000000000000e+03,1.512702000000000100e-03,3.382077004308742859e-03
2.399000000000000000e+03,2.958099999999999966e-03,2.381242098727048666e-03
2.399500000000000000e+03,4.283953999999999540e-03,1.243677892436783434e-03
2.400000000000000000e+03,5.359515999999999933e-03,4.623294622950175183e-04
2.400500000000000000e+03,6.075862000000000450e-03,1.265507709543485949e-03
2.401000000000000000e+03,6.358083999999999958e-03,2.126809596810678039e-03
2.401500000000000000e+03,6.174357999999999583e-03,2.694870696114007834e-03
2.402000000000000000e+03,5.540372000000000005e-03,2.895020289167935575e-03
2.402500000000000000e+03,4.518280000000001254e-03,2.717658780967544506e-03
2.403000000000000000e+03,3.210206000000000170e-03,2.222396480485874359e-03
2.403500000000000000e+03,1.747101999999999726e-03,1.590489554336651287e-03
2.404000000000000000e+03,2.745979999999998669e-04,1.322936758236764859e-03
2.404500000000000000e+03,-1.062366000000000352e-03,1.876901081342860662e-03
2.405000000000000000e+03,-2.134202000000000408e-03,2.761498286054872749e-03
2.405500000000000000e+03,-2.839231999999999694e-03,3.568664604131915104e-03
2.406000000000000000e+03,-3.113075999999999777e-03,4.118314428754317295e-03
2.406500000000000000e+03,-2.934421999999999899e-03,4.317259798715384136e-03
2.407000000000000000e+03,-2.326933999999999687e-03,4.128645102869221185e-03
2.407500000000000000e+03,-1.357294000000000642e-03,3.566171739407119224e-03
2.408000000000000000e+03,-1.294260000000001937e-04,2.692117749626862268e-03
2.408500000000000000e+03,1.224957999999999950e-03,1.624459202729942398e-03
2.409000000000000000e+03,2.559001999999999891e-03,6.969084314915410545e-04
2.409500000000000000e+03,3.725688000000000003e-03,1.152232150755219935e-03
2.410000000000000000e+03,4.593690000000000967e-03,2.111891613667709385e-03
2.410500000000000000e+03,5.062235999999998605e-03,2.878455368588507188e-03
2.411000000000000000e+03,5.073006000000000563e-03,3.324570547118228542e-03
2.411500000000000000e+03,4.617277999999999834e-03,3.413361068063852036e-03
2.412000000000000000e+03,3.737289999999999883e-03,3.177320171661961960e-03
2.412500000000000000e+03,2.521644000000000836e-03,2.735463814905252696e-03
2.413000000000000000e+03,1.095440000000000042e-03,2.333336868248989289e-03
2.413500000000000000e+03,-3.933880000000000493e-04,2.314276314990065808e-03
2.414000000000000000e+03,-1.789740000000000168e-03,2.770014668100152788e-03
2.414500000000000000e+03,-2.947196000000000017e-03,3.420081782973325227e-03
2.415000000000000000e+03,-3.742533999999999618e-03,3.983040528957242782e-03
2.415500000000000000e+03,-4.087705999999999978e-03,4.292328340513571969e-03
2.416000000000000000e+03,-3.938432000000000391e-03,4.265124789013095656e-03
2.416500000000000000e+03,-3.298908000000000569e-03,3.880684270002392102e-03
2.417000000000000000e+03,-2.222169999999999875e-03,3.170571324277376719e-03
2.417500000000000000e+03,-8.059380000000001838e-04,2.214658308029479952e-03
2.418000000000000000e+03,8.160700000000000115e-04,1.164902146001972226e-03
2.418500000000000000e+03,2.486862000000000274e-03,6.781149082522813874e-04
2.419000000000000000e+03,4.042006000000000765e-03,1.475664962766277738e-03
2.419500000000000000e+03,5.326987999999999515e-03,2.335667901488565693e-03
2.420000000000000000e+03,6.213936000000000633e-03,2.951842800930632241e-03
2.420500000000000000e+03,6.615617999999999325e-03,3.247822493521466784e-03
2.421000000000000000e+03,6.494764000000001827e-03,3.214092856251356267e-03
2.421500000000000000e+03,5.867551999999999837e-03,2.904166319213484330e-03
2.422000000000000000e+03,4.801021999999999408e-03,2.451762294945005177e-03
2.422500000000000000e+03,3.404998000000000226e-03,2.102348280631446444e-03
2.423000000000000000e+03,1.819846000000000397e-03,2.140935248718652938e-03
2.423500000000000000e+03,2.016600000000000445e-04,2.562637505413124100e-03
2.424000000000000000e+03,-1.293440000000000301e-03,3.091063996469500461e-03
2.424500000000000000e+03,-2.524434000000000313e-03,3.496332709089053099e-03
2.425000000000000000e+03,-3.378695999999999609e-03,3.652256316029310786e-03
2.425500000000000000e+03,-3.782432000000000068e-03,3.505681055587344698e-03
2.426000000000000000e+03,-3.707532000000000362e-03,3.059601553654331483e-03
2.426500000000000000e+03,-3.174177999999999722e-03,2.369221489764939455e-03
2.427000000000000000e+03,-2.248920000000000172e-03,1.562713678214918550e-03
2.427500000000000000e+03,-1.038159999999999994e-03,1.003770400549846729e-03
2.428000000000000000e+03,3.225960000000000806e-04,1.329615508545985625e-03
2.428500000000000000e+03,1.682824000000000082e-03,2.076753365931062554e-03
2.429000000000000000e+03,2.892956000000000780e-03,2.749686178373088753e-03
2.429500000000000000e+03,3.820350000000000135e-03,3.198220383064618970e-03
2.430000000000000000e+03,4.363376000000000407e-03,3.372041836580026708e-03
2.430500000000000000e+03,4.461833999999999592e-03,3.278649861058054518e-03
2.431000000000000000e+03,4.102630000000000339e-03,2.980684736272858591e-03
2.431500000000000000e+03,3.320249999999999417e-03,2.601577495242069025e-03
2.432000000000000000e+03,2.192345999999999965e-03,2.322324935106196645e-03
2.432500000000000000e+03,8.312500000000000661e-04,2.303905797967876860e-03
2.433000000000000000e+03,-6.274659999999999179e-04,2.529761501979188414e-03
2.433500000000000000e+03,-2.038142000000000165e-03,2.825955337526408519e-03
2.434000000000000000e+03,-3.258843999999999456e-03,3.025957428029349937e-03
2.434500000000000000e+03,-4.164786000000000182e-03,3.032502759599074033e-03
2.435000000000000000e+03,-4.660332000000000537e-03,2.811247611025040685e-03
2.435500000000000000e+03,-4.688644000000000492e-03,2.381294999609665820e-03
2.436000000000000000e+03,-4.237989999999999639e-03,1.820552633295725127e-03
2.436500000000000000e+03,-3.343828000000000078e-03,1.316809024435206411e-03
2.437000000000000000e+03,-2.086226000000000053e-03,1.245226788683892602e-03
2.437500000000000000e+03,-5.824100000000000023e-04,1.693355043678082105e-03
2.438000000000000000e+03,1.024820000000000288e-03,2.288781767298927235e-03
2.438500000000000000e+03,2.581717999999999340e-03,2.801696402307716008e-03
2.439000000000000000e+03,3.939482000000000227e-03,3.135822340083060152e-03
2.439500000000000000e+03,4.969572000000000225e-03,3.254690361305357781e-03
2.440000000000000000e+03,5.576629999999999955e-03,3.162874609296106171e-03
2.440500000000000000e+03,5.707689999999999639e-03,2.901960541883710516e-03
2.441000000000000000e+03,5.356838000000000918e-03,2.549713312032158685e-03
2.441500000000000000e+03,4.565069999999999198e-03,2.216561724854509453e-03
2.442000000000000000e+03,3.415707999999999939e-03,2.019617253851332776e-03
2.442500000000000000e+03,2.025977999999999894e-03,2.008515322205434422e-03
2.443000000000000000e+03,5.356560000000000227e-04,2.113871538704752487e-03
2.443500000000000000e+03,-9.064220000000001521e-04,2.214988237655902102e-03
2.444000000000000000e+03,-2.156841999999999961e-03,2.222739792623958707e-03
2.444500000000000000e+03,-3.092068000000000767e-03,2.101573923761426970e-03
2.445000000000000000e+03,-3.621364000000000614e-03,1.868378084116274675e-03
2.445500000000000000e+03,-3.696775999999999708e-03,1.598155000447703698e-03
2.446000000000000000e+03,-3.318723999999999459e-03,1.434615954304844327e-03
2.446500000000000000e+03,-2.536334000000000331e-03,1.522768322255883952e-03
2.447000000000000000e+03,-1.442214000000000039e-03,1.836325469677420634e-03
2.447500000000000000e+03,-1.620760000000000657e-04,2.221832510750078923e-03
2.448000000000000000e+03,1.159326000000000020e-03,2.549704125628304927e-03
2.448500000000000000e+03,2.374358000000000024e-03,2.740526617499636566e-03
2.449000000000000000e+03,3.348571999999999747e-03,2.753893716266842158e-03
2.449500000000000000e+03,3.974957999999999790e-03,2.583669837979302945e-03
2.450000000000000000e+03,4.184719999999999412e-03,2.259301106973127856e-03
2.450500000000000000e+03,3.953726000000000289e-03,1.852909176755838721e-03
2.451000000000000000e+03,3.304305999999999910e-03,1.495214760412697137e-03
2.451500000000000000e+03,2.302463999999999726e-03,1.363794234654187127e-03
2.452000000000000000e+03,1.051074000000000149e-03,1.514257333099628799e-03
2.452500000000000000e+03,-3.202959999999999705e-04,1.785523060978490935e-03
2.453000000000000000e+03,-1.668236000000000024e-03,2.010289956216764363e-03
2.453500000000000000e+03,-2.849979999999999788e-03,2.105082819285264938e-03
2.454000000000000000e+03,-3.738434000000000115e-03,2.052713309170572237e-03
2.454500000000000000e+03,-4.236140000000000218e-03,1.892403018162357436e-03
2.455000000000000000e+03,-4.286489999999999571e-03,1.723946302678827603e-03
2.455500000000000000e+03,-3.880590000000000601e-03,1.692516479101458839e-03
2.456000000000000000e+03,-3.058565999999999976e-03,1.884614278356714148e-03
2.456500000000000000e+03,-1.904955999999999967e-03,2.233288973611789220e-03
2.457000000000000000e+03,-5.386860000000000259e-04,2.603078982886612366e-03
2.457500000000000000e+03,9.008699999999997959e-04,2.883008278196578025e-03
2.458000000000000000e+03,2.269878000000000347e-03,3.003392446351958126e-03
2.458500000000000000e+03,3.435833999999999590e-03,2.932135540959182607e-03
2.459000000000000000e+03,4.291213999999999792e-03,2.671939302964421691e-03
2.459500000000000000e+03,4.763625999999999971e-03,2.259012364586789924e-03
2.460000000000000000e+03,4.821620000000000419e-03,1.764329043290961555e-03
2.460500000000000000e+03,4.476181999999999557e-03,1.304096371896647623e-03
2.461000000000000000e+03,3.778151999999999899e-03,1.051324262249283452e-03
2.461500000000000000e+03,2.812167999999999873e-03,1.102339208349226683e-03
2.462000000000000000e+03,1.687729999999999699e-03,1.293056087395283828e-03
2.462500000000000000e+03,5.279719999999998165e-04,1.440072973614184857e-03
2.463000000000000000e+03,-5.430479999999999682e-04,1.475002475097584318e-03
2.463500000000000000e+03,-1.413503999999999889e-03,1.412783790905742295e-03
2.464000000000000000e+03,-1.996026000000000137e-03,1.336433504659322513e-03
2.464500000000000000e+03,-2.237403999999999695e-03,1.372261632432386896e-03
2.465000000000000000e+03,-2.124335999999999672e-03,1.587157572324184637e-03
2.465500000000000000e+03,-1.684247999999999952e-03,1.917113431298210924e-03
2.466000000000000000e+03,-9.809639999999997511e-04,2.247806090623921758e-03
2.466500000000000000e+03,-1.060240000000001355e-04,2.485073132603143713e-03
2.467000000000000000e+03,8.330220000000001027e-04,2.567076821971637189e-03
2.467500000000000000e+03,1.725360000000000001e-03,2.462868963197189544e-03
2.468000000000000000e+03,2.469114000000000118e-03,2.171017502837321606e-03
2.468500000000000000e+03,2.981538000000000157e-03,1.718514221609469036e-03
2.469000000000000000e+03,3.206524000000000093e-03,1.162602218033321859e-03
2.469500000000000000e+03,3.119108000000000210e-03,6.276191616370552446e-04
2.470000000000000000e+03,2.726947999999999872e-03,5.490807166838040671e-04
2.470500000000000000e+03,2.068915999999999637e-03,9.850014861948180184e-04
2.471000000000000000e+03,1.210925999999999973e-03,1.431819060061710136e-03
2.471500000000000000e+03,2.391759999999999611e-04,1.766259777313631488e-03
2.472000000000000000e+03,-7.488260000000000706e-04,1.967503143912609047e-03
2.472500000000000000e+03,-1.654622000000000124e-03,2.055616951380776804e-03
2.473000000000000000e+03,-2.389460000000000368e-03,2.082313860648773302e-03
2.473500000000000000e+03,-2.883894000000000127e-03,2.117392904603677614e-03
2.474000000000000000e+03,-3.094941999999999832e-03,2.217404734971493464e-03
2.474500000000000000e+03,-3.009864000000000116e-03,2.389833651387895073e-03
2.475000000000000000e+03,-2.646072000000000181e-03,2.589380826497716687e-03
2.475500000000000000e+03,-2.047498000000000026e-03,2.747763826800622179e-03
2.476000000000000000e+03,-1.278210000000000110e-03,2.803287494300218605e-03
2.476500000000000000e+03,-4.144359999999997976e-04,2.715717213324317716e-03
2.477000000000000000e+03,4.637620000000002127e-04,2.471210650372403662e-03
2.477500000000000000e+03,1.280320000000000156e-03,2.082844033291979344e-03
2.478000000000000000e+03,1.969928000000000130e-03,1.590089907997028736e-03
2.478500000000000000e+03,2.483439999999999953e-03,1.065222309952246378e-03
2.479000000000000000e+03,2.791605999999999862e-03,6.667914179081791109e-04
2.479500000000000000e+03,2.887003999999999872e-03,7.000787372188930569e-04
2.480000000000000000e+03,2.783745999999999703e-03,1.037014055635698904e-03
2.480500000000000000e+03,2.514839999999999957e-03,1.375939950074130114e-03
2.481000000000000000e+03,2.127404000000000274e-03,1.633437692306014986e-03
2.481500000000000000e+03,1.676264000000000226e-03,1.805859205031222622e-03
2.482000000000000000e+03,1.217005999999999860e-03,1.922288246833965238e-03
2.482500000000000000e+03,7.995260000000000561e-04,2.024717088833893897e-03
2.483000000000000000e+03,4.631800000000002105e-04,2.145993835541006728e-03
2.483500000000000000e+03,2.339999999999999958e-04,2.290361934516027369e-03
2.484000000000000000e+03,1.240540000000000154e-04,2.430752958925690588e-03
2.484500000000000000e+03,1.325319999999999569e-04,2.523275609762833712e-03
2.485000000000000000e+03,2.478560000000000203e-04,2.525363299621660035e-03
2.485500000000000000e+03,4.501159999999998626e-04,2.408367711321508439e-03
2.486000000000000000e+03,7.134159999999999200e-04,2.164071869889260067e-03
2.486500000000000000e+03,1.008035999999999915e-03,1.807721616285538208e-03
2.487000000000000000e+03,1.302538000000000003e-03,1.381764865277012319e-03
2.487500000000000000e+03,1.566064000000000041e-03,9.724602185621785246e-04
2.488000000000000000e+03,1.770901999999999980e-03,7.594420131938975100e-04
2.488500000000000000e+03,1.895050000000000120e-03,8.971318575716725422e-04
2.489000000000000000e+03,1.924347999999999987e-03,1.208743557858324175e-03
2.489500000000000000e+03,1.853648000000000058e-03,1.515536214345932333e-03
2.490000000000000000e+03,1.686682000000000112e-03,1.758878925197524673e-03
2.490500000000000000e+03,1.434703999999999754e-03,1.934048183219849075e-03
2.491000000000000000e+03,1.114347999999999814e-03,2.061629175366898672e-03
2.491500000000000000e+03,7.453820000000004877e-04,2.171374458071200116e-03
2.492000000000000000e+03,3.489460000000003145e-04,2.286199809433987328e-03
2.492500000000000000e+03,-5.334199999999997141e-05,2.409621009522867115e-03
2.493000000000000000e+03,-4.395639999999999270e-04,2.523912458209674314e-03
2.493500000000000000e+03,-7.873859999999999453e-04,2.599170179304540872e-03
2.494000000000000000e+03,-1.074223999999999709e-03,2.605998428091620741e-03
2.494500000000000000e+03,-1.278187999999999980e-03,2.525480854624322785e-03
2.495000000000000000e+03,-1.379819999999999918e-03,2.354755652790752052e-03
2.495500000000000000e+03,-1.364507999999999954e-03,2.108963827334172248e-03
2.496000000000000000e+03,-1.224948000000000009e-03,1.820768305799504811e-03
2.496500000000000000e+03,-9.630599999999997409e-04,1.537963836609950634e-03
2.497000000000000000e+03,-5.908099999999999897e-04,1.316900933236817223e-03
2.497500000000000000e+03,-1.298279999999999638e-04,1.203577328215349809e-03
2.498000000000000000e+03,3.901580000000001497e-04,1.204343833925345308e-03
2.498500000000000000e+03,9.336180000000000997e-04,1.286150965646723834e-03
2.499000000000000000e+03,1.461861999999999970e-03,1.414537479695748400e-03
2.499500000000000000e+03,1.935732000000000338e-03,1.574709551528153968e-03
2.500000000000000000e+03,2.318273999999999942e-03,1.762647726738385615e-03
2.500500000000000000e+03,2.577390000000000150e-03,1.969557389130867538e-03
2.501000000000000000e+03,2.688641999999999768e-03,2.174707420747443946e-03
2.501500000000000000e+03,2.638081999999999493e-03,2.348318885889222503e-03
2.502000000000000000e+03,2.424938000000000180e-03,2.459340066018524812e-03
2.502500000000000000e+03,2.063600000000000070e-03,2.483512618548574993e-03
2.503000000000000000e+03,1.584254000000000218e-03,2.409789411804690897e-03
2.503500000000000000e+03,1.031668000000000125e-03,2.244689144134216080e-03
2.504000000000000000e+03,4.618120000000001382e-04,2.014619642697846810e-03
2.504500000000000000e+03,-6.357399999999987616e-05,1.765704065713164395e-03
2.505000000000000000e+03,-4.839019999999998674e-04,1.557999337764300919e-03
2.505500000000000000e+03,-7.471780000000000348e-04,1.445029797116308742e-03
2.506000000000000000e+03,-8.169920000000001088e-04,1.439012805187639583e-03
2.506500000000000000e+03,-6.778500000000000237e-04,1.502042808647609685e-03
2.507000000000000000e+03,-3.381319999999999942e-04,1.583139664247598666e-03
2.507500000000000000e+03,1.698619999999999536e-04,1.651409474998251185e-03
2.508000000000000000e+03,7.927799999999998737e-04,1.700304985889296121e-03
2.508500000000000000e+03,1.461591999999999839e-03,1.736771753332601829e-03
2.509000000000000000e+03,2.098833999999999943e-03,1.767681566582624247e-03
2.509500000000000000e+03,2.626851999999999833e-03,1.790896931337479297e-03
2.510000000000000000e+03,2.976236000000000159e-03,1.795189944235985177e-03
2.510500000000000000e+03,3.093683999999999757e-03,1.767828253390583190e-03
2.511000000000000000e+03,2.948626000000000198e-03,1.704838210598295933e-03
2.511500000000000000e+03,2.537946000000000125e-03,1.620030863510322008e-03
2.512000000000000000e+03,1.888161999999999870e-03,1.549466987719970695e-03
2.512500000000000000e+03,1.054502000000000130e-03,1.542664346101899108e-03
2.513000000000000000e+03,1.165300000000000651e-04,1.631403450692071790e-03
2.513500000000000000e+03,-8.296319999999999606e-04,1.798924966932751238e-03
2.514000000000000000e+03,-1.681863999999999928e-03,1.988766084778700004e-03
2.514500000000000000e+03,-2.344196000000000214e-03,2.136456529858728193e-03
2.515000000000000000e+03,-2.738902000000000090e-03,2.190569923237786418e-03
2.515500000000000000e+03,-2.816721999999999802e-03,2.121765292077330486e-03
2.516000000000000000e+03,-2.563638000000000462e-03,1.928033027734224209e-03
2.516500000000000000e+03,-2.003060000000000083e-03,1.641086625218181197e-03
2.517000000000000000e+03,-1.193199999999999730e-03,1.338804489878936540e-03
2.517500000000000000e+03,-2.200480000000001131e-04,1.157302490895962578e-03
2.518000000000000000e+03,8.127519999999999190e-04,1.214231761515897727e-03
2.518500000000000000e+03,1.795720000000000215e-03,1.444698005394206685e-03
2.519000000000000000e+03,2.625399999999999956e-03,1.692396436991049774e-03
2.519500000000000000e+03,3.215159999999999459e-03,1.852246268772054843e-03
2.520000000000000000e+03,3.504059999999999814e-03,1.877157487279636737e-03
2.520500000000000000e+03,3.463263999999999752e-03,1.765302229066173208e-03
2.521000000000000000e+03,3.099603999999999727e-03,1.561995956142652733e-03
2.521500000000000000e+03,2.455834000000000055e-03,1.374393919509978154e-03
2.522000000000000000e+03,1.607207999999999944e-03,1.359413290612534759e-03
2.522500000000000000e+03,6.541459999999999810e-04,1.584124485994077352e-03
2.523000000000000000e+03,-2.885960000000000131e-04,1.939866370298738013e-03
2.523500000000000000e+03,-1.105389999999999932e-03,2.282646496571468561e-03
2.524000000000000000e+03,-1.694062000000000085e-03,2.511943045135378930e-03
2.524500000000000000e+03,-1.979059999999999934e-03,2.568733537989100445e-03
2.525000000000000000e+03,-1.921393999999999880e-03,2.428685527285490316e-03
2.525500000000000000e+03,-1.523638000000000119e-03,2.100794725101432035e-03
2.526000000000000000e+03,-8.293619999999998294e-04,1.630944135595698355e-03
2.526500000000000000e+03,8.282799999999995982e-05,1.123398462654279966e-03
2.527000000000000000e+03,1.109348000000000018e-03,8.301641010932717633e-04
2.527500000000000000e+03,2.134141999999999897e-03,1.029797754063388818e-03
2.528000000000000000e+03,3.041767999999999816e-03,1.449536000558109732e-03
2.528500000000000000e+03,3.729535999999999876e-03,1.809176899928804450e-03
2.529000000000000000e+03,4.117804000000000082e-03,2.005087386802879672e-03
2.529500000000000000e+03,4.157753999999999617e-03,2.004678933683895145e-03
2.530000000000000000e+03,3.836467999999999996e-03,1.821982536248358204e-03
2.530500000000000000e+03,3.178924000000000506e-03,1.525224996259896132e-03
2.531000000000000000e+03,2.246600000000000073e-03,1.270766742612506424e-03
2.531500000000000000e+03,1.132343999999999972e-03,1.295364837559673764e-03
2.532000000000000000e+03,-4.862599999999987630e-05,1.643649779361771365e-03
2.532500000000000000e+03,-1.171055999999999963e-03,2.113965616836281473e-03
2.533000000000000000e+03,-2.114096000000000204e-03,2.536418863631557247e-03
2.533500000000000000e+03,-2.776034000000000140e-03,2.816685403126519341e-03
2.534000000000000000e+03,-3.086975999999999522e-03,2.908892205855348988e-03
2.534500000000000000e+03,-3.017542000000000228e-03,2.806338792564789207e-03
2.535000000000000000e+03,-2.582056000000000108e-03,2.543243017345373554e-03
2.535500000000000000e+03,-1.835996000000000112e-03,2.204053249337683401e-03
2.536000000000000000e+03,-8.682759999999999654e-04,1.934923089604855722e-03
2.536500000000000000e+03,2.101760000000001236e-04,1.902973970128336032e-03
2.537000000000000000e+03,1.279667999999999865e-03,2.138638634504202215e-03
2.537500000000000000e+03,2.225088000000000066e-03,2.496688603857917608e-03
2.538000000000000000e+03,2.947941999999999403e-03,2.815833183829254995e-03
2.538500000000000000e+03,3.376105999999999378e-03,2.994073178607363581e-03
2.539000000000000000e+03,3.470730000000000429e-03,2.985722070305606938e-03
2.539500000000000000e+03,3.229916000000000210e-03,2.794229244825126822e-03
2.540000000000000000e+03,2.688904000000000207e-03,2.473730735424937034e-03
2.540500000000000000e+03,1.916516000000000053e-03,2.138541547346227683e-03
2.541000000000000000e+03,1.007968000000000145e-03,1.958587962508704598e-03
2.541500000000000000e+03,7.433600000000010956e-05,2.057120046644337220e-03
2.542000000000000000e+03,-7.703700000000000391e-04,2.366453999855056955e-03
2.542500000000000000e+03,-1.422937999999999894e-03,2.712088891969435464e-03
2.543000000000000000e+03,-1.803745999999999518e-03,2.953486725293682277e-03
2.543500000000000000e+03,-1.866568000000000307e-03,3.009477174122441711e-03
2.544000000000000000e+03,-1.603930000000000373e-03,2.847577762792439897e-03
2.544500000000000000e+03,-1.047307999999999616e-03,2.477744065224251821e-03
2.545000000000000000e+03,-2.623499999999998446e-04,1.955472644528682795e-03
2.545500000000000000e+03,6.599020000000000797e-04,1.409052988249199969e-03
2.546000000000000000e+03,1.614312000000000125e-03,1.122225987537269539e-03
2.546500000000000000e+03,2.493928000000000290e-03,1.352769976848983624e-03
2.547000000000000000e+03,3.201803999999999935e-03,1.830955609157687829e-03
2.547500000000000000e+03,3.661315999999999963e-03,2.258956818402246478e-03
2.548000000000000000e+03,3.824056000000000156e-03,2.509764920640178074e-03
2.548500000000000000e+03,3.674713999999999932e-03,2.539928582461719372e-03
2.549000000000000000e+03,3.232424000000000235e-03,2.363879293683584116e-03
2.549500000000000000e+03,2.548387999999999955e-03,2.060092575513051624e-03
2.550000000000000000e+03,1.699938000000000230e-03,1.793264513311965342e-03
2.550500000000000000e+03,7.815679999999998462e-04,1.786068637128483683e-03
2.551000000000000000e+03,-1.059460000000000729e-04,2.101420990250644615e-03
2.551500000000000000e+03,-8.671020000000000203e-04,2.563508692160804733e-03
2.552000000000000000e+03,-1.422489999999999779e-03,2.980841155229509935e-03
2.552500000000000000e+03,-1.717499999999999843e-03,3.234353250569578682e-03
2.553000000000000000e+03,-1.727940000000000075e-03,3.265337701725504627e-03
2.553500000000000000e+03,-1.462067999999999961e-03,3.064768594581652409e-03
2.554000000000000000e+03,-9.588939999999998489e-04,2.673361943146867863e-03
2.554500000000000000e+03,-2.832679999999999855e-04,2.193732062842679732e-03
2.555000000000000000e+03,4.816140000000000004e-04,1.817816102576385413e-03
2.555500000000000000e+03,1.243359999999999995e-03,1.784597345282682834e-03
2.556000000000000000e+03,1.910440000000000011e-03,2.105120310756608635e-03
2.556500000000000000e+03,2.402294000000000131e-03,2.541392247768140163e-03
2.557000000000000000e+03,2.658605999999999990e-03,2.895102091346003336e-03
2.557500000000000000e+03,2.646810000000000308e-03,3.068230677828836378e-03
2.558000000000000000e+03,2.366681999999999727e-03,3.036334456322951989e-03
2.558500000000000000e+03,1.851135999999999754e-03,2.838190893355483756e-03
2.559000000000000000e+03,1.162686000000000015e-03,2.577288622037896947e-03
2.559500000000000000e+03,3.859000000000001101e-04,2.411055167695255741e-03
2.560000000000000000e+03,-3.832440000000003578e-04,2.471174919540501062e-03
2.560500000000000000e+03,-1.049468000000000015e-03,2.738398671752161236e-03
2.561000000000000000e+03,-1.530036000000000026e-03,3.065486622408585687e-03
2.561500000000000000e+03,-1.764697999999999874e-03,3.302087243237828307e-03
2.562000000000000000e+03,-1.722569999999999657e-03,3.349903658468404363e-03
2.562500000000000000e+03,-1.405313999999999956e-03,3.165316352149655406e-03
2.563000000000000000e+03,-8.465000000000000302e-04,2.753672891267224931e-03
2.563500000000000000e+03,-1.074999999999999160e-04,2.167653067294210856e-03
2.564000000000000000e+03,7.294079999999999661e-04,1.522581890150411562e-03
2.564500000000000000e+03,1.569976000000000054e-03,1.075906191815067039e-03
2.565000000000000000e+03,2.318161999999999914e-03,1.186863023210344911e-03
2.565500000000000000e+03,2.886748000000000178e-03,1.637433798104216383e-03
2.566000000000000000e+03,3.207596000000000058e-03,2.048534272555868358e-03
2.566500000000000000e+03,3.240500000000000325e-03,2.268345418641085510e-03
2.567000000000000000e+03,2.979387999999999915e-03,2.248028750586611099e-03
2.567500000000000000e+03,2.454648000000000246e-03,1.998598675445873146e-03
2.568000000000000000e+03,1.730605999999999768e-03,1.597852315517926539e-03
2.568500000000000000e+03,8.980060000000001296e-04,1.247992185102134209e-03
2.569000000000000000e+03,6.229999999999994223e-05,1.300249151589801975e-03
2.569500000000000000e+03,-6.704320000000001025e-04,1.778275617027349521e-03
2.570000000000000000e+03,-1.207692000000000010e-03,2.364043298762524836e-03
2.570500000000000000e+03,-1.482618000000000217e-03,2.853159495973542695e-03
2.571000000000000000e+03,-1.462132000000000102e-03,3.145034667563141595e-03
2.571500000000000000e+03,-1.150366000000000322e-03,3.195149674870646772e-03
2.572000000000000000e+03,-5.873120000000000987e-04,3.002459856719819076e-03
2.572500000000000000e+03,1.566339999999999508e-04,2.607380513877097846e-03
2.573000000000000000e+03,9.890520000000002469e-04,2.096567196982724538e-03
2.573500000000000000e+03,1.805659999999999947e-03,1.623056504142723986e-03
2.574000000000000000e+03,2.501293999999999827e-03,1.417026610334470730e-03
2.574500000000000000e+03,2.980920000000000184e-03,1.583627314259892409e-03
2.575000000000000000e+03,3.170140000000000544e-03,1.916521087770755747e-03
2.575500000000000000e+03,3.024555999999999859e-03,2.195858848452240508e-03
2.576000000000000000e+03,2.536964000000000059e-03,2.315157605131019924e-03
2.576500000000000000e+03,1.741198000000000008e-03,2.244173040187409304e-03
2.577000000000000000e+03,7.112839999999999614e-04,2.010475125910788155e-03
2.577500000000000000e+03,-4.449300000000000650e-04,1.707644778245756599e-03
2.578000000000000000e+03,-1.597534000000000063e-03,1.515817709711824281e-03
2.578500000000000000e+03,-2.610449999999999837e-03,1.622078627308183151e-03
2.579000000000000000e+03,-3.359183999999999868e-03,1.987723204816505603e-03
2.579500000000000000e+03,-3.747565999999999918e-03,2.417908834843861439e-03
2.580000000000000000e+03,-3.720760000000000040e-03,2.760786916621780964e-03
2.580500000000000000e+03,-3.272645999999999715e-03,2.930749252204289425e-03
2.581000000000000000e+03,-2.446630000000000419e-03,2.890384979072856391e-03
2.581500000000000000e+03,-1.330175999999999971e-03,2.641358088579812656e-03
2.582000000000000000e+03,-4.431600000000012255e-05,2.221375550334972297e-03
2.582500000000000000e+03,1.270169999999999936e-03,1.708124091821200050e-03
2.583000000000000000e+03,2.468138000000000363e-03,1.244436819972793897e-03
2.583500000000000000e+03,3.415465999999999815e-03,1.070819312202576923e-03
2.584000000000000000e+03,4.003333999999999886e-03,1.275927520341966614e-03
2.584500000000000000e+03,4.160424000000000240e-03,1.603089214047677185e-03
2.585000000000000000e+03,3.862089999999999881e-03,1.844995848938419660e-03
2.585500000000000000e+03,3.135382000000000360e-03,1.912682640600368725e-03
2.586000000000000000e+03,2.058691999999999987e-03,1.775862176376308537e-03
2.586500000000000000e+03,7.552660000000000970e-04,1.441950119045731608e-03
2.587000000000000000e+03,-6.197599999999999073e-04,9.580160823911048002e-04
2.587500000000000000e+03,-1.897540000000000077e-03,4.980266079538320711e-04
2.588000000000000000e+03,-2.916964000000000189e-03,7.075959747596079815e-04
2.588500000000000000e+03,-3.546045999999999747e-03,1.329895255340058551e-03
2.589000000000000000e+03,-3.699939999999999653e-03,1.936873965928087929e-03
2.589500000000000000e+03,-3.352605999999999729e-03,2.421086713985271324e-03
2.590000000000000000e+03,-2.540322000000000240e-03,2.729190884680659287e-03
2.590500000000000000e+03,-1.356716000000000215e-03,2.836638253844857294e-03
2.591000000000000000e+03,5.958399999999993639e-05,2.746909937843976593e-03
2.591500000000000000e+03,1.542417999999999827e-03,2.493237630456431129e-03
2.592000000000000000e+03,2.917942000000000192e-03,2.142348032732777074e-03
2.592500000000000000e+03,4.024231999999999983e-03,1.801455258054998143e-03
2.593000000000000000e+03,4.728565999999999152e-03,1.610551500469947382e-03
2.593500000000000000e+03,4.941131999999999989e-03,1.654045085762174743e-03
2.594000000000000000e+03,4.624440000000000495e-03,1.855091928509204537e-03
2.594500000000000000e+03,3.797972000000000153e-03,2.062958328048339514e-03
2.595000000000000000e+03,2.537814000000000215e-03,2.165716094460674781e-03
2.595500000000000000e+03,9.707000000000000134e-04,2.104181248046374780e-03
2.596000000000000000e+03,-7.376199999999998123e-04,1.861325972520665173e-03
2.596500000000000000e+03,-2.399403999999999947e-03,1.460073688282889333e-03
2.597000000000000000e+03,-3.825985999999999970e-03,9.859931989501752401e-04
2.597500000000000000e+03,-4.850619999999999932e-03,7.199284348114053014e-04
2.598000000000000000e+03,-5.349922000000000011e-03,1.028879857526621014e-03
2.598500000000000000e+03,-5.260579999999999944e-03,1.579304739757339928e-03
2.599000000000000000e+03,-4.588423999999999801e-03,2.087270586365361225e-03
2.599500000000000000e+03,-3.408269999999999269e-03,2.446745577147325761e-03
2.600000000000000000e+03,-1.854458000000000235e-03,2.607434164640403361e-03
2.600500000000000000e+03,-1.037240000000001745e-04,2.553471619953117788e-03
2.601000000000000000e+03,1.646725999999999832e-03,2.301676165494616171e-03
2.601500000000000000e+03,3.202628000000000332e-03,1.905209627792700143e-03
2.602000000000000000e+03,4.394351999999999807e-03,1.468266922113959380e-03
2.602500000000000000e+03,5.094619999999999357e-03,1.179152590409739913e-03
2.603000000000000000e+03,5.230983999999999287e-03,1.230882328805641551e-03
2.603500000000000000e+03,4.792578000000000463e-03,1.520317038191047960e-03
2.604000000000000000e+03,3.831189999999999509e-03,1.807034717137443076e-03
2.604500000000000000e+03,2.456586000000000186e-03,1.950180221806692080e-03
2.605000000000000000e+03,8.261999999999998078e-04,1.887169508510033082e-03
2.605500000000000000e+03,-8.706240000000000723e-04,1.604752153494738058e-03
2.606000000000000000e+03,-2.433005999999999711e-03,1.137865064094156905e-03
2.606500000000000000e+03,-3.671792000000000111e-03,6.398182931848698336e-04
2.607000000000000000e+03,-4.432928000000000042e-03,7.397894558683571972e-04
2.607500000000000000e+03,-4.617634000000000669e-03,1.406902993477517723e-03
2.608000000000000000e+03,-4.196121999999999179e-03,2.112702577745859123e-03
2.608500000000000000e+03,-3.212271999999999957e-03,2.703114867282557787e-03
2.609000000000000000e+03,-1.778304000000000083e-03,3.102612508807053599e-03
2.609500000000000000e+03,-6.018999999999998445e-05,3.270624276285797379e-03
2.610000000000000000e+03,1.743828000000000001e-03,3.200027536769645044e-03
2.610500000000000000e+03,3.428003999999999687e-03,2.920085225664826017e-03
2.611000000000000000e+03,4.803476000000000100e-03,2.501861138206115578e-03
2.611500000000000000e+03,5.719020000000000006e-03,2.069463016212176685e-03
2.612000000000000000e+03,6.076150000000000648e-03,1.802905667612701279e-03
2.612500000000000000e+03,5.837662000000000406e-03,1.838204067410362198e-03
2.613000000000000000e+03,5.029772000000000062e-03,2.094661120991650558e-03
2.613500000000000000e+03,3.738368000000000160e-03,2.375543536718280856e-03
2.614000000000000000e+03,2.100078000000000014e-03,2.538820472320561794e-03
2.614500000000000000e+03,2.887580000000002328e-04,2.516628645927721820e-03
2.615000000000000000e+03,-1.501902000000000055e-03,2.298434672183222519e-03
2.615500000000000000e+03,-3.078580000000000032e-03,1.927743079741177194e-03
2.616000000000000000e+03,-4.269582000000000065e-03,1.522492383492935397e-03
2.616500000000000000e+03,-4.944915999999999721e-03,1.317695760593468870e-03
2.617000000000000000e+03,-5.032399999999999374e-03,1.516148202699854879e-03
2.617500000000000000e+03,-4.527304000000000224e-03,1.965524773745169242e-03
2.618000000000000000e+03,-3.493682000000000124e-03,2.422737297162860185e-03
2.618500000000000000e+03,-2.056813999999999691e-03,2.750922364305470168e-03
2.619000000000000000e+03,-3.875979999999999573e-04,2.885577302799909559e-03
2.619500000000000000e+03,1.318720000000000005e-03,2.809780228048093867e-03
2.620000000000000000e+03,2.866393999999999973e-03,2.549197073430377238e-03
2.620500000000000000e+03,4.082139999999999727e-03,2.176752733676932689e-03
2.621000000000000000e+03,4.834263999999999575e-03,1.825303169425835249e-03
2.621500000000000000e+03,5.045978000000000442e-03,1.675903703431077347e-03
2.622000000000000000e+03,4.701944000000000436e-03,1.814783780373298034e-03
2.622500000000000000e+03,3.848154000000000331e-03,2.113233136210011104e-03
2.623000000000000000e+03,2.585762000000000130e-03,2.390506856966529998e-03
2.623500000000000000e+03,1.059848000000000170e-03,2.532999826374649020e-03
2.624000000000000000e+03,-5.558320000000002443e-04,2.493049517878455617e-03
2.624500000000000000e+03,-2.077010000000000228e-03,2.278039812196002659e-03
2.625000000000000000e+03,-3.328547999999999750e-03,1.956289392895130871e-03
2.625500000000000000e+03,-4.163938000000000708e-03,1.682602588882472572e-03
2.626000000000000000e+03,-4.482439999999999862e-03,1.681694422768298305e-03
2.626500000000000000e+03,-4.241688000000000403e-03,2.024616139075256869e-03
2.627000000000000000e+03,-3.463770000000000130e-03,2.538150958313945427e-03
2.627500000000000000e+03,-2.233401999999999783e-03,3.036933793159475505e-03
2.628000000000000000e+03,-6.880820000000002334e-04,3.405471899862631650e-03
2.628500000000000000e+03,9.987020000000004002e-04,3.581023750142408712e-03
2.629000000000000000e+03,2.638886000000000009e-03,3.541690930697651441e-03
2.629500000000000000e+03,4.052726000000000418e-03,3.303880641941533275e-03
2.630000000000000000e+03,5.089917999999999700e-03,2.924310739318583194e-03
2.630500000000000000e+03,5.646023999999999488e-03,2.505363990731885454e-03
2.631000000000000000e+03,5.672498000000000644e-03,2.194303735949970982e-03
2.631500000000000000e+03,5.179491999999999083e-03,2.126927163471753739e-03
2.632000000000000000e+03,4.232115999999999309e-03,2.299134219154244652e-03
2.632500000000000000e+03,2.941242000000000162e-03,2.566932468048974212e-03
2.633000000000000000e+03,1.450491999999999840e-03,2.784434759773336820e-03
2.633500000000000000e+03,-7.920200000000026253e-05,2.864935858530518690e-03
2.634000000000000000e+03,-1.486059999999999768e-03,2.777343148573830581e-03
2.634500000000000000e+03,-2.623850000000000054e-03,2.538476222187239541e-03
2.635000000000000000e+03,-3.376855999999999695e-03,2.215187433267442295e-03
2.635500000000000000e+03,-3.672176000000000086e-03,1.933893156486676162e-03
2.636000000000000000e+03,-3.487826000000000294e-03,1.857309099597048620e-03
2.636500000000000000e+03,-2.855498000000000151e-03,2.049851832346425828e-03
2.637000000000000000e+03,-1.857209999999999764e-03,2.396050058005883780e-03
2.637500000000000000e+03,-6.157980000000000832e-04,2.734983862633196504e-03
2.638000000000000000e+03,7.196980000000000608e-04,2.955639343491353339e-03
2.638500000000000000e+03,1.991986000000000277e-03,3.002730122457893547e-03
2.639000000000000000e+03,3.054399999999999650e-03,2.870630882720730161e-03
2.639500000000000000e+03,3.787898000000000046e-03,2.604802236040962629e-03
2.640000000000000000e+03,4.114088000000000120e-03,2.309078013778226388e-03
2.640500000000000000e+03,4.002689999999999720e-03,2.139040017874840969e-03
2.641000000000000000e+03,3.473024000000000337e-03,2.217333584365690537e-03
2.641500000000000000e+03,2.590080000000000247e-03,2.505508331387066266e-03
2.642000000000000000e+03,1.456156000000000117e-03,2.850055120880296000e-03
2.642500000000000000e+03,1.995079999999998794e-04,3.110682205671932640e-03
2.643000000000000000e+03,-1.038939999999999482e-03,3.201267990692125386e-03
2.643500000000000000e+03,-2.119670000000000148e-03,3.087580124333617979e-03
2.644000000000000000e+03,-2.918624000000000739e-03,2.785667247353136155e-03
2.644500000000000000e+03,-3.340196000000000137e-03,2.371293236283947715e-03
2.645000000000000000e+03,-3.328000000000000229e-03,2.005356051403341458e-03
2.645500000000000000e+03,-2.872120000000000142e-03,1.924316050192899233e-03
2.646000000000000000e+03,-2.011572000000000100e-03,2.226465569685280241e-03
2.646500000000000000e+03,-8.312400000000001255e-04,2.735899126778982681e-03
2.647000000000000000e+03,5.469380000000006103e-04,3.241330830207555212e-03
2.647500000000000000e+03,1.977632000000000435e-03,3.613970887994810265e-03
2.648000000000000000e+03,3.308992000000000183e-03,3.792708477335689308e-03
2.648500000000000000e+03,4.400499999999999898e-03,3.767724019594587744e-03
2.649000000000000000e+03,5.139237999999999966e-03,3.574005757129386420e-03
2.649500000000000000e+03,5.452524000000000259e-03,3.286772516383815786e-03
2.650000000000000000e+03,5.315302000000000048e-03,3.009932599515144878e-03
2.650500000000000000e+03,4.751845999999999674e-03,2.842588450267818749e-03
2.651000000000000000e+03,3.831885999999999626e-03,2.821033869404264861e-03
2.651500000000000000e+03,2.662146000000000217e-03,2.889337399720912254e-03
2.652000000000000000e+03,1.374418000000000081e-03,2.943487060505617283e-03
2.652500000000000000e+03,1.115140000000002337e-04,2.893631727968505596e-03
2.653000000000000000e+03,-9.876840000000001746e-04,2.693492321038988817e-03
2.653500000000000000e+03,-1.802807999999999928e-03,2.347929928222731218e-03
2.654000000000000000e+03,-2.244928000000000201e-03,1.921894367995806300e-03
2.654500000000000000e+03,-2.266596000000000062e-03,1.567359412874404960e-03
2.655000000000000000e+03,-1.867797999999999941e-03,1.514394796925161131e-03
2.655500000000000000e+03,-1.096822000000000118e-03,1.822945461631806426e-03
2.656000000000000000e+03,-4.560400000000012783e-05,2.290596946153120039e-03
2.656500000000000000e+03,1.160217999999999970e-03,2.734119924274353800e-03
2.657000000000000000e+03,2.375704000000000184e-03,3.060896385200910248e-03
2.657500000000000000e+03,3.453722000000000215e-03,3.237458124648718346e-03
2.658000000000000000e+03,4.262638000000000017e-03,3.271666450348201336e-03
2.658500000000000000e+03,4.702236000000000263e-03,3.203596068697800447e-03
2.659000000000000000e+03,4.715772000000000019e-03,3.094563221477951692e-03
2.659500000000000000e+03,4.296633999999999697e-03,3.007564077838741426e-03
2.660000000000000000e+03,3.488894000000000196e-03,2.979593048230915787e-03
2.660500000000000000e+03,2.381873999999999970e-03,3.002336257106455464e-03
2.661000000000000000e+03,1.099586000000000053e-03,3.030376582018478974e-03
2.661500000000000000e+03,-2.135780000000002106e-04,3.009486281180560625e-03
2.662000000000000000e+03,-1.409094000000000058e-03,2.901928895453160639e-03
2.662500000000000000e+03,-2.350848000000000000e-03,2.699479704836470727e-03
2.663000000000000000e+03,-2.930159999999999796e-03,2.428321020493377606e-03
2.663500000000000000e+03,-3.077939999999999929e-03,2.150645498639884665e-03
2.664000000000000000e+03,-2.772638000000000012e-03,1.958778805951300050e-03
2.664500000000000000e+03,-2.043203999999999854e-03,1.939182280719375711e-03
2.665000000000000000e+03,-9.665620000000001285e-04,2.107040589287259309e-03
2.665500000000000000e+03,3.404519999999999313e-04,2.400520201655049601e-03
2.666000000000000000e+03,1.733906000000000336e-03,2.745372006101540543e-03
2.666500000000000000e+03,3.059170000000000812e-03,3.091677572162077840e-03
2.667000000000000000e+03,4.169016000000000215e-03,3.410481346516353301e-03
2.667500000000000000e+03,4.941166000000000308e-03,3.680950391077825613e-03
2.668000000000000000e+03,5.293026000000001022e-03,3.881595200402278376e-03
2.668500000000000000e+03,5.191610000000001016e-03,3.988123685254758855e-03
2.669000000000000000e+03,4.657389999999999967e-03,3.976823375932101411e-03
2.669500000000000000e+03,3.761407999999999939e-03,3.830856461656321783e-03
2.670000000000000000e+03,2.616206000000000260e-03,3.546959824797286595e-03
2.670500000000000000e+03,1.361706000000000071e-03,3.140925819166381135e-03
2.671000000000000000e+03,1.480520000000000794e-04,2.651435915799965105e-03
2.671500000000000000e+03,-8.823839999999999462e-04,2.142881628948738702e-03
2.672000000000000000e+03,-1.611542000000000096e-03,1.705952564901497921e-03
2.672500000000000000e+03,-1.958862000000000450e-03,1.438640928760196065e-03
2.673000000000000000e+03,-1.889707999999999926e-03,1.370464449839542409e-03
2.673500000000000000e+03,-1.418381999999999933e-03,1.410562606548890511e-03
2.674000000000000000e+03,-6.056040000000000381e-04,1.449070627956415168e-03
2.674500000000000000e+03,4.490519999999998606e-04,1.456886069915557837e-03
2.675000000000000000e+03,1.618791999999999757e-03,1.502223231262251549e-03
2.675500000000000000e+03,2.764106000000000115e-03,1.702061747359948172e-03
2.676000000000000000e+03,3.748574000000000177e-03,2.102113892976781567e-03
2.676500000000000000e+03,4.454340000000000209e-03,2.633051467379625421e-03
2.677000000000000000e+03,4.795596000000000060e-03,3.183098621754594949e-03
2.677500000000000000e+03,4.728575999999999960e-03,3.649703225097350283e-03
2.678000000000000000e+03,4.256758000000000243e-03,3.953882590256569893e-03
2.678500000000000000e+03,3.430542000000000400e-03,4.045790162454548575e-03
2.679000000000000000e+03,2.341259999999999956e-03,3.909458236368562947e-03
2.679500000000000000e+03,1.110073999999999740e-03,3.567108817414461029e-03
2.680000000000000000e+03,-1.267779999999999168e-04,3.083374480325735186e-03
2.680500000000000000e+03,-1.234472000000000347e-03,2.570250026801672479e-03
2.681000000000000000e+03,-2.095528000000000148e-03,2.182980975018792864e-03
2.681500000000000000e+03,-2.622948000000000380e-03,2.053577677823266705e-03
2.682000000000000000e+03,-2.769034000000000079e-03,2.151891442646677952e-03
2.682500000000000000e+03,-2.528977999999999868e-03,2.305196999064071297e-03
2.683000000000000000e+03,-1.939369999999999939e-03,2.361033827517089369e-03
2.683500000000000000e+03,-1.072264000000000073e-03,2.251409859977965364e-03
2.684000000000000000e+03,-2.603400000000012716e-05,1.995082101815862183e-03
2.684500000000000000e+03,1.085803999999999676e-03,1.715354864121706796e-03
2.685000000000000000e+03,2.146498000000000156e-03,1.655950800632071925e-03
2.685500000000000000e+03,3.047769999999999993e-03,1.983793948826339301e-03
2.686000000000000000e+03,3.700381999999999890e-03,2.558358882775049400e-03
2.686500000000000000e+03,4.042895999999999816e-03,3.159031690965761249e-03
2.687000000000000000e+03,4.047908000000000235e-03,3.635123524457456283e-03
2.687500000000000000e+03,3.725053999999999779e-03,3.895265409358648727e-03
2.688000000000000000e+03,3.120241999999999634e-03,3.892505897325526047e-03
2.688500000000000000e+03,2.310732000000000237e-03,3.619749517939604196e-03
2.689000000000000000e+03,1.396345999999999699e-03,3.108043223709412543e-03
2.689500000000000000e+03,4.875160000000000669e-04,2.425658907737441878e-03
2.690000000000000000e+03,-3.081360000000000327e-04,1.684296660539941811e-03
2.690500000000000000e+03,-8.988699999999998557e-04,1.084906973482058484e-03
2.691000000000000000e+03,-1.219435999999999957e-03,9.721536493507597007e-04
2.691500000000000000e+03,-1.237818000000000121e-03,1.277399250381023232e-03
2.692000000000000000e+03,-9.573720000000000624e-04,1.574505121495004727e-03
2.692500000000000000e+03,-4.145559999999999523e-04,1.692513716300697883e-03
2.693000000000000000e+03,3.267720000000000759e-04,1.608673154973999262e-03
2.693500000000000000e+03,1.183313999999999980e-03,1.390946641494920661e-03
2.694000000000000000e+03,2.061219999999999893e-03,1.227275296846636575e-03
2.694500000000000000e+03,2.865047999999999814e-03,1.379194409560885459e-03
2.695000000000000000e+03,3.506195999999999618e-03,1.846753608759435679e-03
2.695500000000000000e+03,3.910658000000000016e-03,2.416223142380272398e-03
2.696000000000000000e+03,4.025934000000000110e-03,2.924858279386541478e-03
2.696500000000000000e+03,3.826788000000000238e-03,3.275358919448981276e-03
2.697000000000000000e+03,3.319256000000000463e-03,3.413193765417662541e-03
2.697500000000000000e+03,2.541985999999999985e-03,3.319614325102540620e-03
2.698000000000000000e+03,1.564043999999999894e-03,3.010829991780671500e-03
2.698500000000000000e+03,4.787179999999998303e-04,2.539652749580934097e-03
2.699000000000000000e+03,-6.063720000000000958e-04,2.002884494478900448e-03
2.699500000000000000e+03,-1.581720000000000001e-03,1.561154964547081456e-03
2.700000000000000000e+03,-2.349062000000000285e-03,1.419885996851155728e-03
2.700500000000000000e+03,-2.833022000000000144e-03,1.602946683453320472e-03
2.701000000000000000e+03,-2.989463999999999837e-03,1.891261514314189094e-03
2.701500000000000000e+03,-2.809438000000000039e-03,2.105276250277858443e-03
2.702000000000000000e+03,-2.318622000000000218e-03,2.170299572546149480e-03
2.702500000000000000e+03,-1.572955999999999920e-03,2.080836290063684847e-03
2.703000000000000000e+03,-6.516679999999999955e-04,1.885279654421062167e-03
2.703500000000000000e+03,3.510420000000000857e-04,1.685910318544257694e-03
2.704000000000000000e+03,1.334696000000000016e-03,1.621218857818400739e-03
2.704500000000000000e+03,2.201253999999999711e-03,1.768543316921018750e-03
2.705000000000000000e+03,2.863590000000000059e-03,2.060475408290523766e-03
2.705500000000000000e+03,3.253760000000000072e-03,2.370267637162521215e-03
2.706000000000000000e+03,3.330605999999999844e-03,2.600257763714205507e-03
2.706500000000000000e+03,3.085801999999999469e-03,2.694240969390822478e-03
2.707000000000000000e+03,2.547069999999999803e-03,2.629584152625657253e-03
2.707500000000000000e+03,1.777269999999999848e-03,2.410420591033855028e-03
2.708000000000000000e+03,8.685999999999999711e-04,2.062103456422591588e-03
2.708500000000000000e+03,-6.791800000000011782e-05,1.625765953399811942e-03
2.709000000000000000e+03,-9.163560000000001149e-04,1.153655555482657876e-03
2.709500000000000000e+03,-1.571041999999999925e-03,7.123737527337738358e-04
2.710000000000000000e+03,-1.950365999999999819e-03,4.335374976469740372e-04
2.710500000000000000e+03,-2.006949999999999967e-03,5.185603753855475657e-04
2.711000000000000000e+03,-1.732732000000000066e-03,7.896535200035517980e-04
2.711500000000000000e+03,-1.158617999999999931e-03,1.086265935056420634e-03
2.712000000000000000e+03,-3.494060000000001848e-04,1.393735352395138139e-03
2.712500000000000000e+03,6.046219999999999720e-04,1.717856020152445711e-03
2.713000000000000000e+03,1.597897999999999940e-03,2.051334055258674949e-03
2.713500000000000000e+03,2.520273999999999865e-03,2.370497916629753059e-03
2.714000000000000000e+03,3.267443999999999991e-03,2.643209778476918442e-03
2.714500000000000000e+03,3.750727999999999614e-03,2.838784915407294249e-03
2.715000000000000000e+03,3.905898000000000096e-03,2.935659833222166362e-03
2.715500000000000000e+03,3.700671999999999903e-03,2.925826139174028066e-03
2.716000000000000000e+03,3.139886000000000153e-03,2.816017904912183033e-03
2.716500000000000000e+03,2.267245999999999671e-03,2.625785060281209983e-03
2.717000000000000000e+03,1.162565999999999860e-03,2.382712556924564996e-03
2.717500000000000000e+03,-6.592000000000008714e-05,2.115504735232232991e-03
2.718000000000000000e+03,-1.293639999999999981e-03,1.846988543981797687e-03
2.718500000000000000e+03,-2.394637999999999715e-03,1.591422144914415859e-03
2.719000000000000000e+03,-3.257042000000000357e-03,1.361591215818463031e-03
2.719500000000000000e+03,-3.796565999999999916e-03,1.187767517600140429e-03
2.720000000000000000e+03,-3.965884000000000249e-03,1.132993587486707827e-03
2.720500000000000000e+03,-3.758717999999999868e-03,1.253113850108600411e-03
2.721000000000000000e+03,-3.208553999999999747e-03,1.521529438244952244e-03
2.721500000000000000e+03,-2.382842000000000033e-03,1.853375882090300747e-03
2.722000000000000000e+03,-1.374198000000000303e-03,2.166157678098249578e-03
2.722500000000000000e+03,-2.901580000000001042e-04,2.396645404179349910e-03
2.723000000000000000e+03,7.572939999999999360e-04,2.502381185056745238e-03
2.723500000000000000e+03,1.661688000000000141e-03,2.464445352586256636e-03
2.724000000000000000e+03,2.331277999999999996e-03,2.292455975844247089e-03
2.724500000000000000e+03,2.697334000000000016e-03,2.031839996182277855e-03
2.725000000000000000e+03,2.721201999999999822e-03,1.772666703747210245e-03
2.725500000000000000e+03,2.399382000000000251e-03,1.640540343750802139e-03
2.726000000000000000e+03,1.765657999999999811e-03,1.713870160993533325e-03
2.726500000000000000e+03,8.892260000000002306e-04,1.929630555014612064e-03
2.727000000000000000e+03,-1.315820000000000422e-04,2.150981257343726784e-03
2.727500000000000000e+03,-1.179863999999999869e-03,2.267037204603400153e-03
2.728000000000000000e+03,-2.133673999999999901e-03,2.215615374320642397e-03
2.728500000000000000e+03,-2.880760000000000438e-03,1.982234420327222066e-03
2.729000000000000000e+03,-3.332121999999999862e-03,1.609724201813465773e-03
2.729500000000000000e+03,-3.432496000000000158e-03,1.246237239728455485e-03
2.730000000000000000e+03,-3.166256000000000105e-03,1.213856672340684348e-03
2.730500000000000000e+03,-2.558248000000000379e-03,1.647404479808768770e-03
2.731000000000000000e+03,-1.669956000000000218e-03,2.267690378353270746e-03
2.731500000000000000e+03,-5.919859999999995325e-04,2.851343535320849387e-03
2.732000000000000000e+03,5.657919999999998575e-04,3.280046399651077860e-03
2.732500000000000000e+03,1.685206000000000291e-03,3.487291859168945192e-03
2.733000000000000000e+03,2.650857999999999860e-03,3.444008166635787339e-03
2.733500000000000000e+03,3.360772000000000152e-03,3.157112854218866761e-03
2.734000000000000000e+03,3.735975999999999794e-03,2.671657058693349251e-03
2.734500000000000000e+03,3.728658000000000146e-03,2.078901658514418094e-03
2.735000000000000000e+03,3.328135999999999768e-03,1.543893555885897167e-03
2.735500000000000000e+03,2.563684000000000102e-03,1.328140759150173720e-03
2.736000000000000000e+03,1.503436000000000139e-03,1.525923832760338111e-03
2.736500000000000000e+03,2.487480000000000246e-04,1.862299278653675423e-03
2.737000000000000000e+03,-1.075883999999999825e-03,2.099655259711936603e-03
2.737500000000000000e+03,-2.336364000000000062e-03,2.141295765392067525e-03
2.738000000000000000e+03,-3.404292000000000602e-03,1.978278709306148520e-03
2.738500000000000000e+03,-4.171792000000000555e-03,1.682290961788120414e-03
2.739000000000000000e+03,-4.563662000000000447e-03,1.443814508385339547e-03
2.739500000000000000e+03,-4.545234000000000427e-03,1.543114660446850799e-03
2.740000000000000000e+03,-4.125028000000000201e-03,2.007209368283239224e-03
2.740500000000000000e+03,-3.352417999999999371e-03,2.599763295831756822e-03
2.741000000000000000e+03,-2.311199999999999366e-03,3.129029610837838829e-03
2.741500000000000000e+03,-1.110305999999999923e-03,3.482271816674568574e-03
2.742000000000000000e+03,1.270099999999999647e-04,3.598057110084552576e-03
2.742500000000000000e+03,1.274566000000000414e-03,3.457276568842301834e-03
2.743000000000000000e+03,2.214597999999999914e-03,3.084046919527003595e-03
2.743500000000000000e+03,2.848570000000000355e-03,2.554308525339098104e-03
2.744000000000000000e+03,3.107011999999999708e-03,2.021198316329696470e-03
2.744500000000000000e+03,2.957574000000000140e-03,1.744980638261066971e-03
2.745000000000000000e+03,2.410302000000000451e-03,1.917945043528098553e-03
2.745500000000000000e+03,1.518875999999999733e-03,2.365059825883057774e-03
2.746000000000000000e+03,3.769199999999996642e-04,2.815279944509959352e-03
2.746500000000000000e+03,-8.909880000000003266e-04,3.119898675044431233e-03
2.747000000000000000e+03,-2.142828000000000267e-03,3.226858188575073075e-03
2.747500000000000000e+03,-3.235624000000000312e-03,3.153243404855704968e-03
2.748000000000000000e+03,-4.042435999999999946e-03,2.977924546073321826e-03
2.748500000000000000e+03,-4.467392000000000585e-03,2.832023030574433962e-03
2.749000000000000000e+03,-4.456586000000000228e-03,2.850865701324072771e-03
2.749500000000000000e+03,-4.003655999999999535e-03,3.077689208865313705e-03
2.750000000000000000e+03,-3.149734000000000388e-03,3.427716512698504667e-03
2.750500000000000000e+03,-1.978434000000000269e-03,3.764455553034993553e-03
2.751000000000000000e+03,-6.069039999999997987e-04,3.971756265327216692e-03
2.751500000000000000e+03,8.257919999999998890e-04,3.975494601302333002e-03
2.752000000000000000e+03,2.171963999999999752e-03,3.744294677817972764e-03
2.752500000000000000e+03,3.289452000000000435e-03,3.287619831136805518e-03
2.753000000000000000e+03,4.055831999999999667e-03,2.656973568757130342e-03
2.753500000000000000e+03,4.381696000000000028e-03,1.960059314376990693e-03
2.754000000000000000e+03,4.221735999999999371e-03,1.420700800779671090e-03
2.754500000000000000e+03,3.582021999999999810e-03,1.397315085005525941e-03
2.755000000000000000e+03,2.521852000000000642e-03,1.850516194823487387e-03
2.755500000000000000e+03,1.149163999999999828e-03,2.404762675942472092e-03
2.756000000000000000e+03,-3.906960000000001096e-04,2.872387467023904475e-03
2.756500000000000000e+03,-1.931688000000000198e-03,3.199803231371266526e-03
2.757000000000000000e+03,-3.307001999999999858e-03,3.396037417992328437e-03
2.757500000000000000e+03,-4.369182000000000100e-03,3.505128841498411901e-03
2.758000000000000000e+03,-5.007435999999999658e-03,3.583945661773627056e-03
2.758500000000000000e+03,-5.159674000000000378e-03,3.676657597297578860e-03
2.759000000000000000e+03,-4.818120000000000389e-03,3.794191511617462081e-03
2.759500000000000000e+03,-4.028404000000000186e-03,3.911813756160433843e-03
2.760000000000000000e+03,-2.883035999999999845e-03,3.985211342542074354e-03
2.760500000000000000e+03,-1.510643999999999572e-03,3.971736262022693489e-03
2.761000000000000000e+03,-6.235000000000025515e-05,3.846200481588290653e-03
2.761500000000000000e+03,1.303523999999999699e-03,3.610016612709143584e-03
2.762000000000000000e+03,2.437435999999999856e-03,3.296754329298135465e-03
2.762500000000000000e+03,3.214238000000000338e-03,2.975591561895550140e-03
2.763000000000000000e+03,3.547163999999999786e-03,2.745673712926574236e-03
2.763500000000000000e+03,3.398665999999999406e-03,2.699740554939677930e-03
2.764000000000000000e+03,2.786325999999999994e-03,2.858271249894943182e-03
2.764500000000000000e+03,1.782434000000000058e-03,3.153121845619988144e-03
2.765000000000000000e+03,5.065360000000001389e-04,3.488230488897773544e-03
2.765500000000000000e+03,-8.886079999999999326e-04,3.792134796301945346e-03
2.766000000000000000e+03,-2.235850000000000164e-03,4.029844614597440956e-03
2.766500000000000000e+03,-3.374555999999999910e-03,4.195020542700118177e-03
2.767000000000000000e+03,-4.170329999999999870e-03,4.296446998726971556e-03
2.767500000000000000e+03,-4.530694000000000041e-03,4.343934608576191861e-03
2.768000000000000000e+03,-4.414786000000001272e-03,4.338387577838799351e-03
2.768500000000000000e+03,-3.836295999999999456e-03,4.270142575982211787e-03
2.769000000000000000e+03,-2.860010000000000070e-03,4.125811032734049040e-03
2.769500000000000000e+03,-1.593090000000000131e-03,3.899375872312131446e-03
2.770000000000000000e+03,-1.725420000000001922e-04,3.602297230110807977e-03
2.770500000000000000e+03,1.249600000000000450e-03,3.269033587461285095e-03
2.771000000000000000e+03,2.522159999999999853e-03,2.955672576218482117e-03
2.771500000000000000e+03,3.510546000000000673e-03,2.727368903112668396e-03
2.772000000000000000e+03,4.111079999999999596e-03,2.630872157085934349e-03
2.772500000000000000e+03,4.262657999999999898e-03,2.667001279949823746e-03
2.773000000000000000e+03,3.954193999999999418e-03,2.796320814664511774e-03
2.773500000000000000e+03,3.226670000000000059e-03,2.975764628291357409e-03
2.774000000000000000e+03,2.168835999999999507e-03,3.187044658006222414e-03
2.774500000000000000e+03,9.067259999999995176e-04,3.438601028689720202e-03
2.775000000000000000e+03,-4.119599999999999521e-04,3.747129733018326678e-03
2.775500000000000000e+03,-1.636376000000000584e-03,4.112333476860309187e-03
2.776000000000000000e+03,-2.631200000000000205e-03,4.501595092261186266e-03
2.776500000000000000e+03,-3.292733999999999418e-03,4.853398081013549255e-03
2.777000000000000000e+03,-3.560157999999999899e-03,5.094008782089405954e-03
2.777500000000000000e+03,-3.420751999999999127e-03,5.157310703590971962e-03
2.778000000000000000e+03,-2.908918000000000354e-03,5.002111353282131904e-03
2.778500000000000000e+03,-2.099778000000000061e-03,4.625832862014579369e-03
2.779000000000000000e+03,-1.098659999999999567e-03,4.076018177311038077e-03
2.779500000000000000e+03,-2.801600000000015325e-05,3.462515829596451208e-03
2.780000000000000000e+03,9.866239999999997477e-04,2.965728714651088681e-03
2.780500000000000000e+03,1.830364000000000340e-03,2.786647396777353330e-03
2.781000000000000000e+03,2.411061999999999407e-03,2.969893173731000865e-03
2.781500000000000000e+03,2.668896000000000462e-03,3.338922651518899404e-03
2.782000000000000000e+03,2.582426000000000079e-03,3.686958758483202189e-03
2.782500000000000000e+03,2.170430000000000102e-03,3.896129976585739705e-03
2.783000000000000000e+03,1.489183999999999950e-03,3.941452160905419000e-03
2.783500000000000000e+03,6.252240000000002873e-04,3.876541846328503214e-03
2.784000000000000000e+03,-3.156080000000002078e-04,3.814577845785034876e-03
2.784500000000000000e+03,-1.221492000000000237e-03,3.879580250293065014e-03
2.785000000000000000e+03,-1.988415999999999795e-03,4.123724788583253871e-03
2.785500000000000000e+03,-2.532511999999999784e-03,4.482905135176741031e-03
2.786000000000000000e+03,-2.799208000000000078e-03,4.822517208704806164e-03
2.786500000000000000e+03,-2.768121999999999163e-03,5.008397570801862743e-03
2.787000000000000000e+03,-2.453405999999999556e-03,4.946643181389373707e-03
2.787500000000000000e+03,-1.899878000000000244e-03,4.598178853061720729e-03
2.788000000000000000e+03,-1.175893999999999594e-03,3.984886192060696324e-03
2.788500000000000000e+03,-3.640999999999998513e-04,3.199072707205949037e-03
2.789000000000000000e+03,4.486020000000000394e-04,2.434551221146106711e-03
2.789500000000000000e+03,1.180728000000000029e-03,2.033454099795222944e-03
2.790000000000000000e+03,1.764559999999999653e-03,2.240523815753806859e-03
2.790500000000000000e+03,2.152354000000000420e-03,2.776348938398413759e-03
2.791000000000000000e+03,2.320065999999999969e-03,3.275439514539384839e-03
2.791500000000000000e+03,2.268323999999999948e-03,3.565947325329694041e-03
2.792000000000000000e+03,2.020801999999999928e-03,3.613777067726231182e-03
2.792500000000000000e+03,1.620257999999999855e-03,3.492383586219302647e-03
2.793000000000000000e+03,1.122731999999999983e-03,3.378089441047113246e-03
2.793500000000000000e+03,5.905459999999996277e-04,3.493560766096104244e-03
2.794000000000000000e+03,8.491399999999992595e-05,3.939151098620869394e-03
2.794500000000000000e+03,-3.409500000000001830e-04,4.598927717897944266e-03
2.795000000000000000e+03,-6.474159999999998336e-04,5.261442553912946615e-03
2.795500000000000000e+03,-8.120279999999993614e-04,5.739851397966152027e-03
2.796000000000000000e+03,-8.308400000000004410e-04,5.906673895925692447e-03
2.796500000000000000e+03,-7.174399999999994193e-04,5.697781126935291124e-03
2.797000000000000000e+03,-4.999919999999994508e-04,5.112778969928583744e-03
2.797500000000000000e+03,-2.167340000000000293e-04,4.217426537733170305e-03
2.798000000000000000e+03,8.947800000000012146e-05,3.158339033457934798e-03
2.798500000000000000e+03,3.768020000000001915e-04,2.230710217575111037e-03
2.799000000000000000e+03,6.095000000000002326e-04,1.970483522973485568e-03
2.799500000000000000e+03,7.617119999999997842e-04,2.497452972504987396e-03
2.800000000000000000e+03,8.194819999999998494e-04,3.211402341992357530e-03
2.800500000000000000e+03,7.809040000000001249e-04,3.731642877060451034e-03
2.801000000000000000e+03,6.547059999999996910e-04,3.925052181340522514e-03
2.801500000000000000e+03,4.578400000000003192e-04,3.783962840073882075e-03
2.802000000000000000e+03,2.126340000000000922e-04,3.404574743346956960e-03
2.802500000000000000e+03,-5.594199999999997363e-05,3.004581718227014413e-03
2.803000000000000000e+03,-3.227100000000000324e-04,2.900803460183057434e-03
2.803500000000000000e+03,-5.643539999999998757e-04,3.262504801910029104e-03
2.804000000000000000e+03,-7.611399999999997768e-04,3.904138508036055638e-03
2.804500000000000000e+03,-8.983259999999998555e-04,4.530813893130681246e-03
2.805000000000000000e+03,-9.672519999999995002e-04,4.931979955068146494e-03
2.805500000000000000e+03,-9.659559999999998026e-04,4.990958316960380885e-03
2.806000000000000000e+03,-8.991659999999998543e-04,4.667807994753639216e-03
2.806500000000000000e+03,-7.774900000000001471e-04,3.991775111726610960e-03
2.807000000000000000e+03,-6.157499999999997611e-04,3.065608831238910217e-03
2.807500000000000000e+03,-4.306900000000000658e-04,2.108993621225535835e-03
2.808000000000000000e+03,-2.384059999999999532e-04,1.617808718185187629e-03
2.808500000000000000e+03,-5.224600000000014996e-05,2.018934158672837896e-03
2.809000000000000000e+03,1.183699999999998442e-04,2.757602488933095022e-03
2.809500000000000000e+03,2.678680000000000991e-04,3.344430965266587813e-03
2.810000000000000000e+03,3.934180000000000879e-04,3.599464797723961242e-03
2.810500000000000000e+03,4.934240000000003363e-04,3.477512664997210387e-03
2.811000000000000000e+03,5.663460000000003405e-04,3.036659027172132312e-03
2.811500000000000000e+03,6.103620000000000356e-04,2.480881941702184432e-03
2.812000000000000000e+03,6.240559999999998947e-04,2.251422296155476763e-03
2.812500000000000000e+03,6.076280000000000309e-04,2.733334518293360944e-03
2.813000000000000000e+03,5.639980000000001251e-04,3.664902467814660971e-03
2.813500000000000000e+03,4.991240000000004206e-04,4.628626196960173265e-03
2.814000000000000000e+03,4.211759999999998313e-04,5.372586231286194565e-03
2.814500000000000000e+03,3.387640000000004042e-04,5.755526254445027072e-03
2.815000000000000000e+03,2.587739999999998097e-04,5.710426761151569074e-03
2.815500000000000000e+03,1.846540000000004042e-04,5.235749381418670564e-03
2.816000000000000000e+03,1.158159999999998412e-04,4.395626467295190958e-03
2.816500000000000000e+03,4.854999999999998070e-05,3.331095352356338614e-03
2.817000000000000000e+03,-2.192199999999991310e-05,2.317856459890042364e-03
2.817500000000000000e+03,-9.888400000000011915e-05,1.901731417213271781e-03
2.818000000000000000e+03,-1.821320000000000512e-04,2.363884997188737958e-03
2.818500000000000000e+03,-2.673639999999999697e-04,3.088128764826039187e-03
2.819000000000000000e+03,-3.471339999999999734e-04,3.612260802658910641e-03
2.819500000000000000e+03,-4.130539999999998301e-04,3.763674333438800715e-03
2.820000000000000000e+03,-4.583500000000000551e-04,3.503798374844077461e-03
2.820500000000000000e+03,-4.797739999999999774e-04,2.895375601124316502e-03
2.821000000000000000e+03,-4.783759999999999749e-04,2.147216265497259996e-03
2.821500000000000000e+03,-4.589359999999999035e-04,1.787380481938862170e-03
2.822000000000000000e+03,-4.286399999999999889e-04,2.324506166388895338e-03
2.822500000000000000e+03,-3.957060000000002802e-04,3.299427781338151906e-03
2.823000000000000000e+03,-3.684580000000001643e-04,4.214067621458392719e-03
2.823500000000000000e+03,-3.550860000000001168e-04,4.835960865603236049e-03
2.824000000000000000e+03,-3.637059999999997734e-04,5.052981640038482943e-03
2.824500000000000000e+03,-4.021740000000006390e-04,4.831452987373053079e-03
2.825000000000000000e+03,-4.770780000000002458e-04,4.211283231851545468e-03
2.825500000000000000e+03,-5.917480000000001220e-04,3.317013750582592773e-03
2.826000000000000000e+03,-7.436219999999999896e-04,2.410746878115576849e-03
2.826500000000000000e+03,-9.218119999999999353e-04,2.008407396877933977e-03
2.827000000000000000e+03,-1.106058000000000041e-03,2.437745983722257575e-03
2.827500000000000000e+03,-1.267965999999999928e-03,3.183850143977570539e-03
2.828000000000000000e+03,-1.374823999999999968e-03,3.771148645252000910e-03
2.828500000000000000e+03,-1.395421999999999895e-03,3.992744207305797856e-03
2.829000000000000000e+03,-1.306514000000000373e-03,3.775897986432631172e-03
2.829500000000000000e+03,-1.098345999999999828e-03,3.140791638796817508e-03
2.830000000000000000e+03,-7.777479999999999810e-04,2.219765272830440811e-03
2.830500000000000000e+03,-3.683040000000000164e-04,1.455939862431137634e-03
2.831000000000000000e+03,9.235799999999995836e-05,1.844214009653977106e-03
2.831500000000000000e+03,5.572819999999998729e-04,3.011766873067037425e-03
2.832000000000000000e+03,9.758839999999997794e-04,4.187618226409374478e-03
2.832500000000000000e+03,1.299786000000000257e-03,5.091099642871468704e-03
2.833000000000000000e+03,1.488115999999999831e-03,5.590121964422243434e-03
2.833500000000000000e+03,1.512058000000000152e-03,5.632027272947459293e-03
2.834000000000000000e+03,1.358494000000000021e-03,5.238805667579777940e-03
2.834500000000000000e+03,1.032499999999999998e-03,4.514180507800944972e-03
2.835000000000000000e+03,5.583899999999999714e-04,3.663366639862845799e-03
2.835500000000000000e+03,-2.114999999999998893e-05,3.023373057179679600e-03
2.836000000000000000e+03,-6.482720000000000843e-04,2.945995667916706615e-03
2.836500000000000000e+03,-1.255554000000000305e-03,3.365897315650909129e-03
2.837000000000000000e+03,-1.773744000000000058e-03,3.869938266899873580e-03
2.837500000000000000e+03,-2.140718000000000221e-03,4.142628328647647053e-03
2.838000000000000000e+03,-2.310316000000000192e-03,4.034923547131469626e-03
2.838500000000000000e+03,-2.259569999999999808e-03,3.516824920524192887e-03
2.839000000000000000e+03,-1.992859999999999944e-03,2.665739920656177032e-03
2.839500000000000000e+03,-1.542369999999999939e-03,1.749811193692050451e-03
2.840000000000000000e+03,-9.645619999999998631e-04,1.578429026891611450e-03
2.840500000000000000e+03,-3.334579999999999099e-04,2.501191397191346484e-03
2.841000000000000000e+03,2.683779999999999976e-04,3.653011247915067226e-03
2.841500000000000000e+03,7.599479999999998736e-04,4.608381922312211783e-03
2.842000000000000000e+03,1.071703999999999712e-03,5.192419284626001788e-03
2.842500000000000000e+03,1.154306000000000342e-03,5.326818679342858534e-03
2.843000000000000000e+03,9.851539999999998042e-04,5.010199053726907374e-03
2.843500000000000000e+03,5.720180000000002008e-04,4.322957393749561270e-03
2.844000000000000000e+03,-4.677200000000013427e-05,3.450087490227457705e-03
2.844500000000000000e+03,-8.057800000000000813e-04,2.740046581609516946e-03
2.845000000000000000e+03,-1.619280000000000285e-03,2.653572303412891475e-03
2.845500000000000000e+03,-2.390780000000000335e-03,3.191152082049678734e-03
2.846000000000000000e+03,-3.024222000000000021e-03,3.868797304625042847e-03
2.846500000000000000e+03,-3.435483999999999934e-03,4.328338684479992801e-03
2.847000000000000000e+03,-3.562893999999999610e-03,4.402090151131164870e-03
2.847500000000000000e+03,-3.375292000000000656e-03,4.039791269750703587e-03
2.848000000000000000e+03,-2.876743999999999656e-03,3.282238269132208962e-03
2.848500000000000000e+03,-2.107125999999999964e-03,2.279664732535466570e-03
2.849000000000000000e+03,-1.138507999999999881e-03,1.479092922366272329e-03
2.849500000000000000e+03,-6.763200000000001925e-05,1.820365478950312140e-03
2.850000000000000000e+03,9.947840000000000762e-04,2.900227852542968526e-03
2.850500000000000000e+03,1.936733999999999635e-03,3.956310924420121389e-03
2.851000000000000000e+03,2.658181999999999819e-03,4.726825274406067784e-03
2.851500000000000000e+03,3.083177999999999787e-03,5.107588155514693716e-03
2.852000000000000000e+03,3.169253999999999821e-03,5.079222527279741127e-03
2.852500000000000000e+03,2.912622000000000128e-03,4.701639152268492598e-03
2.853000000000000000e+03,2.348411999999999809e-03,4.122585788947756742e-03
2.853500000000000000e+03,1.545906000000000103e-03,3.586956990023158591e-03
2.854000000000000000e+03,5.995260000000000736e-04,3.380119957145899870e-03
2.854500000000000000e+03,-3.828999999999997119e-04,3.597935507755801836e-03
2.855000000000000000e+03,-1.292870000000000434e-03,4.024879319543630575e-03
2.855500000000000000e+03,-2.033218000000000698e-03,4.370132761327051411e-03
2.856000000000000000e+03,-2.528099999999999705e-03,4.440001189763354179e-03
2.856500000000000000e+03,-2.730184000000000517e-03,4.150415655494759347e-03
2.857000000000000000e+03,-2.624735999999999909e-03,3.513392102496673639e-03
2.857500000000000000e+03,-2.230580000000000236e-03,2.648869358409357191e-03
2.858000000000000000e+03,-1.598058000000000074e-03,1.888233043769756495e-03
2.858500000000000000e+03,-8.040260000000000028e-04,1.906316243844656620e-03
2.859000000000000000e+03,5.595000000000001150e-05,2.725535553816900609e-03
2.859500000000000000e+03,8.778800000000003701e-04,3.686635840068828475e-03
2.860000000000000000e+03,1.561167999999999931e-03,4.445234395076822116e-03
2.860500000000000000e+03,2.020645999999999640e-03,4.854127737112611148e-03
2.861000000000000000e+03,2.197021999999999864e-03,4.858751973598157518e-03
2.861500000000000000e+03,2.064073999999999943e-03,4.477298321401646831e-03
2.862000000000000000e+03,1.631311999999999996e-03,3.803912590138474551e-03
2.862500000000000000e+03,9.418519999999996417e-04,3.032854393459072373e-03
2.863000000000000000e+03,6.604200000000001584e-05,2.505737046743732217e-03
2.863500000000000000e+03,-9.077079999999998006e-04,2.574605030668587237e-03
2.864000000000000000e+03,-1.883203999999999868e-03,3.112891001083398137e-03
2.864500000000000000e+03,-2.766251999999999427e-03,3.705956589392810866e-03
2.865000000000000000e+03,-3.473053999999999725e-03,4.082227280649130575e-03
2.865500000000000000e+03,-3.936824000000000226e-03,4.118041736984460674e-03
2.866000000000000000e+03,-4.112860000000000300e-03,3.784817385444111740e-03
2.866500000000000000e+03,-3.982218000000000042e-03,3.131255633186788914e-03
2.867000000000000000e+03,-3.554003999999999497e-03,2.297393195342495222e-03
2.867500000000000000e+03,-2.865870000000000396e-03,1.617735719257011292e-03
2.868000000000000000e+03,-1.981843999999999967e-03,1.693465587665128917e-03
2.868500000000000000e+03,-9.869860000000000265e-04,2.412120278505199174e-03
2.869000000000000000e+03,2.125000000000004557e-05,3.183079307703469592e-03
2.869500000000000000e+03,9.441500000000000456e-04,3.737329504622250841e-03
2.870000000000000000e+03,1.693634000000000068e-03,3.974676069923937204e-03
2.870500000000000000e+03,2.202874000000000065e-03,3.880990037174277072e-03
2.871000000000000000e+03,2.433687999999999824e-03,3.517074627128915880e-03
2.871500000000000000e+03,2.379570000000000123e-03,3.030403252296631159e-03
2.872000000000000000e+03,2.064166000000000091e-03,2.669611595681289137e-03
2.872500000000000000e+03,1.536122000000000008e-03,2.690562210887159373e-03
2.873000000000000000e+03,8.617560000000001972e-04,3.082787861414729505e-03
2.873500000000000000e+03,1.172059999999997720e-04,3.586326216569820161e-03
2.874000000000000000e+03,-6.189220000000002653e-04,3.962395988627840683e-03
2.874500000000000000e+03,-1.271839999999999776e-03,4.073217371180918971e-03
2.875000000000000000e+03,-1.776056000000000249e-03,3.865970927330675180e-03
2.875500000000000000e+03,-2.080506000000000195e-03,3.361663655390883902e-03
2.876000000000000000e+03,-2.153411999999999948e-03,2.664427539610337778e-03
2.876500000000000000e+03,-1.986568000000000188e-03,2.017528386071432839e-03
2.877000000000000000e+03,-1.598057999999999857e-03,1.865916492631435877e-03
2.877500000000000000e+03,-1.032162000000000097e-03,2.363910827392606568e-03
2.878000000000000000e+03,-3.556759999999999197e-04,3.085689785449276332e-03
2.878500000000000000e+03,3.495060000000001330e-04,3.696140642019185314e-03
2.879000000000000000e+03,9.965539999999999728e-04,4.040317473958697676e-03
2.879500000000000000e+03,1.504897999999999739e-03,4.058144022093597425e-03
2.880000000000000000e+03,1.810363999999999637e-03,3.757315244139889515e-03
2.880500000000000000e+03,1.872539999999999578e-03,3.212449121380757042e-03
2.881000000000000000e+03,1.678362000000000300e-03,2.584559862248115951e-03
2.881500000000000000e+03,1.241976000000000104e-03,2.159823592163489635e-03
2.882000000000000000e+03,6.016360000000000111e-04,2.234249391461481070e-03
2.882500000000000000e+03,-1.852119999999998930e-04,2.712169802655062158e-03
2.883000000000000000e+03,-1.047570000000000055e-03,3.255934513845449088e-03
2.883500000000000000e+03,-1.906792000000000252e-03,3.639943250736746988e-03
2.884000000000000000e+03,-2.682598000000000014e-03,3.760698972214340970e-03
2.884500000000000000e+03,-3.299574000000000430e-03,3.595163425218108298e-03
2.885000000000000000e+03,-3.694135999999999774e-03,3.186677075077737169e-03
2.885500000000000000e+03,-3.821660000000000161e-03,2.649798663996945618e-03
2.886000000000000000e+03,-3.662760000000000148e-03,2.190420457857349470e-03
2.886500000000000000e+03,-3.227328000000000228e-03,2.068420921501230424e-03
2.887000000000000000e+03,-2.555041999999999557e-03,2.333832378088452134e-03
2.887500000000000000e+03,-1.711639999999999950e-03,2.742277071331414295e-03
2.888000000000000000e+03,-7.812400000000001028e-04,3.055760409310585672e-03
2.888500000000000000e+03,1.441339999999999180e-04,3.148887564020982650e-03
2.889000000000000000e+03,9.759060000000001258e-04,2.984892184169471614e-03
2.889500000000000000e+03,1.639333999999999887e-03,2.603293415966782300e-03
2.890000000000000000e+03,2.081327999999999911e-03,2.136548992731971113e-03
2.890500000000000000e+03,2.274930000000000094e-03,1.850938439357181602e-03
2.891000000000000000e+03,2.220392000000000286e-03,2.022603665737309018e-03
2.891500000000000000e+03,1.943339999999999998e-03,2.555560489466058519e-03
2.892000000000000000e+03,1.490706000000000062e-03,3.155935098056675530e-03
2.892500000000000000e+03,9.251980000000001227e-04,3.628399028989783264e-03
2.893000000000000000e+03,3.186979999999999631e-04,3.874716168680488251e-03
2.893500000000000000e+03,-2.549239999999999601e-04,3.861676918566077019e-03
2.894000000000000000e+03,-7.272660000000000669e-04,3.611135096025347522e-03
2.894500000000000000e+03,-1.042583999999999612e-03,3.201612119479185174e-03
2.895000000000000000e+03,-1.163999999999999887e-03,2.775308281295971527e-03
2.895500000000000000e+03,-1.077880000000000244e-03,2.524167982143819301e-03
2.896000000000000000e+03,-7.955439999999999170e-04,2.576883665563115770e-03
2.896500000000000000e+03,-3.518619999999999864e-04,2.854547368469123950e-03
2.897000000000000000e+03,1.992559999999999232e-04,3.157097421836393275e-03
2.897500000000000000e+03,7.918559999999999618e-04,3.321328292902705256e-03
2.898000000000000000e+03,1.356252000000000065e-03,3.260965642541178034e-03
2.898500000000000000e+03,1.827424000000000019e-03,2.960131619963206600e-03
2.899000000000000000e+03,2.152278000000000090e-03,2.472640197568987553e-03
2.899500000000000000e+03,2.294997999999999917e-03,1.946341527516175576e-03
2.900000000000000000e+03,2.240052000000000189e-03,1.673658503678095068e-03
2.900500000000000000e+03,1.992785999999999863e-03,1.909220930732219044e-03
2.901000000000000000e+03,1.577851999999999814e-03,2.467582695006187866e-03
2.901500000000000000e+03,1.035794000000000038e-03,3.047992942717551394e-03
2.902000000000000000e+03,4.183059999999996369e-04,3.486248553941040992e-03
2.902500000000000000e+03,-2.173060000000002806e-04,3.711048088813454632e-03
2.903000000000000000e+03,-8.138400000000000278e-04,3.709540349223876265e-03
2.903500000000000000e+03,-1.319561999999999385e-03,3.517014523992472406e-03
2.904000000000000000e+03,-1.692663999999999974e-03,3.213742270597627973e-03
2.904500000000000000e+03,-1.904611999999999972e-03,2.917268656252625797e-03
2.905000000000000000e+03,-1.942020000000000248e-03,2.748194885129145570e-03
2.905500000000000000e+03,-1.807107999999999978e-03,2.755059008045743999e-03
2.906000000000000000e+03,-1.516727999999999740e-03,2.868405050695246265e-03
2.906500000000000000e+03,-1.100116000000000375e-03,2.958577826957743163e-03
2.907000000000000000e+03,-5.956540000000003655e-04,2.916809150435797741e-03
2.907500000000000000e+03,-4.699600000000006301e-05,2.689645399024934679e-03
2.908000000000000000e+03,5.010979999999999514e-04,2.288799415393144143e-03
2.908500000000000000e+03,1.006776000000000025e-03,1.812458860629945429e-03
2.909000000000000000e+03,1.434751999999999859e-03,1.506361811323560966e-03
2.909500000000000000e+03,1.759115999999999805e-03,1.680190474346881895e-03
2.910000000000000000e+03,1.965086000000000003e-03,2.242529160991223441e-03
2.910500000000000000e+03,2.049420000000000148e-03,2.892020699695975559e-03
2.911000000000000000e+03,2.019610000000000242e-03,3.448144971559345337e-03
2.911500000000000000e+03,1.892005999999999896e-03,3.821165182677398880e-03
2.912000000000000000e+03,1.689408000000000316e-03,3.972926747393411805e-03
2.912500000000000000e+03,1.438606000000000260e-03,3.904592964433808988e-03
2.913000000000000000e+03,1.168165999999999996e-03,3.652586440883500481e-03
2.913500000000000000e+03,9.065860000000000238e-04,3.286029386324169910e-03
2.914000000000000000e+03,6.806819999999998367e-04,2.901725470895549514e-03
2.914500000000000000e+03,5.139540000000001685e-04,2.606378005937741958e-03
2.915000000000000000e+03,4.248659999999997638e-04,2.469980870633616942e-03
2.915500000000000000e+03,4.249839999999999412e-04,2.472607269528664942e-03
2.916000000000000000e+03,5.174419999999997936e-04,2.519299563145279992e-03
2.916500000000000000e+03,6.960140000000000077e-04,2.511063383468445809e-03
2.917000000000000000e+03,9.452539999999998643e-04,2.390764553751791033e-03
2.917500000000000000e+03,1.241841999999999946e-03,2.154827568466674125e-03
2.918000000000000000e+03,1.557078000000000368e-03,1.859116273626800538e-03
2.918500000000000000e+03,1.860068000000000095e-03,1.630660825271153637e-03
2.919000000000000000e+03,2.121101999999999710e-03,1.634450296660623332e-03
2.919500000000000000e+03,2.314565999999999672e-03,1.910404455170684442e-03
2.920000000000000000e+03,2.420998000000000160e-03,2.327821722682817118e-03
2.920500000000000000e+03,2.428206000000000028e-03,2.745442666647038201e-03
2.921000000000000000e+03,2.331592000000000386e-03,3.075762728180442707e-03
2.921500000000000000e+03,2.134130000000000141e-03,3.275169531746410009e-03
2.922000000000000000e+03,1.846180000000000000e-03,3.332019573069762083e-03
2.922500000000000000e+03,1.485294000000000067e-03,3.259871626724892592e-03
2.923000000000000000e+03,1.075842000000000031e-03,3.092495526692641550e-03
2.923500000000000000e+03,6.480279999999999287e-04,2.878285555342624275e-03
2.924000000000000000e+03,2.361399999999997822e-04,2.671481895278349141e-03
2.924500000000000000e+03,-1.242439999999999170e-04,2.517050001659879108e-03
2.925000000000000000e+03,-3.996799999999999138e-04,2.431315955171191139e-03
2.925500000000000000e+03,-5.625060000000001604e-04,2.392279531811866006e-03
2.926000000000000000e+03,-5.939660000000000252e-04,2.352292136858430156e-03
2.926500000000000000e+03,-4.863539999999998771e-04,2.264005387832811363e-03
2.927000000000000000e+03,-2.438900000000001603e-04,2.103707493856976380e-03
2.927500000000000000e+03,1.176979999999999292e-04,1.890383215946967810e-03
2.928000000000000000e+03,5.725739999999999563e-04,1.705940227002693092e-03
2.928500000000000000e+03,1.086879999999999704e-03,1.691688835994964880e-03
2.929000000000000000e+03,1.621257999999999987e-03,1.939846897673628201e-03
2.929500000000000000e+03,2.133715999999999911e-03,2.384963205029796453e-03
2.930000000000000000e+03,2.582825999999999872e-03,2.892088116832887672e-03
2.930500000000000000e+03,2.931265999999999646e-03,3.348238119064412752e-03
2.931000000000000000e+03,3.149500000000000823e-03,3.673957344831319145e-03
2.931500000000000000e+03,3.219222000000000750e-03,3.817713235788408252e-03
2.932000000000000000e+03,3.135949999999999762e-03,3.753652079918968695e-03
2.932500000000000000e+03,2.910332000000000283e-03,3.482676170510832971e-03
2.933000000000000000e+03,2.567635999999999877e-03,3.036138001250272313e-03
2.933500000000000000e+03,2.145406000000000309e-03,2.484369417056569128e-03
2.934000000000000000e+03,1.689548000000000135e-03,1.956432987330258486e-03
2.934500000000000000e+03,1.249440000000000099e-03,1.657370905117499420e-03
2.935000000000000000e+03,8.727740000000000975e-04,1.734423181474463406e-03
2.935500000000000000e+03,6.007960000000000123e-04,2.045294733588780452e-03
2.936000000000000000e+03,4.643679999999999965e-04,2.350866567837060425e-03
2.936500000000000000e+03,4.810819999999998639e-04,2.511602507741621249e-03
2.937000000000000000e+03,6.534860000000001059e-04,2.478045912517763943e-03
2.937500000000000000e+03,9.684440000000002708e-04,2.269395035282751119e-03
2.938000000000000000e+03,1.397744000000000026e-03,1.976565749876790443e-03
2.938500000000000000e+03,1.899958000000000202e-03,1.774809748965786764e-03
2.939000000000000000e+03,2.423858000000000089e-03,1.853164073201291409e-03
2.939500000000000000e+03,2.913091999999999938e-03,2.204428686125727444e-03
2.940000000000000000e+03,3.311991999999999714e-03,2.646337373961226477e-03
2.940500000000000000e+03,3.571679999999999820e-03,3.013569930369958821e-03
2.941000000000000000e+03,3.655721999999999271e-03,3.205125919021591108e-03
2.941500000000000000e+03,3.544456000000000082e-03,3.172344929147207209e-03
2.942000000000000000e+03,3.237391999999999961e-03,2.912012696142309010e-03
2.942500000000000000e+03,2.753474000000000112e-03,2.468736106115029978e-03
2.943000000000000000e+03,2.129320000000000084e-03,1.950796142230140726e-03
2.943500000000000000e+03,1.415846000000000118e-03,1.568096929142455843e-03
2.944000000000000000e+03,6.738279999999999053e-04,1.575609567378289267e-03
2.944500000000000000e+03,-3.123999999999987030e-05,1.922118175094861140e-03
2.945000000000000000e+03,-6.346319999999997744e-04,2.320811291026049928e-03
2.945500000000000000e+03,-1.078131999999999875e-03,2.579433497753721820e-03
2.946000000000000000e+03,-1.315687999999999970e-03,2.613013009143658888e-03
2.946500000000000000e+03,-1.318713999999999911e-03,2.408510464450175359e-03
2.947000000000000000e+03,-1.080334000000000069e-03,2.021109119913123368e-03
2.947500000000000000e+03,-6.177800000000000652e-04,1.605071977681997875e-03
2.948000000000000000e+03,2.775799999999999410e-05,1.461040112434973262e-03
2.948500000000000000e+03,7.943940000000000246e-04,1.781701912957383421e-03
2.949000000000000000e+03,1.605808000000000235e-03,2.336196575815913633e-03
2.949500000000000000e+03,2.379884000000000079e-03,2.859919800285665257e-03
2.950000000000000000e+03,3.038432000000000199e-03,3.209238068804493894e-03
2.950500000000000000e+03,3.516453999999999587e-03,3.313444320212126371e-03
2.951000000000000000e+03,3.769518000000000348e-03,3.150581176194957016e-03
2.951500000000000000e+03,3.778289999999999253e-03,2.740696521286149594e-03
2.952000000000000000e+03,3.549754000000000017e-03,2.146577590541743751e-03
2.952500000000000000e+03,3.115483999999999962e-03,1.492120862653558604e-03
2.953000000000000000e+03,2.527494000000000355e-03,1.050678333233344983e-03
2.953500000000000000e+03,1.852558000000000026e-03,1.190778727247006298e-03
2.954000000000000000e+03,1.165542000000000097e-03,1.658768706424738285e-03
2.954500000000000000e+03,5.422959999999998372e-04,2.077534343414327161e-03
2.955000000000000000e+03,5.239399999999996626e-05,2.308167352783588658e-03
2.955500000000000000e+03,-2.479500000000000909e-04,2.315010883523012722e-03
2.956000000000000000e+03,-3.222339999999999645e-04,2.123945472644248305e-03
2.956500000000000000e+03,-1.586060000000000193e-04,1.823204732205354868e-03
2.957000000000000000e+03,2.275719999999998330e-04,1.577973858995769139e-03
2.957500000000000000e+03,7.942300000000002613e-04,1.582852852064903703e-03
2.958000000000000000e+03,1.476575999999999843e-03,1.853338833895734096e-03
2.958500000000000000e+03,2.194314000000000160e-03,2.211480623687668828e-03
2.959000000000000000e+03,2.861213999999999945e-03,2.495260604034375915e-03
2.959500000000000000e+03,3.395587999999999298e-03,2.615668657650276497e-03
2.960000000000000000e+03,3.730016000000000061e-03,2.540247517799397361e-03
2.960500000000000000e+03,3.818931999999999709e-03,2.282043029763899770e-03
2.961000000000000000e+03,3.643131999999999447e-03,1.899186753880197174e-03
2.961500000000000000e+03,3.211070000000000764e-03,1.508982988694703656e-03
2.962000000000000000e+03,2.557211999999999680e-03,1.305232601793258809e-03
2.962500000000000000e+03,1.738141999999999812e-03,1.427997904919331386e-03
2.963000000000000000e+03,8.271179999999999505e-04,1.749610195044598929e-03
2.963500000000000000e+03,-9.246000000000019557e-05,2.070819430486395447e-03
2.964000000000000000e+03,-9.343119999999999680e-04,2.279673450469167466e-03
2.964500000000000000e+03,-1.617169999999999806e-03,2.332469549689770473e-03
2.965000000000000000e+03,-2.072906000000000228e-03,2.231460735490544117e-03
2.965500000000000000e+03,-2.254239999999999803e-03,2.017944788218943922e-03
2.966000000000000000e+03,-2.141132000000000018e-03,1.771385606787522675e-03
2.966500000000000000e+03,-1.744512000000000146e-03,1.600700413617113906e-03
2.967000000000000000e+03,-1.106448000000000110e-03,1.592062217639121993e-03
2.967500000000000000e+03,-2.961039999999998877e-04,1.728117446635499786e-03
2.968000000000000000e+03,5.981600000000000328e-04,1.909940082272216328e-03
2.968500000000000000e+03,1.479442000000000300e-03,2.045991611408511969e-03
2.969000000000000000e+03,2.254055999999999942e-03,2.086111138397472604e-03
2.969500000000000000e+03,2.842434000000000453e-03,2.017921876368359603e-03
2.970000000000000000e+03,3.187713999999999912e-03,1.858923266123698771e-03
2.970500000000000000e+03,3.260979999999999261e-03,1.651264530464455942e-03
2.971000000000000000e+03,3.063014000000000188e-03,1.457571089825810155e-03
2.971500000000000000e+03,2.622764000000000085e-03,1.347871202651054409e-03
2.972000000000000000e+03,1.993346000000000007e-03,1.361836495177008938e-03
2.972500000000000000e+03,1.246116000000000021e-03,1.475059686530006157e-03
2.973000000000000000e+03,4.635919999999999755e-04,1.625782946467331687e-03
2.973500000000000000e+03,-2.684920000000000579e-04,1.760148672017224645e-03
2.974000000000000000e+03,-8.695439999999998726e-04,1.846663519379206867e-03
2.974500000000000000e+03,-1.272507999999999886e-03,1.873216164366515221e-03
2.975000000000000000e+03,-1.431528000000000054e-03,1.841981048673953887e-03
2.975500000000000000e+03,-1.327917999999999980e-03,1.765483695493673920e-03
2.976000000000000000e+03,-9.733680000000001714e-04,1.663603279217734481e-03
2.976500000000000000e+03,-4.094679999999999089e-04,1.560961518303382234e-03
2.977000000000000000e+03,2.967519999999999533e-04,1.483390387664015918e-03
2.977500000000000000e+03,1.060783999999999946e-03,1.451527227617863342e-03
2.978000000000000000e+03,1.790966000000000172e-03,1.472188270998651613e-03
2.978500000000000000e+03,2.399458000000000146e-03,1.534112754628550639e-03
2.979000000000000000e+03,2.812204000000000006e-03,1.613646338106959578e-03
2.979500000000000000e+03,2.976607999999999945e-03,1.686000383897939478e-03
2.980000000000000000e+03,2.866267999999999941e-03,1.735173089629389208e-03
2.980500000000000000e+03,2.482763999999999718e-03,1.760163423840524878e-03
2.981000000000000000e+03,1.854932000000000109e-03,1.776874836147442202e-03
2.981500000000000000e+03,1.036100000000000302e-03,1.813014276044179213e-03
2.982000000000000000e+03,9.962399999999980375e-05,1.893546554153342863e-03
2.982500000000000000e+03,-8.671040000000001602e-04,2.022976271968111774e-03
2.983000000000000000e+03,-1.770291999999999699e-03,2.179412039756135379e-03
2.983500000000000000e+03,-2.518869999999999876e-03,2.324942935469599768e-03
2.984000000000000000e+03,-3.034479999999999990e-03,2.421048539565037478e-03
2.984500000000000000e+03,-3.261258000000000386e-03,2.439751141683101868e-03
2.985000000000000000e+03,-3.173871999999999891e-03,2.369833851691717161e-03
2.985500000000000000e+03,-2.782062000000000077e-03,2.220399932639163017e-03
2.986000000000000000e+03,-2.130631999999999925e-03,2.023018781023547610e-03
2.986500000000000000e+03,-1.294493999999999983e-03,1.830746764445044658e-03
2.987000000000000000e+03,-3.694780000000000156e-04,1.705450628758862965e-03
2.987500000000000000e+03,5.395320000000001191e-04,1.683528321102439884e-03
2.988000000000000000e+03,1.331200000000000048e-03,1.743429893112998169e-03
2.988500000000000000e+03,1.919217999999999662e-03,1.821984358281925846e-03
2.989000000000000000e+03,2.241280000000000008e-03,1.859699375221705083e-03
2.989500000000000000e+03,2.264944000000000072e-03,1.829163521431585596e-03
2.990000000000000000e+03,1.990282000000000336e-03,1.745690297442246876e-03
2.990500000000000000e+03,1.449580000000000009e-03,1.669625235138113076e-03
2.991000000000000000e+03,7.043359999999998511e-04,1.686751851187956929e-03
2.991500000000000000e+03,-1.602840000000000395e-04,1.845851627029106721e-03
2.992000000000000000e+03,-1.043518000000000223e-03,2.110157794588831022e-03
2.992500000000000000e+03,-1.839436000000000283e-03,2.392597817642154283e-03
2.993000000000000000e+03,-2.448991999999999662e-03,2.609630480388746513e-03
2.993500000000000000e+03,-2.792395999999999941e-03,2.702556870059537059e-03
2.994000000000000000e+03,-2.819910000000000125e-03,2.641930538678108429e-03
2.994500000000000000e+03,-2.519097999999999997e-03,2.429639091866114906e-03
2.995000000000000000e+03,-1.917092000000000015e-03,2.103368383620424914e-03
2.995500000000000000e+03,-1.077192000000000037e-03,1.746580897678089161e-03
2.996000000000000000e+03,-9.059799999999989389e-05,1.497886244530605322e-03
2.996500000000000000e+03,9.352979999999999888e-04,1.491125714413107060e-03
2.997000000000000000e+03,1.889835999999999990e-03,1.694703565605501332e-03
2.997500000000000000e+03,2.671320000000000031e-03,1.946436272689141623e-03
2.998000000000000000e+03,3.197053999999999955e-03,2.116690184168670396e-03
2.998500000000000000e+03,3.410565999999999424e-03,2.145658793314071493e-03
2.999000000000000000e+03,3.286003999999999921e-03,2.034904270106089545e-03
2.999500000000000000e+03,2.830009999999999991e-03,1.848917897931111028e-03
3.000000000000000000e+03,2.081393999999999866e-03,1.720124656397320571e-03
