lag_fs,running_eta_mean,running_eta_sem
0.000000000000000000e+00,0.000000000000000000e+00,0.000000000000000000e+00
5.000000000000000000e-01,2.226308800000000032e-02,1.048975466062006999e-04
1.000000000000000000e+00,4.267606599999999861e-02,1.996751703292119046e-04
1.500000000000000000e+00,5.960567800000000915e-02,2.755480846313396138e-04
2.000000000000000000e+00,7.182287400000000877e-02,3.262024581391127385e-04
2.500000000000000000e+00,7.863652399999998543e-02,3.485781713848424028e-04
3.000000000000000000e+00,7.995883800000000430e-02,3.432529164391752517e-04
3.500000000000000000e+00,7.629852600000000540e-02,3.144276298228259356e-04
4.000000000000000000e+00,6.868712200000000323e-02,2.696726236272414161e-04
4.500000000000000000e+00,5.855110200000000070e-02,2.196139036217884650e-04
5.000000000000000000e+00,4.754643199999999958e-02,1.773480729638743597e-04
5.500000000000000000e+00,3.737395200000000195e-02,1.550093673750082689e-04
6.000000000000000000e+00,2.959422199999999642e-02,1.543385847220325236e-04
6.500000000000000000e+00,2.545960199999999785e-02,1.652048063889185157e-04
7.000000000000000000e+00,2.578006799999999973e-02,1.794380811700792559e-04
7.500000000000000000e+00,3.083677400000000082e-02,1.977979637306716992e-04
8.000000000000000000e+00,4.035397000000000289e-02,2.259664021043831540e-04
8.500000000000000000e+00,5.353432400000000119e-02,2.669232838963282316e-04
9.000000000000000000e+00,6.915561400000000414e-02,3.169728864366798643e-04
9.500000000000000000e+00,8.571850400000000092e-02,3.678984456150918305e-04
1.000000000000000000e+01,1.016274539999999921e-01,4.106803428775234843e-04
1.050000000000000000e+01,1.153814000000000090e-01,4.378353904951034548e-04
1.100000000000000000e+01,1.257491259999999889e-01,4.445837327950717156e-04
1.150000000000000000e+01,1.319071580000000243e-01,4.293287783319444479e-04
1.200000000000000000e+01,1.335243379999999924e-01,3.937444464167070028e-04
1.250000000000000000e+01,1.307857760000000202e-01,3.425980272214044944e-04
1.300000000000000000e+01,1.243573179999999806e-01,2.835418038914184948e-04
1.350000000000000000e+01,1.152986119999999948e-01,2.272285772388677892e-04
1.400000000000000000e+01,1.049375200000000063e-01,1.873703728714870944e-04
1.450000000000000000e+01,9.472107800000000022e-02,1.762262244502780281e-04
1.500000000000000000e+01,8.605875199999998837e-02,1.929528652132433682e-04
1.550000000000000000e+01,8.017334000000000960e-02,2.258155354044542569e-04
1.600000000000000000e+01,7.797361999999999349e-02,2.666156850037142817e-04
1.650000000000000000e+01,7.996097000000000621e-02,3.133998795947440588e-04
1.700000000000000000e+01,8.617963199999999213e-02,3.663422287342824610e-04
1.750000000000000000e+01,9.621648200000000595e-02,4.243153614518336658e-04
1.800000000000000000e+01,1.092513040000000074e-01,4.837570403063937174e-04
1.850000000000000000e+01,1.241527080000000005e-01,5.393267505918852150e-04
1.900000000000000000e+01,1.396089519999999806e-01,5.852904954669943928e-04
1.950000000000000000e+01,1.542778499999999942e-01,6.168663933867705182e-04
2.000000000000000000e+01,1.669372080000000036e-01,6.311756352822886756e-04
2.050000000000000000e+01,1.766172719999999918e-01,6.277404718225528197e-04
2.100000000000000000e+01,1.826995359999999957e-01,6.085848094111430493e-04
2.150000000000000000e+01,1.849716279999999990e-01,5.779731124749643099e-04
2.200000000000000000e+01,1.836341439999999992e-01,5.419099548688869001e-04
2.250000000000000000e+01,1.792615579999999875e-01,5.073989759587610145e-04
2.300000000000000000e+01,1.727243559999999956e-01,4.814434340875371472e-04
2.350000000000000000e+01,1.650831020000000093e-01,4.697455671360814609e-04
2.400000000000000000e+01,1.574670440000000005e-01,4.753545154997493218e-04
2.450000000000000000e+01,1.509503339999999916e-01,4.981458809284685946e-04
2.500000000000000000e+01,1.464384899999999767e-01,5.354395759840735545e-04
2.550000000000000000e+01,1.445761160000000045e-01,5.831420747862400616e-04
2.600000000000000000e+01,1.456848259999999895e-01,6.365216010364422141e-04
2.650000000000000000e+01,1.497371980000000158e-01,6.905488454222471041e-04
2.700000000000000000e+01,1.563691700000000018e-01,7.401227138860149313e-04
2.750000000000000000e+01,1.649290240000000074e-01,7.804454632874731086e-04
2.800000000000000000e+01,1.745570720000000076e-01,8.075237844014276955e-04
2.850000000000000000e+01,1.842866380000000026e-01,8.187101000989313680e-04
2.900000000000000000e+01,1.931543579999999982e-01,8.131384074522621762e-04
2.950000000000000000e+01,2.003070340000000227e-01,7.919350341700988382e-04
3.000000000000000000e+01,2.050929679999999866e-01,7.582008357447227740e-04
3.050000000000000000e+01,2.071281700000000003e-01,7.167069117847243336e-04
3.100000000000000000e+01,2.063310920000000215e-01,6.733710985660162169e-04
3.150000000000000000e+01,2.029235640000000007e-01,6.345298571351882340e-04
3.200000000000000000e+01,1.973993380000000075e-01,6.060400064467709241e-04
3.250000000000000000e+01,1.904650079999999912e-01,5.923533791867809312e-04
3.300000000000000000e+01,1.829604420000000009e-01,5.958273406986287594e-04
3.350000000000000000e+01,1.757676280000000091e-01,6.165558251075074596e-04
3.400000000000000000e+01,1.697174399999999972e-01,6.527494242969498909e-04
3.450000000000000000e+01,1.655037479999999783e-01,7.012903357055505190e-04
3.500000000000000000e+01,1.636134619999999873e-01,7.581083117101389962e-04
3.550000000000000000e+01,1.642794880000000013e-01,8.184607293535844930e-04
3.600000000000000000e+01,1.674612340000000144e-01,8.772294538978965767e-04
3.650000000000000000e+01,1.728546139999999898e-01,9.293599169837287940e-04
3.700000000000000000e+01,1.799302359999999934e-01,9.704218756324500773e-04
3.750000000000000000e+01,1.879954260000000210e-01,9.971661812987839962e-04
3.800000000000000000e+01,1.962730079999999988e-01,1.007976711315296215e-03
3.850000000000000000e+01,2.039878279999999822e-01,1.003116896176111045e-03
3.900000000000000000e+01,2.104512119999999986e-01,9.846969080706999798e-04
3.950000000000000000e+01,2.151338720000000038e-01,9.563305825518721116e-04
4.000000000000000000e+01,2.177194060000000042e-01,9.225263700382789998e-04
4.050000000000000000e+01,2.181327459999999885e-01,8.879603605826114337e-04
4.100000000000000000e+01,2.165411780000000008e-01,8.567959600593358892e-04
4.150000000000000000e+01,2.133284419999999793e-01,8.323617202538795366e-04
4.200000000000000000e+01,2.090455239999999826e-01,8.172584037047284609e-04
4.250000000000000000e+01,2.043441100000000232e-01,8.137131627606885870e-04
4.300000000000000000e+01,1.999004479999999806e-01,8.237469802700320143e-04
4.350000000000000000e+01,1.963381439999999922e-01,8.487626797026380076e-04
4.400000000000000000e+01,1.941584999999999839e-01,8.886101510617605038e-04
4.450000000000000000e+01,1.936859779999999809e-01,9.407987714989866175e-04
4.500000000000000000e+01,1.950346759999999902e-01,1.000406245935117015e-03
4.550000000000000000e+01,1.980992819999999877e-01,1.060835171350385476e-03
4.600000000000000000e+01,2.025711740000000205e-01,1.114995324235037175e-03
4.650000000000000000e+01,2.079774319999999899e-01,1.156527120760254303e-03
4.700000000000000000e+01,2.137378319999999887e-01,1.180760676290500480e-03
4.750000000000000000e+01,2.192329500000000098e-01,1.185343852774374280e-03
4.800000000000000000e+01,2.238752540000000235e-01,1.170497163172981147e-03
4.850000000000000000e+01,2.271749680000000049e-01,1.138873714388037106e-03
4.900000000000000000e+01,2.287933199999999945e-01,1.095042867617520644e-03
4.950000000000000000e+01,2.285774799999999995e-01,1.044676788370449460e-03
5.000000000000000000e+01,2.265738340000000017e-01,9.936082554840189145e-04
5.050000000000000000e+01,2.230187379999999941e-01,9.470311740877361767e-04
5.100000000000000000e+01,2.183084559999999841e-01,9.091873969353072085e-04
5.150000000000000000e+01,2.129522500000000096e-01,8.835913685918415960e-04
5.200000000000000000e+01,2.075142219999999982e-01,8.735342128754880996e-04
5.250000000000000000e+01,2.025505960000000272e-01,8.821193390499980401e-04
5.300000000000000000e+01,1.985494620000000376e-01,9.113624660825127332e-04
5.350000000000000000e+01,1.958796260000000011e-01,9.607226239118172922e-04
5.400000000000000000e+01,1.947539699999999985e-01,1.026149924733225395e-03
5.450000000000000000e+01,1.952112639999999955e-01,1.100480837718677447e-03
5.500000000000000000e+01,1.971179780000000270e-01,1.174874673054107253e-03
5.550000000000000000e+01,2.001895119999999861e-01,1.240537990189739554e-03
5.600000000000000000e+01,2.040279439999999889e-01,1.290166395305661611e-03
5.650000000000000000e+01,2.081715040000000072e-01,1.318950298436604579e-03
5.700000000000000000e+01,2.121496820000000061e-01,1.325095571403811946e-03
5.750000000000000000e+01,2.155374939999999684e-01,1.309871234055470963e-03
5.800000000000000000e+01,2.180025280000000287e-01,1.277180953653006762e-03
5.850000000000000000e+01,2.193396420000000013e-01,1.232714427730122360e-03
5.900000000000000000e+01,2.194896619999999743e-01,1.182844236725191485e-03
5.950000000000000000e+01,2.185404220000000119e-01,1.133530273091103765e-03
6.000000000000000000e+01,2.167106700000000219e-01,1.089701416572447755e-03
6.050000000000000000e+01,2.143191400000000191e-01,1.055345964397455842e-03
6.100000000000000000e+01,2.117428659999999740e-01,1.034221637564213762e-03
6.150000000000000000e+01,2.093698180000000131e-01,1.030449010128110712e-03
6.200000000000000000e+01,2.075516159999999943e-01,1.048106452258547490e-03
6.250000000000000000e+01,2.065618440000000222e-01,1.089537027602089682e-03
6.300000000000000000e+01,2.065647879999999714e-01,1.153346140251919208e-03
6.350000000000000000e+01,2.075980600000000287e-01,1.233629079277885230e-03
6.400000000000000000e+01,2.095708839999999851e-01,1.321029083959167783e-03
6.450000000000000000e+01,2.122777060000000104e-01,1.404824449796482659e-03
6.500000000000000000e+01,2.154251699999999992e-01,1.475026375611635269e-03
6.550000000000000000e+01,2.186686120000000122e-01,1.523945761345856876e-03
6.600000000000000000e+01,2.216534619999999955e-01,1.547150883544976506e-03
6.650000000000000000e+01,2.240563839999999973e-01,1.543835332004681688e-03
6.700000000000000000e+01,2.256212759999999817e-01,1.516641934846849884e-03
6.750000000000000000e+01,2.261861480000000313e-01,1.471009372201279031e-03
6.800000000000000000e+01,2.256981459999999884e-01,1.414116800524625956e-03
6.850000000000000000e+01,2.242155079999999800e-01,1.353675046044656950e-03
6.900000000000000000e+01,2.218968600000000291e-01,1.296837861573300020e-03
6.950000000000000000e+01,2.189795939999999719e-01,1.249656296589587989e-03
7.000000000000000000e+01,2.157503580000000309e-01,1.217127371996865092e-03
7.050000000000000000e+01,2.125113120000000078e-01,1.203551800515457711e-03
7.100000000000000000e+01,2.095462859999999705e-01,1.212497537501000403e-03
7.150000000000000000e+01,2.070906359999999946e-01,1.245878101973063850e-03
7.200000000000000000e+01,2.053082340000000061e-01,1.302524385363281649e-03
7.250000000000000000e+01,2.042778300000000213e-01,1.377346863026884544e-03
7.300000000000000000e+01,2.039899900000000099e-01,1.461835545983198627e-03
7.350000000000000000e+01,2.043543959999999937e-01,1.545707906697123745e-03
7.400000000000000000e+01,2.052161140000000050e-01,1.618858699144552727e-03
7.450000000000000000e+01,2.063783980000000184e-01,1.673070468857785521e-03
7.500000000000000000e+01,2.076290259999999943e-01,1.703159661043558096e-03
7.550000000000000000e+01,2.087668040000000003e-01,1.707557853879629502e-03
7.600000000000000000e+01,2.096251819999999932e-01,1.688330131566101802e-03
7.650000000000000000e+01,2.100903740000000242e-01,1.650623298131947449e-03
7.700000000000000000e+01,2.101121860000000063e-01,1.601664784746170645e-03
7.750000000000000000e+01,2.097066720000000384e-01,1.549421903444635337e-03
7.800000000000000000e+01,2.089507780000000037e-01,1.501249787022133951e-03
7.850000000000000000e+01,2.079699100000000078e-01,1.462932111941629915e-03
7.900000000000000000e+01,2.069202380000000063e-01,1.438403197227397382e-03
7.950000000000000000e+01,2.059680739999999732e-01,1.430150571630830385e-03
8.000000000000000000e+01,2.052687800000000118e-01,1.439784627508572390e-03
8.050000000000000000e+01,2.049478379999999933e-01,1.468168614340330073e-03
8.100000000000000000e+01,2.050861799999999791e-01,1.514872801577742340e-03
8.150000000000000000e+01,2.057114159999999803e-01,1.577352795250959450e-03
8.200000000000000000e+01,2.067957199999999884e-01,1.650521142539530806e-03
8.250000000000000000e+01,2.082603919999999886e-01,1.727212429087400915e-03
8.300000000000000000e+01,2.099861380000000166e-01,1.799330965657510578e-03
8.350000000000000000e+01,2.118276579999999742e-01,1.859313432322262649e-03
8.400000000000000000e+01,2.136305599999999971e-01,1.901411876935139942e-03
8.450000000000000000e+01,2.152484320000000173e-01,1.922558575418185749e-03
8.500000000000000000e+01,2.165581659999999964e-01,1.922703466683302895e-03
8.550000000000000000e+01,2.174717719999999799e-01,1.904635110677106811e-03
8.600000000000000000e+01,2.179435520000000126e-01,1.873336288148499387e-03
8.650000000000000000e+01,2.179720800000000125e-01,1.834991250818376711e-03
8.700000000000000000e+01,2.175970599999999811e-01,1.795871321498283173e-03
8.750000000000000000e+01,2.168917560000000189e-01,1.761365621174658565e-03
8.800000000000000000e+01,2.159522300000000228e-01,1.735424747538771070e-03
8.850000000000000000e+01,2.148848160000000063e-01,1.720548638337780550e-03
8.900000000000000000e+01,2.137935500000000266e-01,1.718129789105005177e-03
8.950000000000000000e+01,2.127689800000000242e-01,1.728822345563593883e-03
9.000000000000000000e+01,2.118797339999999862e-01,1.752578878417742703e-03
9.050000000000000000e+01,2.111675120000000017e-01,1.788331860006414599e-03
9.100000000000000000e+01,2.106459119999999907e-01,1.833549135254903704e-03
9.150000000000000000e+01,2.103028239999999993e-01,1.884121615635782473e-03
9.200000000000000000e+01,2.101057719999999962e-01,1.934730793491434625e-03
9.250000000000000000e+01,2.100092559999999775e-01,1.979714334164401918e-03
9.300000000000000000e+01,2.099629900000000160e-01,2.014132529490052139e-03
9.350000000000000000e+01,2.099199120000000141e-01,2.034715728499683195e-03
9.400000000000000000e+01,2.098430219999999902e-01,2.040500953534204499e-03
9.450000000000000000e+01,2.097102319999999964e-01,2.033004760027386660e-03
9.500000000000000000e+01,2.095168300000000150e-01,2.015888644786709236e-03
9.550000000000000000e+01,2.092754060000000249e-01,1.994191189616984199e-03
9.600000000000000000e+01,2.090134359999999969e-01,1.973226972815342838e-03
9.650000000000000000e+01,2.087690480000000126e-01,1.957441455925055390e-03
9.700000000000000000e+01,2.085856119999999758e-01,1.949565380479452090e-03
9.750000000000000000e+01,2.085059939999999723e-01,1.950354462862069916e-03
9.800000000000000000e+01,2.085672360000000169e-01,1.958985032126585139e-03
9.850000000000000000e+01,2.087963460000000215e-01,1.973855527683319403e-03
9.900000000000000000e+01,2.092075999999999658e-01,1.993366508254316560e-03
9.950000000000000000e+01,2.098016040000000026e-01,2.016344692468526306e-03
1.000000000000000000e+02,2.105660300000000151e-01,2.042016158126570228e-03
1.005000000000000000e+02,2.114777179999999812e-01,2.069644660446328093e-03
1.010000000000000000e+02,2.125057599999999880e-01,2.098140868616785778e-03
1.015000000000000000e+02,2.136150600000000233e-01,2.125877234381139472e-03
1.020000000000000000e+02,2.147698539999999823e-01,2.150871554004561356e-03
1.025000000000000000e+02,2.159368160000000036e-01,2.171261968101960427e-03
1.030000000000000000e+02,2.170873939999999891e-01,2.185886918254463084e-03
1.035000000000000000e+02,2.181991660000000000e-01,2.194719415172703865e-03
1.040000000000000000e+02,2.192561839999999651e-01,2.199007061290619066e-03
1.045000000000000000e+02,2.202483480000000104e-01,2.200971212745413217e-03
1.050000000000000000e+02,2.211700200000000227e-01,2.203186052931075962e-03
1.055000000000000000e+02,2.220181959999999732e-01,2.207776455958799632e-03
1.060000000000000000e+02,2.227906240000000204e-01,2.215776174218867661e-03
1.065000000000000000e+02,2.234842439999999986e-01,2.226853893639186514e-03
1.070000000000000000e+02,2.240942600000000451e-01,2.239566873774924069e-03
1.075000000000000000e+02,2.246141020000000099e-01,2.252004234333051819e-03
1.080000000000000000e+02,2.250362019999999907e-01,2.262540540322758708e-03
1.085000000000000000e+02,2.253535480000000146e-01,2.270393133629942072e-03
1.090000000000000000e+02,2.255616359999999820e-01,2.275785258530779471e-03
1.095000000000000000e+02,2.256604979999999594e-01,2.279718956374665248e-03
1.100000000000000000e+02,2.256563879999999855e-01,2.283460702631863893e-03
1.105000000000000000e+02,2.255627739999999937e-01,2.288022273452773678e-03
1.110000000000000000e+02,2.254004599999999969e-01,2.293861824397888834e-03
1.115000000000000000e+02,2.251967019999999986e-01,2.300936114492100650e-03
1.120000000000000000e+02,2.249833940000000310e-01,2.309048278485314413e-03
1.125000000000000000e+02,2.247945119999999741e-01,2.318300709520661109e-03
1.130000000000000000e+02,2.246630679999999658e-01,2.329373408879303279e-03
1.135000000000000000e+02,2.246179940000000153e-01,2.343486387687370148e-03
1.140000000000000000e+02,2.246812659999999906e-01,2.361944274483630205e-03
1.145000000000000000e+02,2.248657800000000151e-01,2.385499885627746612e-03
1.150000000000000000e+02,2.251741899999999963e-01,2.413737503400066424e-03
1.155000000000000000e+02,2.255990099999999887e-01,2.444843023903577398e-03
1.160000000000000000e+02,2.261240379999999717e-01,2.475873178810657649e-03
1.165000000000000000e+02,2.267269239999999964e-01,2.503417138388247878e-03
1.170000000000000000e+02,2.273826360000000268e-01,2.524455361396990560e-03
1.175000000000000000e+02,2.280673320000000115e-01,2.537066331612951222e-03
1.180000000000000000e+02,2.287620959999999981e-01,2.540801844451081194e-03
1.185000000000000000e+02,2.294559839999999740e-01,2.536667931205419894e-03
1.190000000000000000e+02,2.301479280000000016e-01,2.526747444782323146e-03
1.195000000000000000e+02,2.308471599999999957e-01,2.513644497225095507e-03
1.200000000000000000e+02,2.315721139999999956e-01,2.499973345747107112e-03
1.205000000000000000e+02,2.323478959999999705e-01,2.488001279930539787e-03
1.210000000000000000e+02,2.332026260000000240e-01,2.479583252249459215e-03
1.215000000000000000e+02,2.341631299999999971e-01,2.476271050274988540e-03
1.220000000000000000e+02,2.352505359999999823e-01,2.479417578227998721e-03
1.225000000000000000e+02,2.364762980000000014e-01,2.490173648441810269e-03
1.230000000000000000e+02,2.378392059999999975e-01,2.509211583261963373e-03
1.235000000000000000e+02,2.393237899999999807e-01,2.536320964229489116e-03
1.240000000000000000e+02,2.409003639999999780e-01,2.570067709210403610e-03
1.245000000000000000e+02,2.425268079999999826e-01,2.607717568617049127e-03
1.250000000000000000e+02,2.441519480000000075e-01,2.645544112934802676e-03
1.255000000000000000e+02,2.457201979999999730e-01,2.679479392657088069e-03
1.260000000000000000e+02,2.471769479999999797e-01,2.705857255093848703e-03
1.265000000000000000e+02,2.484741020000000022e-01,2.722074169091279715e-03
1.270000000000000000e+02,2.495750979999999952e-01,2.726985969068048375e-03
1.275000000000000000e+02,2.504588099999999207e-01,2.720971452575348705e-03
1.280000000000000000e+02,2.511218560000000322e-01,2.705717311622925225e-03
1.285000000000000000e+02,2.515790219999999300e-01,2.683833816035186091e-03
1.290000000000000000e+02,2.518617239999999535e-01,2.658436937556725964e-03
1.295000000000000000e+02,2.520147019999999793e-01,2.632802458707070650e-03
1.300000000000000000e+02,2.520913099999999574e-01,2.610168371609387743e-03
1.305000000000000000e+02,2.521479280000000212e-01,2.593614314581871565e-03
1.310000000000000000e+02,2.522381080000000164e-01,2.585967367532697198e-03
1.315000000000000000e+02,2.524071479999999701e-01,2.589583638132585738e-03
1.320000000000000000e+02,2.526876599999999806e-01,2.606002920984546497e-03
1.325000000000000000e+02,2.530966679999999691e-01,2.635529089935069978e-03
1.330000000000000000e+02,2.536345159999999765e-01,2.676902970745484098e-03
1.335000000000000000e+02,2.542857779999999623e-01,2.727254091039926168e-03
1.340000000000000000e+02,2.550220000000000264e-01,2.782391964407604067e-03
1.345000000000000000e+02,2.558059940000000365e-01,2.837404291236271612e-03
1.350000000000000000e+02,2.565971839999999782e-01,2.887382487989077068e-03
1.355000000000000000e+02,2.573573080000000068e-01,2.928109257615565519e-03
1.360000000000000000e+02,2.580558679999999661e-01,2.956585647973691486e-03
1.365000000000000000e+02,2.586745859999999841e-01,2.971308011325311978e-03
1.370000000000000000e+02,2.592103760000000201e-01,2.972349582348278972e-03
1.375000000000000000e+02,2.596763860000000368e-01,2.961261320985700447e-03
1.380000000000000000e+02,2.601010020000000256e-01,2.940864110278471315e-03
1.385000000000000000e+02,2.605248960000000058e-01,2.914960218684978406e-03
1.390000000000000000e+02,2.609964420000000507e-01,2.887991522074468201e-03
1.395000000000000000e+02,2.615660119999999589e-01,2.864650078525122871e-03
1.400000000000000000e+02,2.622798819999999642e-01,2.849398391035198961e-03
1.405000000000000000e+02,2.631744040000000284e-01,2.845963341017582627e-03
1.410000000000000000e+02,2.642711939999999871e-01,2.856824551449739600e-03
1.415000000000000000e+02,2.655739019999999728e-01,2.882841539227224640e-03
1.420000000000000000e+02,2.670669440000000283e-01,2.923081188103742335e-03
1.425000000000000000e+02,2.687164160000000135e-01,2.974955522895422321e-03
1.430000000000000000e+02,2.704730460000000503e-01,3.034565362409571022e-03
1.435000000000000000e+02,2.722768780000000000e-01,3.097222236306908238e-03
1.440000000000000000e+02,2.740631479999999787e-01,3.158011139209927504e-03
1.445000000000000000e+02,2.757687059999999191e-01,3.212302816965730522e-03
1.450000000000000000e+02,2.773382359999999602e-01,3.256186870725635580e-03
1.455000000000000000e+02,2.787295520000000471e-01,3.286821247863049196e-03
1.460000000000000000e+02,2.799174739999999995e-01,3.302686026092397330e-03
1.465000000000000000e+02,2.808957420000000038e-01,3.303741209314672595e-03
1.470000000000000000e+02,2.816769120000000015e-01,3.291479419036976491e-03
1.475000000000000000e+02,2.822901220000000322e-01,3.268829198664865814e-03
1.480000000000000000e+02,2.827771359999999845e-01,3.239907506498601510e-03
1.485000000000000000e+02,2.831871299999999536e-01,3.209574212764054833e-03
1.490000000000000000e+02,2.835707339999999910e-01,3.182859515403715488e-03
1.495000000000000000e+02,2.839742260000000518e-01,3.164328421233480928e-03
1.500000000000000000e+02,2.844343659999999940e-01,3.157523214587024986e-03
1.505000000000000000e+02,2.849746080000000181e-01,3.164608049238326268e-03
1.510000000000000000e+02,2.856030139999999884e-01,3.186282554929170674e-03
1.515000000000000000e+02,2.863121180000000043e-01,3.221888416291599725e-03
1.520000000000000000e+02,2.870806940000000251e-01,3.269641363583476474e-03
1.525000000000000000e+02,2.878771679999999611e-01,3.326832245412142484e-03
1.530000000000000000e+02,2.886642460000000132e-01,3.389987783120463564e-03
1.535000000000000000e+02,2.894041820000000098e-01,3.455008195992300812e-03
1.540000000000000000e+02,2.900640460000000198e-01,3.517392027748117867e-03
1.545000000000000000e+02,2.906204000000000010e-01,3.572603671829556980e-03
1.550000000000000000e+02,2.910628080000000617e-01,3.616601063181281925e-03
1.555000000000000000e+02,2.913958080000000339e-01,3.646420520873040055e-03
1.560000000000000000e+02,2.916390780000000515e-01,3.660720137101981363e-03
1.565000000000000000e+02,2.918257960000000262e-01,3.660111580153810155e-03
1.570000000000000000e+02,2.919993300000000014e-01,3.647171008004692662e-03
1.575000000000000000e+02,2.922086960000000455e-01,3.626108678820317514e-03
1.580000000000000000e+02,2.925032000000000187e-01,3.602108570329329903e-03
1.585000000000000000e+02,2.929270240000000358e-01,3.580500597653351637e-03
1.590000000000000000e+02,2.935142779999999618e-01,3.565969620699819230e-03
1.595000000000000000e+02,2.942851700000000403e-01,3.561998659989923637e-03
1.600000000000000000e+02,2.952437419999999757e-01,3.570677649465715548e-03
1.605000000000000000e+02,2.963774120000000067e-01,3.592802226191137843e-03
1.610000000000000000e+02,2.976583540000000139e-01,3.628095598549741039e-03
1.615000000000000000e+02,2.990465160000000400e-01,3.675378412553732040e-03
1.620000000000000000e+02,3.004939340000000181e-01,3.732534326397546603e-03
1.625000000000000000e+02,3.019497420000000210e-01,3.796406620292934637e-03
1.630000000000000000e+02,3.033653719999999665e-01,3.862754547845874062e-03
1.635000000000000000e+02,3.046992819999999602e-01,3.926486608604944951e-03
1.640000000000000000e+02,3.059207339999999720e-01,3.982212242700775874e-03
1.645000000000000000e+02,3.070122859999999676e-01,4.025052824389516171e-03
1.650000000000000000e+02,3.079705919999999875e-01,4.051497430036695747e-03
1.655000000000000000e+02,3.088056719999999755e-01,4.060095558058211297e-03
1.660000000000000000e+02,3.095386219999999855e-01,4.051783241277104840e-03
1.665000000000000000e+02,3.101981320000000153e-01,4.029739476886067158e-03
1.670000000000000000e+02,3.108162919999999940e-01,3.998773386539175405e-03
1.675000000000000000e+02,3.114240759999999941e-01,3.964403295702391417e-03
1.680000000000000000e+02,3.120472400000000035e-01,3.931875617758016223e-03
1.685000000000000000e+02,3.127030160000000558e-01,3.905408257060456224e-03
1.690000000000000000e+02,3.133980120000000036e-01,3.887856497232628633e-03
1.695000000000000000e+02,3.141276199999999963e-01,3.880863188252069770e-03
1.700000000000000000e+02,3.148769299999999993e-01,3.885257205290279167e-03
1.705000000000000000e+02,3.156229879999999932e-01,3.901393458949505965e-03
1.710000000000000000e+02,3.163380740000000246e-01,3.929214281169450887e-03
1.715000000000000000e+02,3.169935759999999436e-01,3.967934026164754609e-03
1.720000000000000000e+02,3.175639419999999880e-01,4.015592732351479927e-03
1.725000000000000000e+02,3.180302240000000280e-01,4.068751962091815728e-03
1.730000000000000000e+02,3.183828400000000003e-01,4.122633082985923368e-03
1.735000000000000000e+02,3.186231560000000185e-01,4.171777162815144824e-03
1.740000000000000000e+02,3.187638599999999545e-01,4.211039564545790079e-03
1.745000000000000000e+02,3.188279920000000045e-01,4.236648723674646226e-03
1.750000000000000000e+02,3.188468340000000234e-01,4.246993759967867405e-03
1.755000000000000000e+02,3.188568399999999747e-01,4.242910587993816741e-03
1.760000000000000000e+02,3.188959999999999573e-01,4.227404728937133455e-03
1.765000000000000000e+02,3.190000339999999879e-01,4.204876792293209091e-03
1.770000000000000000e+02,3.191988259999999911e-01,4.180085558803311833e-03
1.775000000000000000e+02,3.195135319999999890e-01,4.157189939560614576e-03
1.780000000000000000e+02,3.199546879999999871e-01,4.139166720123021656e-03
1.785000000000000000e+02,3.205215499999999884e-01,4.127729958932636542e-03
1.790000000000000000e+02,3.212027140000000003e-01,4.123718782335435325e-03
1.795000000000000000e+02,3.219779299999999678e-01,4.127589198694562624e-03
1.800000000000000000e+02,3.228208300000000586e-01,4.139726720928566667e-03
1.805000000000000000e+02,3.237022219999999839e-01,4.160366724161947832e-03
1.810000000000000000e+02,3.245935159999999708e-01,4.189163976753119446e-03
1.815000000000000000e+02,3.254698340000000689e-01,4.224653701914035664e-03
1.820000000000000000e+02,3.263124880000000116e-01,4.263984584842448085e-03
1.825000000000000000e+02,3.271104980000000273e-01,4.303128536871056974e-03
1.830000000000000000e+02,3.278611100000000111e-01,4.337596296599077750e-03
1.835000000000000000e+02,3.285691899999999555e-01,4.363428891925476109e-03
1.840000000000000000e+02,3.292457380000000100e-01,4.378123736144744378e-03
1.845000000000000000e+02,3.299056280000000063e-01,4.381176661039136271e-03
1.850000000000000000e+02,3.305649199999999843e-01,4.374091387164880974e-03
1.855000000000000000e+02,3.312380939999999829e-01,4.359813024545436573e-03
1.860000000000000000e+02,3.319355039999999368e-01,4.341811223645727913e-03
1.865000000000000000e+02,3.326614240000000389e-01,4.323123871487605935e-03
1.870000000000000000e+02,3.334129179999999470e-01,4.305704236646310662e-03
1.875000000000000000e+02,3.341797180000000145e-01,4.290292011783578691e-03
1.880000000000000000e+02,3.349450980000000522e-01,4.276814508104600371e-03
1.885000000000000000e+02,3.356877080000000291e-01,4.265082163357931250e-03
1.890000000000000000e+02,3.363840580000000413e-01,4.255387129454149021e-03
1.895000000000000000e+02,3.370113519999999863e-01,4.248748337096939012e-03
1.900000000000000000e+02,3.375503119999999635e-01,4.246625806862904147e-03
1.905000000000000000e+02,3.379875640000000181e-01,4.250278925728994024e-03
1.910000000000000000e+02,3.383174020000000448e-01,4.260034659628256747e-03
1.915000000000000000e+02,3.385425899999999766e-01,4.274862605288030568e-03
1.920000000000000000e+02,3.386742520000000090e-01,4.292460144628485082e-03
1.925000000000000000e+02,3.387308199999999880e-01,4.309852035472907898e-03
1.930000000000000000e+02,3.387362099999999820e-01,4.324240035588911187e-03
1.935000000000000000e+02,3.387174520000000300e-01,4.333798628852519354e-03
1.940000000000000000e+02,3.387020320000000417e-01,4.338072692954096990e-03
1.945000000000000000e+02,3.387152399999999730e-01,4.337870574606859236e-03
1.950000000000000000e+02,3.387778280000000031e-01,4.334734686500892401e-03
1.955000000000000000e+02,3.389042199999999783e-01,4.330198091600428144e-03
1.960000000000000000e+02,3.391014760000000128e-01,4.325176634041201507e-03
1.965000000000000000e+02,3.393691640000000009e-01,4.319731684914699874e-03
1.970000000000000000e+02,3.397000879999999556e-01,4.313303279623863229e-03
1.975000000000000000e+02,3.400818160000000367e-01,4.305270955232204030e-03
1.980000000000000000e+02,3.404987879999999967e-01,4.295571832556637978e-03
1.985000000000000000e+02,3.409347380000000705e-01,4.285050352073357764e-03
1.990000000000000000e+02,3.413750460000000153e-01,4.275389226533182069e-03
1.995000000000000000e+02,3.418088099999999629e-01,4.268606406478582006e-03
2.000000000000000000e+02,3.422302879999999936e-01,4.266335759120929751e-03
2.005000000000000000e+02,3.426395640000000076e-01,4.269204922325228746e-03
2.010000000000000000e+02,3.430424060000000219e-01,4.276568991711231921e-03
2.015000000000000000e+02,3.434493000000000129e-01,4.286766892210260547e-03
2.020000000000000000e+02,3.438738459999999830e-01,4.297698065998353453e-03
2.025000000000000000e+02,3.443306899999999948e-01,4.307573886814944700e-03
2.030000000000000000e+02,3.448332840000000177e-01,4.315404239246424002e-03
2.035000000000000000e+02,3.453917299999999524e-01,4.321140043759283747e-03
2.040000000000000000e+02,3.460109760000000256e-01,4.325360236794846200e-03
2.045000000000000000e+02,3.466896320000000253e-01,4.328703587115200792e-03
2.050000000000000000e+02,3.474194859999999996e-01,4.331306426599946385e-03
2.055000000000000000e+02,3.481859260000000345e-01,4.332528376952198175e-03
2.060000000000000000e+02,3.489690560000000552e-01,4.331097060951875390e-03
2.065000000000000000e+02,3.497455800000000559e-01,4.325619510892053654e-03
2.070000000000000000e+02,3.504910599999999654e-01,4.315252497151241505e-03
2.075000000000000000e+02,3.511824039999999481e-01,4.300226698756238509e-03
2.080000000000000000e+02,3.518002000000000073e-01,4.281996292710909049e-03
2.085000000000000000e+02,3.523306760000000648e-01,4.262957123812767708e-03
2.090000000000000000e+02,3.527670139999999899e-01,4.245790267664670097e-03
2.095000000000000000e+02,3.531099059999999734e-01,4.232721828454596644e-03
2.100000000000000000e+02,3.533672479999999672e-01,4.224934297148769634e-03
2.105000000000000000e+02,3.535531020000000080e-01,4.222398432471048159e-03
2.110000000000000000e+02,3.536859680000000172e-01,4.224141394170412289e-03
2.115000000000000000e+02,3.537866559999999772e-01,4.228788904009747086e-03
2.120000000000000000e+02,3.538759799999999234e-01,4.235150404097833346e-03
2.125000000000000000e+02,3.539725859999999780e-01,4.242564099747466247e-03
2.130000000000000000e+02,3.540911000000000475e-01,4.250894380919145905e-03
2.135000000000000000e+02,3.542408960000000273e-01,4.260209536385037993e-03
2.140000000000000000e+02,3.544255360000000410e-01,4.270328538040841365e-03
2.145000000000000000e+02,3.546429720000000008e-01,4.280494205784420025e-03
2.150000000000000000e+02,3.548864280000000315e-01,4.289358505769129762e-03
2.155000000000000000e+02,3.551458499999999852e-01,4.295321558032649985e-03
2.160000000000000000e+02,3.554097040000000485e-01,4.297092443078928334e-03
2.165000000000000000e+02,3.556669020000000070e-01,4.294224331432160494e-03
2.170000000000000000e+02,3.559085880000000257e-01,4.287406772203218586e-03
2.175000000000000000e+02,3.561296280000000314e-01,4.278353004062893615e-03
2.180000000000000000e+02,3.563295679999999854e-01,4.269304567578195188e-03
2.185000000000000000e+02,3.565129859999999762e-01,4.262337758619793443e-03
2.190000000000000000e+02,3.566892139999999767e-01,4.258726258512745937e-03
2.195000000000000000e+02,3.568714239999999926e-01,4.258629896643515399e-03
2.200000000000000000e+02,3.570751980000000381e-01,4.261205284685777236e-03
2.205000000000000000e+02,3.573167720000000047e-01,4.265103621110983949e-03
2.210000000000000000e+02,3.576111139999999522e-01,4.269097298658818505e-03
2.215000000000000000e+02,3.579700919999999620e-01,4.272603269843106878e-03
2.220000000000000000e+02,3.584009499999999959e-01,4.275855466852218623e-03
2.225000000000000000e+02,3.589052819999999366e-01,4.279697830374714143e-03
2.230000000000000000e+02,3.594786180000000275e-01,4.285081027736115100e-03
2.235000000000000000e+02,3.601107080000000016e-01,4.292503846350525717e-03
2.240000000000000000e+02,3.607864020000000060e-01,4.301663189104182675e-03
2.245000000000000000e+02,3.614870960000000077e-01,4.311482232572233335e-03
2.250000000000000000e+02,3.621924619999999928e-01,4.320476567742730610e-03
2.255000000000000000e+02,3.628823600000000704e-01,4.327353974668588822e-03
2.260000000000000000e+02,3.635386680000000093e-01,4.331507593350613500e-03
2.265000000000000000e+02,3.641467999999999927e-01,4.333240068628790506e-03
2.270000000000000000e+02,3.646968640000000095e-01,4.333583110319453452e-03
2.275000000000000000e+02,3.651842600000000383e-01,4.333816904801122798e-03
2.280000000000000000e+02,3.656097399999999609e-01,4.334878212949005993e-03
2.285000000000000000e+02,3.659789059999999372e-01,4.336942256697222386e-03
2.290000000000000000e+02,3.663012119999999872e-01,4.339348986999546146e-03
2.295000000000000000e+02,3.665886139999999793e-01,4.340933878867080618e-03
2.300000000000000000e+02,3.668539880000000197e-01,4.340606947010294293e-03
2.305000000000000000e+02,3.671095400000000120e-01,4.337941881039905634e-03
2.310000000000000000e+02,3.673654060000000610e-01,4.333522282706756684e-03
2.315000000000000000e+02,3.676285260000000110e-01,4.328872993380146472e-03
2.320000000000000000e+02,3.679020800000000202e-01,4.326036747750756396e-03
2.325000000000000000e+02,3.681853659999999584e-01,4.326907662514423158e-03
2.330000000000000000e+02,3.684742560000000555e-01,4.332621655856419562e-03
2.335000000000000000e+02,3.687620940000000402e-01,4.343246049052023987e-03
2.340000000000000000e+02,3.690408680000000219e-01,4.357892951797227334e-03
2.345000000000000000e+02,3.693025540000000051e-01,4.375150175510097300e-03
2.350000000000000000e+02,3.695404119999999848e-01,4.393638121369808358e-03
2.355000000000000000e+02,3.697501159999999620e-01,4.412394259334267640e-03
2.360000000000000000e+02,3.699305319999999786e-01,4.430933575852159106e-03
2.365000000000000000e+02,3.700841320000000101e-01,4.448978130871629640e-03
2.370000000000000000e+02,3.702170040000000162e-01,4.466015458066179000e-03
2.375000000000000000e+02,3.703384319999999397e-01,4.480955993127359871e-03
2.380000000000000000e+02,3.704601079999999547e-01,4.492093450554430524e-03
2.385000000000000000e+02,3.705951019999999541e-01,4.497471806592459771e-03
2.390000000000000000e+02,3.707566400000000262e-01,4.495510160368902490e-03
2.395000000000000000e+02,3.709568280000000162e-01,4.485712182078114944e-03
2.400000000000000000e+02,3.712055179999999566e-01,4.469145812509811057e-03
2.405000000000000000e+02,3.715093520000000149e-01,4.448508844813499861e-03
2.410000000000000000e+02,3.718711659999999752e-01,4.427712083278006333e-03
2.415000000000000000e+02,3.722897880000000104e-01,4.411076623054057885e-03
2.420000000000000000e+02,3.727602399999999649e-01,4.402382414957841349e-03
2.425000000000000000e+02,3.732743259999999896e-01,4.404094485265506488e-03
2.430000000000000000e+02,3.738215059999999701e-01,4.416990142201586422e-03
2.435000000000000000e+02,3.743899540000000248e-01,4.440299710692511767e-03
2.440000000000000000e+02,3.749676460000000433e-01,4.472160478267294889e-03
2.445000000000000000e+02,3.755433899999999769e-01,4.510179739329685591e-03
2.450000000000000000e+02,3.761076659999999516e-01,4.551785508520363871e-03
2.455000000000000000e+02,3.766532159999999574e-01,4.594352836786265611e-03
2.460000000000000000e+02,3.771753439999999680e-01,4.635109319693116701e-03
2.465000000000000000e+02,3.776719579999999743e-01,4.671057025230369170e-03
2.470000000000000000e+02,3.781433240000000029e-01,4.699078935164423959e-03
2.475000000000000000e+02,3.785916000000000281e-01,4.716321135435967878e-03
2.480000000000000000e+02,3.790202139999999664e-01,4.720793571323151153e-03
2.485000000000000000e+02,3.794331439999999445e-01,4.712005872470451801e-03
2.490000000000000000e+02,3.798341879999999615e-01,4.691418675735949985e-03
2.495000000000000000e+02,3.802263260000000034e-01,4.662527313478816333e-03
2.500000000000000000e+02,3.806112540000000100e-01,4.630456117517577942e-03
2.505000000000000000e+02,3.809891180000000155e-01,4.601149862038190520e-03
2.510000000000000000e+02,3.813585400000000236e-01,4.580290061134774209e-03
2.515000000000000000e+02,3.817168560000000488e-01,4.572305904542697287e-03
2.520000000000000000e+02,3.820605820000000374e-01,4.579672132535690665e-03
2.525000000000000000e+02,3.823859799999999032e-01,4.602759152992907075e-03
2.530000000000000000e+02,3.826896679999999829e-01,4.640078089194624514e-03
2.535000000000000000e+02,3.829691800000000201e-01,4.688833087209436611e-03
2.540000000000000000e+02,3.832233780000000034e-01,4.745410730829739861e-03
2.545000000000000000e+02,3.834527239999999670e-01,4.805729668449526537e-03
2.550000000000000000e+02,3.836593400000000154e-01,4.865412107352263746e-03
2.555000000000000000e+02,3.838469339999999730e-01,4.919910077715444752e-03
2.560000000000000000e+02,3.840205799999999448e-01,4.964742801754185031e-03
2.565000000000000000e+02,3.841863980000000400e-01,4.995902966613138471e-03
2.570000000000000000e+02,3.843511739999999621e-01,5.010453676761816508e-03
2.575000000000000000e+02,3.845219100000000223e-01,5.007131979199268279e-03
2.580000000000000000e+02,3.847054120000000244e-01,4.986857061357779890e-03
2.585000000000000000e+02,3.849078280000000074e-01,4.952900787505641958e-03
2.590000000000000000e+02,3.851342999999999850e-01,4.910643614850294068e-03
2.595000000000000000e+02,3.853886739999999866e-01,4.866907002124240197e-03
2.600000000000000000e+02,3.856733159999999883e-01,4.828920941749408058e-03
2.605000000000000000e+02,3.859891160000000765e-01,4.803218687181122493e-03
2.610000000000000000e+02,3.863355820000000107e-01,4.794614515784761249e-03
2.615000000000000000e+02,3.867110519999999996e-01,4.805625346469903116e-03
2.620000000000000000e+02,3.871129640000000038e-01,4.836320390623014692e-03
2.625000000000000000e+02,3.875381420000000299e-01,4.884599619254785356e-03
2.630000000000000000e+02,3.879830260000000086e-01,4.946689029143224933e-03
2.635000000000000000e+02,3.884438299999999900e-01,5.017636966488309321e-03
2.640000000000000000e+02,3.889166960000000062e-01,5.091765961565400053e-03
2.645000000000000000e+02,3.893977459999999891e-01,5.163064915174514491e-03
2.650000000000000000e+02,3.898831820000000503e-01,5.225607555704315198e-03
2.655000000000000000e+02,3.903693719999999923e-01,5.274035705209447096e-03
2.660000000000000000e+02,3.908529640000000249e-01,5.304142316496228068e-03
2.665000000000000000e+02,3.913310019999999834e-01,5.313464316736678066e-03
2.670000000000000000e+02,3.918009919999999591e-01,5.301750753725039886e-03
2.675000000000000000e+02,3.922609300000000077e-01,5.271215822366790218e-03
2.680000000000000000e+02,3.927092460000000118e-01,5.226432855169577119e-03
2.685000000000000000e+02,3.931447140000000062e-01,5.173848187235111952e-03
2.690000000000000000e+02,3.935663299999999643e-01,5.120936762245745233e-03
2.695000000000000000e+02,3.939732160000000150e-01,5.075162617410993240e-03
2.700000000000000000e+02,3.943645700000000254e-01,5.042922866763880317e-03
2.705000000000000000e+02,3.947396900000000319e-01,5.028727464925894855e-03
2.710000000000000000e+02,3.950980099999999995e-01,5.034771667429416807e-03
2.715000000000000000e+02,3.954391939999999939e-01,5.060936245322203778e-03
2.720000000000000000e+02,3.957631600000000027e-01,5.105094528534216518e-03
2.725000000000000000e+02,3.960700979999999816e-01,5.163553580056470284e-03
2.730000000000000000e+02,3.963604020000000561e-01,5.231513968600672027e-03
2.735000000000000000e+02,3.966346359999999849e-01,5.303438398064598373e-03
2.740000000000000000e+02,3.968934779999999662e-01,5.373424861667279971e-03
2.745000000000000000e+02,3.971377680000000021e-01,5.435614331198828850e-03
2.750000000000000000e+02,3.973685759999999734e-01,5.484693556466577365e-03
2.755000000000000000e+02,3.975873460000000081e-01,5.516473852358584791e-03
2.760000000000000000e+02,3.977960520000000111e-01,5.528467269278528745e-03
2.765000000000000000e+02,3.979972740000000120e-01,5.520339619347348556e-03
2.770000000000000000e+02,3.981942299999999824e-01,5.494128128122787585e-03
2.775000000000000000e+02,3.983906759999999991e-01,5.454126122235905538e-03
2.780000000000000000e+02,3.985907340000000021e-01,5.406392447221710501e-03
2.785000000000000000e+02,3.987986579999999726e-01,5.357965117075143974e-03
2.790000000000000000e+02,3.990185760000000137e-01,5.315902112044192454e-03
2.795000000000000000e+02,3.992542559999999741e-01,5.286328718927342865e-03
2.800000000000000000e+02,3.995089159999999917e-01,5.273709676662723805e-03
2.805000000000000000e+02,3.997850619999999688e-01,5.280468754602566164e-03
2.810000000000000000e+02,4.000843459999999796e-01,5.306932373798067468e-03
2.815000000000000000e+02,4.004074540000000515e-01,5.351518616035639588e-03
2.820000000000000000e+02,4.007540160000000462e-01,5.411043094654303422e-03
2.825000000000000000e+02,4.011225699999999561e-01,5.481012768068507617e-03
2.830000000000000000e+02,4.015105980000000518e-01,5.555944242505855835e-03
2.835000000000000000e+02,4.019146900000000189e-01,5.629714509447172020e-03
2.840000000000000000e+02,4.023307920000000482e-01,5.696046838272480692e-03
2.845000000000000000e+02,4.027545659999999250e-01,5.749133122141625828e-03
2.850000000000000000e+02,4.031817899999999844e-01,5.784341536570087976e-03
2.855000000000000000e+02,4.036086919999999911e-01,5.798898656346219808e-03
2.860000000000000000e+02,4.040322460000000393e-01,5.792397297569118995e-03
2.865000000000000000e+02,4.044502939999999880e-01,5.766990188759292535e-03
2.870000000000000000e+02,4.048615540000000124e-01,5.727196224256331757e-03
2.875000000000000000e+02,4.052654740000000144e-01,5.679327793705515014e-03
2.880000000000000000e+02,4.056620220000000110e-01,5.630597346291421959e-03
2.885000000000000000e+02,4.060514179999999973e-01,5.588116990687826656e-03
2.890000000000000000e+02,4.064338799999999696e-01,5.557974098465197181e-03
2.895000000000000000e+02,4.068093939999999908e-01,5.544564774730840334e-03
2.900000000000000000e+02,4.071775640000000474e-01,5.550284676911265702e-03
2.905000000000000000e+02,4.075375159999999886e-01,5.575493728604312242e-03
2.910000000000000000e+02,4.078878799999999805e-01,5.618702717614628035e-03
2.915000000000000000e+02,4.082268360000000373e-01,5.676785312531730694e-03
2.920000000000000000e+02,4.085522519999999491e-01,5.745213569415328139e-03
2.925000000000000000e+02,4.088618900000000056e-01,5.818355459982656880e-03
2.930000000000000000e+02,4.091536960000000112e-01,5.889856354522241162e-03
2.935000000000000000e+02,4.094261119999999532e-01,5.953235829234722852e-03
2.940000000000000000e+02,4.096783800000000086e-01,6.002618910601441836e-03
2.945000000000000000e+02,4.099108099999999588e-01,6.033500991857884688e-03
2.950000000000000000e+02,4.101249299999999431e-01,6.043471258979398603e-03
2.955000000000000000e+02,4.103234940000000108e-01,6.032624639080899631e-03
2.960000000000000000e+02,4.105103719999999567e-01,6.003659239470871684e-03
2.965000000000000000e+02,4.106902540000000323e-01,5.961547121370083455e-03
2.970000000000000000e+02,4.108683080000000709e-01,5.912847488187397346e-03
2.975000000000000000e+02,4.110497179999999529e-01,5.864796764491841605e-03
2.980000000000000000e+02,4.112392579999999964e-01,5.824337733460691231e-03
2.985000000000000000e+02,4.114408920000000580e-01,5.797280740708871116e-03
2.990000000000000000e+02,4.116575060000000619e-01,5.787727562908085918e-03
2.995000000000000000e+02,4.118906919999999472e-01,5.797781779019796702e-03
3.000000000000000000e+02,4.121407299999999552e-01,5.827505244375160917e-03
3.005000000000000000e+02,4.124066579999999815e-01,5.875020008084565031e-03
3.010000000000000000e+02,4.126865139999999488e-01,5.936710071434001500e-03
3.015000000000000000e+02,4.129776160000000473e-01,6.007509335280804275e-03
3.020000000000000000e+02,4.132769879999999563e-01,6.081308800173199081e-03
3.025000000000000000e+02,4.135817460000000279e-01,6.151539658921665633e-03
3.030000000000000000e+02,4.138894999999999658e-01,6.211886418081065224e-03
3.035000000000000000e+02,4.141986820000000402e-01,6.257084338099811599e-03
3.040000000000000000e+02,4.145087459999999835e-01,6.283624655884210465e-03
3.045000000000000000e+02,4.148202099999999670e-01,6.290282208917974405e-03
3.050000000000000000e+02,4.151345579999999869e-01,6.278329721883360408e-03
3.055000000000000000e+02,4.154539419999999650e-01,6.251375652735482839e-03
3.060000000000000000e+02,4.157807940000000646e-01,6.214865400308037559e-03
3.065000000000000000e+02,4.161173220000000117e-01,6.175316931181265047e-03
3.070000000000000000e+02,4.164650019999999730e-01,6.139434838328691225e-03
3.075000000000000000e+02,4.168241400000000096e-01,6.113241990028703277e-03
3.080000000000000000e+02,4.171935600000000188e-01,6.101405126772847277e-03
3.085000000000000000e+02,4.175704780000000227e-01,6.106767872145954339e-03
3.090000000000000000e+02,4.179505860000000128e-01,6.130174693071641263e-03
3.095000000000000000e+02,4.183283340000000239e-01,6.170474088528045582e-03
3.100000000000000000e+02,4.186974260000000392e-01,6.224714791870069631e-03
3.105000000000000000e+02,4.190514060000000152e-01,6.288450839041840462e-03
3.110000000000000000e+02,4.193843100000000379e-01,6.356187410661362676e-03
3.115000000000000000e+02,4.196913399999999683e-01,6.421933173941468329e-03
3.120000000000000000e+02,4.199693919999999414e-01,6.479857362709770530e-03
3.125000000000000000e+02,4.202174459999999945e-01,6.524955976717853982e-03
3.130000000000000000e+02,4.204367800000000099e-01,6.553684165289787658e-03
3.135000000000000000e+02,4.206309140000000224e-01,6.564394378113333484e-03
3.140000000000000000e+02,4.208053000000000488e-01,6.557578119289171094e-03
3.145000000000000000e+02,4.209668480000000601e-01,6.535790185882957987e-03
3.150000000000000000e+02,4.211232040000000287e-01,6.503321672331459011e-03
3.155000000000000000e+02,4.212819760000000580e-01,6.465625827832595894e-03
3.160000000000000000e+02,4.214498979999999895e-01,6.428617383604662110e-03
3.165000000000000000e+02,4.216321039999999520e-01,6.397922303351765046e-03
3.170000000000000000e+02,4.218315920000000330e-01,6.378211222067987213e-03
3.175000000000000000e+02,4.220489399999999836e-01,6.372697852894016780e-03
3.180000000000000000e+02,4.222823100000000496e-01,6.382869102089587868e-03
3.185000000000000000e+02,4.225277980000000655e-01,6.408417777791493124e-03
3.190000000000000000e+02,4.227800239999999765e-01,6.447383269516865530e-03
3.195000000000000000e+02,4.230329080000000408e-01,6.496451100941497657e-03
3.200000000000000000e+02,4.232805360000000405e-01,6.551359438651339732e-03
3.205000000000000000e+02,4.235180160000000527e-01,6.607399855535152182e-03
3.210000000000000000e+02,4.237421860000000207e-01,6.659932648771006020e-03
3.215000000000000000e+02,4.239521299999999826e-01,6.704907035955830728e-03
3.220000000000000000e+02,4.241494559999999803e-01,6.739315760466046100e-03
3.225000000000000000e+02,4.243382079999999945e-01,6.761519607030211376e-03
3.230000000000000000e+02,4.245245539999999984e-01,6.771420472307569140e-03
3.235000000000000000e+02,4.247161580000000103e-01,6.770432022481571999e-03
3.240000000000000000e+02,4.249213400000000362e-01,6.761284191344122188e-03
3.245000000000000000e+02,4.251480899999999785e-01,6.747642763135877284e-03
3.250000000000000000e+02,4.254030420000000090e-01,6.733633263926990659e-03
3.255000000000000000e+02,4.256905240000000146e-01,6.723312618199903112e-03
3.260000000000000000e+02,4.260118699999999592e-01,6.720165411162139224e-03
3.265000000000000000e+02,4.263650019999999929e-01,6.726694562711612625e-03
3.270000000000000000e+02,4.267444260000000655e-01,6.744156946880455403e-03
3.275000000000000000e+02,4.271416580000000351e-01,6.772468338047358573e-03
3.280000000000000000e+02,4.275460020000000361e-01,6.810252893948497838e-03
3.285000000000000000e+02,4.279456159999999731e-01,6.855069581766915984e-03
3.290000000000000000e+02,4.283287460000000380e-01,6.903708315173525019e-03
3.295000000000000000e+02,4.286849320000000185e-01,6.952593053544411060e-03
3.300000000000000000e+02,4.290061360000000379e-01,6.998188730239127651e-03
3.305000000000000000e+02,4.292875919999999956e-01,7.037401306212681500e-03
3.310000000000000000e+02,4.295283160000000211e-01,7.067924655872187892e-03
3.315000000000000000e+02,4.297312059999999212e-01,7.088476421616002332e-03
3.320000000000000000e+02,4.299027699999999896e-01,7.098925247185660682e-03
3.325000000000000000e+02,4.300524219999999898e-01,7.100264572424329519e-03
3.330000000000000000e+02,4.301914759999999616e-01,7.094459761350832214e-03
3.335000000000000000e+02,4.303318819999999434e-01,7.084189444811174290e-03
3.340000000000000000e+02,4.304848780000000152e-01,7.072510039633307655e-03
3.345000000000000000e+02,4.306596819999999326e-01,7.062488965963338410e-03
3.350000000000000000e+02,4.308623899999999840e-01,7.056866227128728332e-03
3.355000000000000000e+02,4.310952399999999907e-01,7.057747624971430142e-03
3.360000000000000000e+02,4.313563280000000111e-01,7.066392567619914945e-03
3.365000000000000000e+02,4.316398240000000053e-01,7.083118839177125585e-03
3.370000000000000000e+02,4.319366960000000644e-01,7.107295132919131883e-03
3.375000000000000000e+02,4.322358259999999897e-01,7.137470093886630167e-03
3.380000000000000000e+02,4.325253639999999677e-01,7.171566808616930237e-03
3.385000000000000000e+02,4.327942140000000104e-01,7.207167415551402750e-03
3.390000000000000000e+02,4.330334060000000096e-01,7.241824824367545585e-03
3.395000000000000000e+02,4.332372620000000119e-01,7.273345439543896576e-03
3.400000000000000000e+02,4.334041720000000320e-01,7.300053187505138944e-03
3.405000000000000000e+02,4.335369220000000468e-01,7.320970954988411696e-03
3.410000000000000000e+02,4.336425460000000176e-01,7.335901562734187947e-03
3.415000000000000000e+02,4.337316740000000115e-01,7.345401033443034466e-03
3.420000000000000000e+02,4.338174780000000341e-01,7.350688816629630425e-03
3.425000000000000000e+02,4.339142899999999803e-01,7.353468552359496840e-03
3.430000000000000000e+02,4.340360579999999469e-01,7.355706304690528934e-03
3.435000000000000000e+02,4.341948020000000463e-01,7.359412871347408361e-03
3.440000000000000000e+02,4.343992280000000261e-01,7.366418347696116267e-03
3.445000000000000000e+02,4.346536999999999762e-01,7.378184150678944453e-03
3.450000000000000000e+02,4.349576419999999777e-01,7.395650881041776134e-03
3.455000000000000000e+02,4.353055440000000442e-01,7.419120099217698695e-03
3.460000000000000000e+02,4.356874359999999835e-01,7.448205169595965153e-03
3.465000000000000000e+02,4.360899560000000008e-01,7.481847382798978083e-03
3.470000000000000000e+02,4.364977100000000942e-01,7.518399825200842816e-03
3.475000000000000000e+02,4.368949240000000178e-01,7.555789400731463025e-03
3.480000000000000000e+02,4.372670819999999736e-01,7.591746873155343946e-03
3.485000000000000000e+02,4.376024600000000264e-01,7.624053776169209193e-03
3.490000000000000000e+02,4.378932979999999864e-01,7.650815971506179369e-03
3.495000000000000000e+02,4.381365959999999893e-01,7.670680488927043850e-03
3.500000000000000000e+02,4.383343600000000895e-01,7.683000282749571745e-03
3.505000000000000000e+02,4.384933020000000292e-01,7.687900038434035584e-03
3.510000000000000000e+02,4.386240540000000410e-01,7.686252414376329445e-03
3.515000000000000000e+02,4.387399400000000504e-01,7.679560980073016872e-03
3.520000000000000000e+02,4.388554659999999719e-01,7.669771020877741083e-03
3.525000000000000000e+02,4.389846560000000286e-01,7.659042685277059510e-03
3.530000000000000000e+02,4.391394779999999720e-01,7.649534818632041863e-03
3.535000000000000000e+02,4.393284740000000244e-01,7.643170391114280197e-03
3.540000000000000000e+02,4.395557820000000615e-01,7.641476019763719651e-03
3.545000000000000000e+02,4.398206580000000310e-01,7.645421640787647237e-03
3.550000000000000000e+02,4.401175780000000093e-01,7.655337827236238617e-03
3.555000000000000000e+02,4.404368599999999856e-01,7.670873338756158469e-03
3.560000000000000000e+02,4.407658060000000377e-01,7.691030837893315236e-03
3.565000000000000000e+02,4.410901660000000613e-01,7.714258055417643443e-03
3.570000000000000000e+02,4.413957919999999535e-01,7.738625062845075342e-03
3.575000000000000000e+02,4.416702860000000230e-01,7.762058874067239225e-03
3.580000000000000000e+02,4.419044460000000063e-01,7.782600161591633064e-03
3.585000000000000000e+02,4.420933859999999771e-01,7.798663892166783108e-03
3.590000000000000000e+02,4.422371280000000349e-01,7.809238069489500556e-03
3.595000000000000000e+02,4.423407160000000227e-01,7.814018915261594644e-03
3.600000000000000000e+02,4.424137180000000669e-01,7.813427108913474986e-03
3.605000000000000000e+02,4.424692440000000393e-01,7.808552005401263492e-03
3.610000000000000000e+02,4.425226020000000426e-01,7.800986006069613767e-03
3.615000000000000000e+02,4.425896120000000211e-01,7.792636973604246189e-03
3.620000000000000000e+02,4.426849779999999512e-01,7.785500720181334593e-03
3.625000000000000000e+02,4.428206879999999623e-01,7.781461041346541575e-03
3.630000000000000000e+02,4.430047780000000435e-01,7.782119311202694359e-03
3.635000000000000000e+02,4.432405000000000372e-01,7.788646845409671719e-03
3.640000000000000000e+02,4.435260360000000124e-01,7.801681250460439261e-03
3.645000000000000000e+02,4.438547740000000630e-01,7.821241862836484163e-03
3.650000000000000000e+02,4.442160800000000132e-01,7.846710336489426396e-03
3.655000000000000000e+02,4.445964960000000632e-01,7.876830044911851611e-03
3.660000000000000000e+02,4.449812400000000001e-01,7.909805993118921089e-03
3.665000000000000000e+02,4.453557619999999884e-01,7.943462403553249937e-03
3.670000000000000000e+02,4.457072860000000358e-01,7.975461003835199181e-03
3.675000000000000000e+02,4.460260920000000406e-01,8.003575686122674920e-03
3.680000000000000000e+02,4.463064780000000065e-01,8.025960909884494524e-03
3.685000000000000000e+02,4.465472000000000330e-01,8.041364611658280079e-03
3.690000000000000000e+02,4.467515040000000215e-01,8.049299835283572555e-03
3.695000000000000000e+02,4.469266280000000480e-01,8.050060119417988894e-03
3.700000000000000000e+02,4.470828820000000148e-01,8.044675246797342374e-03
3.705000000000000000e+02,4.472324159999999660e-01,8.034732351794053248e-03
3.710000000000000000e+02,4.473878099999999414e-01,8.022170525847725081e-03
3.715000000000000000e+02,4.475606140000000233e-01,8.009039927996114763e-03
3.720000000000000000e+02,4.477600819999999482e-01,7.997281511408363755e-03
3.725000000000000000e+02,4.479921519999999768e-01,7.988540035599367775e-03
3.730000000000000000e+02,4.482588259999999991e-01,7.984024688452932839e-03
3.735000000000000000e+02,4.485579899999999620e-01,7.984412750882179111e-03
3.740000000000000000e+02,4.488837139999999337e-01,7.989781633528291946e-03
3.745000000000000000e+02,4.492269020000000390e-01,7.999600819748693345e-03
3.750000000000000000e+02,4.495763160000000314e-01,8.012769690283501681e-03
3.755000000000000000e+02,4.499197920000000406e-01,8.027726048889809521e-03
3.760000000000000000e+02,4.502455299999999494e-01,8.042623206045403442e-03
3.765000000000000000e+02,4.505433779999999944e-01,8.055572127262841317e-03
3.770000000000000000e+02,4.508059000000000371e-01,8.064885844758744662e-03
3.775000000000000000e+02,4.510291999999999635e-01,8.069343207917231697e-03
3.780000000000000000e+02,4.512133579999999533e-01,8.068358992887832148e-03
3.785000000000000000e+02,4.513624600000000209e-01,8.062069055246924923e-03
3.790000000000000000e+02,4.514842119999999959e-01,8.051299444824662824e-03
3.795000000000000000e+02,4.515891300000000053e-01,8.037421374778105573e-03
3.800000000000000000e+02,4.516894800000000321e-01,8.022149741178482424e-03
3.805000000000000000e+02,4.517979859999999848e-01,8.007308785792892000e-03
3.810000000000000000e+02,4.519265219999999417e-01,7.994632665936186183e-03
3.815000000000000000e+02,4.520849339999999938e-01,7.985619747605445656e-03
3.820000000000000000e+02,4.522800580000000403e-01,7.981436525452299466e-03
3.825000000000000000e+02,4.525151179999999940e-01,7.982880756200981531e-03
3.830000000000000000e+02,4.527894779999999675e-01,7.990334328046229048e-03
3.835000000000000000e+02,4.530987839999999767e-01,8.003745083013078659e-03
3.840000000000000000e+02,4.534355180000000374e-01,8.022606956015851387e-03
3.845000000000000000e+02,4.537898000000000209e-01,8.045957903032424294e-03
3.850000000000000000e+02,4.541504500000000388e-01,8.072445436799807403e-03
3.855000000000000000e+02,4.545061340000000061e-01,8.100440036142238925e-03
3.860000000000000000e+02,4.548465600000000109e-01,8.128212064733547626e-03
3.865000000000000000e+02,4.551634940000000573e-01,8.154135115644448734e-03
3.870000000000000000e+02,4.554516220000000004e-01,8.176883624173337389e-03
3.875000000000000000e+02,4.557090340000000128e-01,8.195574353556075650e-03
3.880000000000000000e+02,4.559373640000000671e-01,8.209827925374314772e-03
3.885000000000000000e+02,4.561415379999999575e-01,8.219752002557858747e-03
3.890000000000000000e+02,4.563291559999999580e-01,8.225839397200503805e-03
3.895000000000000000e+02,4.565095819999999693e-01,8.228849268857339055e-03
3.900000000000000000e+02,4.566928459999999856e-01,8.229675993743981732e-03
3.905000000000000000e+02,4.568885380000000107e-01,8.229260253002934969e-03
3.910000000000000000e+02,4.571047440000000073e-01,8.228534179653506503e-03
3.915000000000000000e+02,4.573471820000000188e-01,8.228373694198876098e-03
3.920000000000000000e+02,4.576185839999999949e-01,8.229575150050946752e-03
3.925000000000000000e+02,4.579184560000000848e-01,8.232768918092263355e-03
3.930000000000000000e+02,4.582430860000000772e-01,8.238352396475639647e-03
3.935000000000000000e+02,4.585859400000000252e-01,8.246395458715275947e-03
3.940000000000000000e+02,4.589383120000000149e-01,8.256611431267310564e-03
3.945000000000000000e+02,4.592902099999999765e-01,8.268381610569868964e-03
3.950000000000000000e+02,4.596313819999999772e-01,8.280849795117884576e-03
3.955000000000000000e+02,4.599523879999999343e-01,8.293079183441092253e-03
3.960000000000000000e+02,4.602456039999999748e-01,8.304218324104686161e-03
3.965000000000000000e+02,4.605060579999999959e-01,8.313639878680343168e-03
3.970000000000000000e+02,4.607319860000000378e-01,8.320999839928852962e-03
3.975000000000000000e+02,4.609250579999999431e-01,8.326231187570041006e-03
3.980000000000000000e+02,4.610902000000000056e-01,8.329474793788618076e-03
3.985000000000000000e+02,4.612350840000000174e-01,8.330981747071948898e-03
3.990000000000000000e+02,4.613693060000000346e-01,8.331035660095086753e-03
3.995000000000000000e+02,4.615033859999999599e-01,8.329939587316106953e-03
4.000000000000000000e+02,4.616476539999999629e-01,8.328055697142998717e-03
4.005000000000000000e+02,4.618112159999999689e-01,8.325876904836276501e-03
4.010000000000000000e+02,4.620010439999999718e-01,8.324085037981413318e-03
4.015000000000000000e+02,4.622213199999999911e-01,8.323563546269709124e-03
4.020000000000000000e+02,4.624730659999999882e-01,8.325320691918478011e-03
4.025000000000000000e+02,4.627541319999999847e-01,8.330352328308449072e-03
4.030000000000000000e+02,4.630594620000000328e-01,8.339478949157076715e-03
4.035000000000000000e+02,4.633816960000000096e-01,8.353211446280168345e-03
4.040000000000000000e+02,4.637119860000000204e-01,8.371665332716427682e-03
4.045000000000000000e+02,4.640409580000000034e-01,8.394566015075112173e-03
4.050000000000000000e+02,4.643597200000000313e-01,8.421286393205608747e-03
4.055000000000000000e+02,4.646608340000000226e-01,8.450943525335851900e-03
4.060000000000000000e+02,4.649390839999999470e-01,8.482473048419659697e-03
4.065000000000000000e+02,4.651920200000000394e-01,8.514685898007629331e-03
4.070000000000000000e+02,4.654201780000000177e-01,8.546323752683021580e-03
4.075000000000000000e+02,4.656269680000000299e-01,8.576104484702480601e-03
4.080000000000000000e+02,4.658182180000000061e-01,8.602816276603496293e-03
4.085000000000000000e+02,4.660014920000000171e-01,8.625431570400641026e-03
4.090000000000000000e+02,4.661851999999999663e-01,8.643277919389151173e-03
4.095000000000000000e+02,4.663776679999999675e-01,8.656190660604926035e-03
4.100000000000000000e+02,4.665862039999999489e-01,8.664606270429487875e-03
4.105000000000000000e+02,4.668163419999999952e-01,8.669572077965211065e-03
4.110000000000000000e+02,4.670712419999999976e-01,8.672616285042475046e-03
4.115000000000000000e+02,4.673513899999999777e-01,8.675510219744428375e-03
4.120000000000000000e+02,4.676545480000000587e-01,8.679983501715535926e-03
4.125000000000000000e+02,4.679760079999999434e-01,8.687453743836224748e-03
4.130000000000000000e+02,4.683090660000000516e-01,8.698813828582957139e-03
4.135000000000000000e+02,4.686457179999999889e-01,8.714347289311693417e-03
4.140000000000000000e+02,4.689774599999999571e-01,8.733759177538045690e-03
4.145000000000000000e+02,4.692961679999999580e-01,8.756260222817956879e-03
4.150000000000000000e+02,4.695948919999999305e-01,8.780725088342877793e-03
4.155000000000000000e+02,4.698685860000000325e-01,8.805819927235961075e-03
4.160000000000000000e+02,4.701146279999999789e-01,8.830113310790751319e-03
4.165000000000000000e+02,4.703330580000000261e-01,8.852181431226090191e-03
4.170000000000000000e+02,4.705265800000000276e-01,8.870705788398124125e-03
4.175000000000000000e+02,4.707002239999999449e-01,8.884592348159029568e-03
4.180000000000000000e+02,4.708608080000000196e-01,8.893127937606314440e-03
4.185000000000000000e+02,4.710161839999999489e-01,8.896130791899695481e-03
4.190000000000000000e+02,4.711743820000000582e-01,8.894078483882066066e-03
4.195000000000000000e+02,4.713427620000000262e-01,8.888160016927800292e-03
4.200000000000000000e+02,4.715272679999999994e-01,8.880183228559759487e-03
4.205000000000000000e+02,4.717318599999999473e-01,8.872387487189119584e-03
4.210000000000000000e+02,4.719581640000000133e-01,8.867117152834166210e-03
4.215000000000000000e+02,4.722054239999999292e-01,8.866487367912163561e-03
4.220000000000000000e+02,4.724706679999999825e-01,8.872073682496902161e-03
4.225000000000000000e+02,4.727491240000000206e-01,8.884711419550212277e-03
4.230000000000000000e+02,4.730348120000000267e-01,8.904428483969873548e-03
4.235000000000000000e+02,4.733212200000000425e-01,8.930495259883963408e-03
4.240000000000000000e+02,4.736020140000000156e-01,8.961582041823644429e-03
4.245000000000000000e+02,4.738717720000000244e-01,8.995947869719677151e-03
4.250000000000000000e+02,4.741265499999999800e-01,9.031636580576634515e-03
4.255000000000000000e+02,4.743643200000000060e-01,9.066674246865269807e-03
4.260000000000000000e+02,4.745851820000000498e-01,9.099232229959515472e-03
4.265000000000000000e+02,4.747913219999999046e-01,9.127803892949492431e-03
4.270000000000000000e+02,4.749867319999999671e-01,9.151369293837063532e-03
4.275000000000000000e+02,4.751767279999999927e-01,9.169536960066962394e-03
4.280000000000000000e+02,4.753673059999999895e-01,9.182649238165200428e-03
4.285000000000000000e+02,4.755644240000000411e-01,9.191780050062445598e-03
4.290000000000000000e+02,4.757733440000000980e-01,9.198628529309459470e-03
4.295000000000000000e+02,4.759980299999999609e-01,9.205270316666961522e-03
4.300000000000000000e+02,4.762407379999999968e-01,9.213806632356890541e-03
4.305000000000000000e+02,4.765018300000000151e-01,9.225990873182134122e-03
4.310000000000000000e+02,4.767797679999999927e-01,9.242895770837951733e-03
4.315000000000000000e+02,4.770713279999999612e-01,9.264733708894396999e-03
4.320000000000000000e+02,4.773719639999999265e-01,9.290830581663616500e-03
4.325000000000000000e+02,4.776762860000000055e-01,9.319780337009348978e-03
4.330000000000000000e+02,4.779786040000000291e-01,9.349710539215955532e-03
4.335000000000000000e+02,4.782735120000000117e-01,9.378597882612520198e-03
4.340000000000000000e+02,4.785564139999999855e-01,9.404545673195275832e-03
4.345000000000000000e+02,4.788239900000000882e-01,9.426022510017150954e-03
4.350000000000000000e+02,4.790745319999999974e-01,9.441995188786848903e-03
4.355000000000000000e+02,4.793080719999999739e-01,9.452011835693706690e-03
4.360000000000000000e+02,4.795263699999999796e-01,9.456193137513113633e-03
4.365000000000000000e+02,4.797326439999999859e-01,9.455227331245184136e-03
4.370000000000000000e+02,4.799311579999999688e-01,9.450302383362346043e-03
4.375000000000000000e+02,4.801266679999999232e-01,9.443012005787876015e-03
4.380000000000000000e+02,4.803238239999999548e-01,9.435222189597122777e-03
4.385000000000000000e+02,4.805266100000000762e-01,9.428879774564422403e-03
4.390000000000000000e+02,4.807378840000000042e-01,9.425752623707359112e-03
4.395000000000000000e+02,4.809590879999999791e-01,9.427189069651887438e-03
4.400000000000000000e+02,4.811901660000000303e-01,9.433896516395336856e-03
4.405000000000000000e+02,4.814296460000000444e-01,9.445852857541547562e-03
4.410000000000000000e+02,4.816748979999999625e-01,9.462316584604110042e-03
4.415000000000000000e+02,4.819224999999999204e-01,9.482008151708683913e-03
4.420000000000000000e+02,4.821686980000000067e-01,9.503382396228927595e-03
4.425000000000000000e+02,4.824098660000000760e-01,9.524900562421952099e-03
4.430000000000000000e+02,4.826429560000000119e-01,9.545295726241074738e-03
4.435000000000000000e+02,4.828658779999999706e-01,9.563733343589937361e-03
4.440000000000000000e+02,4.830778000000000572e-01,9.579874895422689496e-03
4.445000000000000000e+02,4.832792859999999746e-01,9.593850720209580463e-03
4.450000000000000000e+02,4.834722959999999681e-01,9.606170868817908923e-03
4.455000000000000000e+02,4.836599659999999967e-01,9.617615402404909239e-03
4.460000000000000000e+02,4.838462820000000164e-01,9.629128712378596036e-03
4.465000000000000000e+02,4.840355880000000721e-01,9.641715545094865433e-03
4.470000000000000000e+02,4.842320139999999884e-01,9.656343481270025092e-03
4.475000000000000000e+02,4.844389519999999782e-01,9.673838047502866799e-03
4.480000000000000000e+02,4.846585760000000076e-01,9.694749157610326601e-03
4.485000000000000000e+02,4.848915740000000474e-01,9.719212231223583326e-03
4.490000000000000000e+02,4.851370659999999502e-01,9.746842236505938450e-03
4.495000000000000000e+02,4.853927340000000479e-01,9.776707186908904085e-03
4.500000000000000000e+02,4.856551519999999789e-01,9.807402303091480519e-03
4.505000000000000000e+02,4.859202120000000735e-01,9.837240928706280849e-03
4.510000000000000000e+02,4.861836520000000772e-01,9.864521168005773583e-03
4.515000000000000000e+02,4.864415419999999490e-01,9.887797884669469878e-03
4.520000000000000000e+02,4.866907019999999195e-01,9.906126236098241125e-03
4.525000000000000000e+02,4.869290340000000938e-01,9.919181049333956196e-03
4.530000000000000000e+02,4.871556979999999148e-01,9.927268425628681114e-03
4.535000000000000000e+02,4.873711619999999689e-01,9.931240505741668195e-03
4.540000000000000000e+02,4.875771020000000400e-01,9.932310442298109346e-03
4.545000000000000000e+02,4.877761859999999450e-01,9.931869791498777397e-03
4.550000000000000000e+02,4.879717159999999998e-01,9.931297029334386003e-03
4.555000000000000000e+02,4.881672199999999573e-01,9.931815372635063519e-03
4.560000000000000000e+02,4.883659579999999889e-01,9.934399178715547576e-03
4.565000000000000000e+02,4.885704539999999874e-01,9.939682089008979038e-03
4.570000000000000000e+02,4.887821040000000505e-01,9.947922824084234547e-03
4.575000000000000000e+02,4.890009339999999982e-01,9.958961091793970544e-03
4.580000000000000000e+02,4.892255239999999672e-01,9.972197997334696085e-03
4.585000000000000000e+02,4.894531960000000348e-01,9.986671456534751759e-03
4.590000000000000000e+02,4.896803479999999875e-01,1.000115735840577044e-02
4.595000000000000000e+02,4.899029540000000016e-01,1.001437802830141416e-02
4.600000000000000000e+02,4.901171220000000162e-01,1.002523124034374914e-02
4.605000000000000000e+02,4.903196380000000021e-01,1.003300541282840276e-02
4.610000000000000000e+02,4.905083820000000761e-01,1.003753906090702232e-02
4.615000000000000000e+02,4.906826260000000661e-01,1.003926318850173645e-02
4.620000000000000000e+02,4.908431520000000603e-01,1.003914445311471747e-02
4.625000000000000000e+02,4.909921680000000066e-01,1.003851190244419919e-02
4.630000000000000000e+02,4.911331160000000362e-01,1.003884446680473365e-02
4.635000000000000000e+02,4.912703360000000297e-01,1.004155674525149776e-02
4.640000000000000000e+02,4.914086320000000119e-01,1.004781870488186471e-02
4.645000000000000000e+02,4.915528279999999972e-01,1.005845804731688581e-02
4.650000000000000000e+02,4.917072600000000904e-01,1.007391179489775142e-02
4.655000000000000000e+02,4.918753379999999953e-01,1.009422946773472565e-02
4.660000000000000000e+02,4.920591220000000154e-01,1.011909100577389371e-02
4.665000000000000000e+02,4.922590719999999642e-01,1.014781545018798511e-02
4.670000000000000000e+02,4.924739380000000000e-01,1.017938254028377329e-02
4.675000000000000000e+02,4.927008459999999701e-01,1.021248636817822207e-02
4.680000000000000000e+02,4.929356300000000135e-01,1.024564013022368977e-02
4.685000000000000000e+02,4.931733079999999769e-01,1.027734386781935239e-02
4.690000000000000000e+02,4.934086879999999842e-01,1.030626379349781040e-02
4.695000000000000000e+02,4.936369999999999925e-01,1.033143627722447541e-02
4.700000000000000000e+02,4.938544719999999333e-01,1.035237740188137134e-02
4.705000000000000000e+02,4.940587680000000370e-01,1.036914730782160197e-02
4.710000000000000000e+02,4.942492219999999881e-01,1.038227708382289706e-02
4.715000000000000000e+02,4.944268860000000099e-01,1.039264412099952066e-02
4.720000000000000000e+02,4.945943640000000086e-01,1.040129768302427635e-02
4.725000000000000000e+02,4.947554840000000231e-01,1.040929804999385193e-02
4.730000000000000000e+02,4.949148380000000236e-01,1.041760074551881243e-02
4.735000000000000000e+02,4.950772640000000169e-01,1.042697738331756219e-02
4.740000000000000000e+02,4.952472700000000172e-01,1.043800282128962489e-02
4.745000000000000000e+02,4.954284979999999949e-01,1.045104384228024916e-02
4.750000000000000000e+02,4.956232600000000654e-01,1.046623888681555425e-02
4.755000000000000000e+02,4.958321660000000186e-01,1.048345279763760948e-02
4.760000000000000000e+02,4.960539739999999531e-01,1.050222836045884220e-02
4.765000000000000000e+02,4.962856199999999829e-01,1.052176476812943968e-02
4.770000000000000000e+02,4.965225139999999149e-01,1.054096407474269456e-02
4.775000000000000000e+02,4.967590199999999956e-01,1.055855290722123273e-02
4.780000000000000000e+02,4.969891320000000556e-01,1.057328071850709150e-02
4.785000000000000000e+02,4.972072100000000106e-01,1.058413407311009115e-02
4.790000000000000000e+02,4.974086739999999951e-01,1.059053410752102721e-02
4.795000000000000000e+02,4.975905939999999417e-01,1.059244271719067890e-02
4.800000000000000000e+02,4.977520519999999449e-01,1.059037213539090055e-02
4.805000000000000000e+02,4.978942860000000192e-01,1.058532323416465706e-02
4.810000000000000000e+02,4.980205220000000210e-01,1.057862279375222647e-02
4.815000000000000000e+02,4.981356619999999791e-01,1.057177323253454503e-02
4.820000000000000000e+02,4.982457240000000565e-01,1.056629443181979038e-02
4.825000000000000000e+02,4.983571980000000012e-01,1.056361875943153880e-02
4.830000000000000000e+02,4.984763899999999914e-01,1.056499901854373973e-02
4.835000000000000000e+02,4.986087220000000042e-01,1.057144930224441712e-02
4.840000000000000000e+02,4.987581660000000028e-01,1.058367152063903298e-02
4.845000000000000000e+02,4.989268100000000539e-01,1.060196085176511559e-02
4.850000000000000000e+02,4.991146159999999554e-01,1.062611587219836583e-02
4.855000000000000000e+02,4.993194080000000201e-01,1.065536502783334845e-02
4.860000000000000000e+02,4.995371480000000419e-01,1.068838485631735426e-02
4.865000000000000000e+02,4.997623740000000092e-01,1.072340632631004105e-02
4.870000000000000000e+02,4.999888739999999165e-01,1.075843380057738344e-02
4.875000000000000000e+02,5.002104360000000360e-01,1.079151082885088792e-02
4.880000000000000000e+02,5.004215899999999717e-01,1.082100509487034581e-02
4.885000000000000000e+02,5.006182640000000905e-01,1.084583345891296582e-02
4.890000000000000000e+02,5.007982500000001114e-01,1.086557563105471427e-02
4.895000000000000000e+02,5.009614640000000785e-01,1.088049745197782782e-02
4.900000000000000000e+02,5.011099039999999949e-01,1.089145809721801979e-02
4.905000000000000000e+02,5.012474260000000514e-01,1.089975927053097975e-02
4.910000000000000000e+02,5.013792820000000372e-01,1.090696888728870557e-02
4.915000000000000000e+02,5.015114960000000011e-01,1.091476203397472901e-02
4.920000000000000000e+02,5.016501939999999937e-01,1.092475329651503187e-02
4.925000000000000000e+02,5.018008899999999439e-01,1.093837978542206400e-02
4.930000000000000000e+02,5.019678239999999514e-01,1.095674986798348544e-02
4.935000000000000000e+02,5.021534340000000096e-01,1.098050086144506873e-02
4.940000000000000000e+02,5.023580340000000088e-01,1.100965342008983910e-02
4.945000000000000000e+02,5.025796860000000255e-01,1.104349519586511445e-02
4.950000000000000000e+02,5.028143880000000010e-01,1.108054886790784364e-02
4.955000000000000000e+02,5.030564520000000428e-01,1.111865761313001431e-02
4.960000000000000000e+02,5.032991220000000432e-01,1.115520434321819535e-02
4.965000000000000000e+02,5.035353500000000482e-01,1.118745324887885674e-02
4.970000000000000000e+02,5.037585540000000250e-01,1.121293097469818617e-02
4.975000000000000000e+02,5.039633900000000111e-01,1.122980995783544669e-02
4.980000000000000000e+02,5.041463339999999738e-01,1.123718488811970874e-02
4.985000000000000000e+02,5.043060839999999878e-01,1.123521836321512285e-02
4.990000000000000000e+02,5.044436979999999959e-01,1.122514637965109884e-02
4.995000000000000000e+02,5.045624679999999307e-01,1.120912048456720184e-02
5.000000000000000000e+02,5.046675299999999753e-01,1.118997278364607106e-02
5.005000000000000000e+02,5.047653119999999660e-01,1.117091345891212117e-02
5.010000000000000000e+02,5.048628019999999994e-01,1.115522090088824636e-02
5.015000000000000000e+02,5.049667720000000637e-01,1.114593980120716886e-02
5.020000000000000000e+02,5.050830680000000239e-01,1.114561202847309286e-02
5.025000000000000000e+02,5.052159659999999608e-01,1.115601642370859375e-02
5.030000000000000000e+02,5.053677140000000234e-01,1.117795796838162020e-02
5.035000000000000000e+02,5.055383499999999142e-01,1.121111108384310884e-02
5.040000000000000000e+02,5.057257200000000452e-01,1.125396415861761729e-02
5.045000000000000000e+02,5.059257839999999895e-01,1.130390245088288247e-02
5.050000000000000000e+02,5.061331279999999877e-01,1.135747070809844071e-02
5.055000000000000000e+02,5.063416179999998823e-01,1.141077302008736659e-02
5.060000000000000000e+02,5.065451279999999556e-01,1.145998626223190472e-02
5.065000000000000000e+02,5.067382759999999875e-01,1.150187737502039557e-02
5.070000000000000000e+02,5.069170360000000430e-01,1.153424245464892972e-02
5.075000000000000000e+02,5.070792159999999438e-01,1.155617727280331547e-02
5.080000000000000000e+02,5.072246980000000294e-01,1.156815628094399855e-02
5.085000000000000000e+02,5.073554639999999782e-01,1.157189162713537570e-02
5.090000000000000000e+02,5.074753559999999331e-01,1.157006754746773246e-02
5.095000000000000000e+02,5.075896120000000789e-01,1.156594375550149857e-02
5.100000000000000000e+02,5.077042900000000580e-01,1.156297767716127009e-02
5.105000000000000000e+02,5.078255339999999673e-01,1.156444901621932371e-02
5.110000000000000000e+02,5.079588839999999994e-01,1.157315731017798111e-02
5.115000000000000000e+02,5.081086419999999437e-01,1.159116542657311066e-02
5.120000000000000000e+02,5.082773520000000156e-01,1.161959330033473896e-02
5.125000000000000000e+02,5.084655380000000502e-01,1.165845797339913961e-02
5.130000000000000000e+02,5.086715959999998926e-01,1.170657537430293098e-02
5.135000000000000000e+02,5.088919799999999105e-01,1.176158536929737021e-02
5.140000000000000000e+02,5.091215439999998704e-01,1.182011768527225712e-02
5.145000000000000000e+02,5.093541079999999166e-01,1.187814780166478353e-02
5.150000000000000000e+02,5.095831020000000100e-01,1.193147691567368780e-02
5.155000000000000000e+02,5.098022620000000060e-01,1.197631204217618033e-02
5.160000000000000000e+02,5.100063000000000235e-01,1.200979041568295790e-02
5.165000000000000000e+02,5.101914739999999782e-01,1.203037135321124475e-02
5.170000000000000000e+02,5.103559859999999837e-01,1.203802922534481443e-02
5.175000000000000000e+02,5.105001600000000916e-01,1.203420461833684847e-02
5.180000000000000000e+02,5.106263920000000400e-01,1.202154679371395148e-02
5.185000000000000000e+02,5.107388479999999120e-01,1.200354043697624169e-02
5.190000000000000000e+02,5.108429620000000115e-01,1.198408023780815970e-02
5.195000000000000000e+02,5.109447679999999936e-01,1.196706965580020612e-02
5.200000000000000000e+02,5.110501739999999682e-01,1.195608563191505845e-02
5.205000000000000000e+02,5.111642740000000851e-01,1.195412348529519171e-02
5.210000000000000000e+02,5.112907620000000097e-01,1.196336664745395982e-02
5.215000000000000000e+02,5.114315400000000178e-01,1.198500398191840698e-02
5.220000000000000000e+02,5.115865480000000298e-01,1.201904828328990635e-02
5.225000000000000000e+02,5.117538379999999609e-01,1.206425339931418983e-02
5.230000000000000000e+02,5.119298800000000593e-01,1.211814292177725710e-02
5.235000000000000000e+02,5.121100440000000420e-01,1.217722101457701864e-02
5.240000000000000000e+02,5.122891980000000567e-01,1.223739539314530611e-02
5.245000000000000000e+02,5.124623739999999428e-01,1.229450530098694441e-02
5.250000000000000000e+02,5.126254040000001178e-01,1.234492675316486987e-02
5.255000000000000000e+02,5.127754400000000823e-01,1.238605478108666461e-02
5.260000000000000000e+02,5.129113399999999379e-01,1.241662795891742763e-02
5.265000000000000000e+02,5.130338199999998627e-01,1.243679934890443671e-02
5.270000000000000000e+02,5.131453799999998733e-01,1.244797767280492705e-02
5.275000000000000000e+02,5.132500180000000300e-01,1.245250732110701579e-02
5.280000000000000000e+02,5.133527179999999301e-01,1.245327538548369854e-02
5.285000000000000000e+02,5.134588360000000851e-01,1.245334584216008234e-02
5.290000000000000000e+02,5.135734139999998948e-01,1.245566673454600454e-02
5.295000000000000000e+02,5.137005660000000251e-01,1.246286948748625070e-02
5.300000000000000000e+02,5.138429439999999682e-01,1.247710908927207596e-02
5.305000000000000000e+02,5.140014280000000380e-01,1.249994070671993536e-02
5.310000000000000000e+02,5.141750080000000445e-01,1.253216450285600699e-02
5.315000000000000000e+02,5.143609419999999322e-01,1.257367567364188823e-02
5.320000000000000000e+02,5.145550580000000096e-01,1.262337665349781701e-02
5.325000000000000000e+02,5.147522860000000033e-01,1.267919301709087565e-02
5.330000000000000000e+02,5.149472360000000304e-01,1.273824978237653692e-02
5.335000000000000000e+02,5.151348460000000351e-01,1.279721137682369482e-02
5.340000000000000000e+02,5.153109739999999217e-01,1.285273733426176186e-02
5.345000000000000000e+02,5.154728800000001332e-01,1.290192365667268588e-02
5.350000000000000000e+02,5.156195299999999371e-01,1.294268957331395388e-02
5.355000000000000000e+02,5.157517099999999743e-01,1.297396799761853410e-02
5.360000000000000000e+02,5.158718820000000038e-01,1.299571468632080597e-02
5.365000000000000000e+02,5.159838380000000280e-01,1.300877331710157542e-02
5.370000000000000000e+02,5.160921960000000031e-01,1.301463728504586616e-02
5.375000000000000000e+02,5.162017660000000063e-01,1.301522041803926562e-02
5.380000000000000000e+02,5.163169439999999444e-01,1.301266506725759324e-02
5.385000000000000000e+02,5.164411300000000260e-01,1.300923630336385355e-02
5.390000000000000000e+02,5.165763240000000867e-01,1.300723705150429177e-02
5.395000000000000000e+02,5.167228560000000082e-01,1.300891459031328773e-02
5.400000000000000000e+02,5.168793819999999428e-01,1.301631980523811245e-02
5.405000000000000000e+02,5.170430560000000009e-01,1.303107263062162034e-02
5.410000000000000000e+02,5.172099019999999436e-01,1.305411608086789674e-02
5.415000000000000000e+02,5.173753199999999719e-01,1.308549012367782836e-02
5.420000000000000000e+02,5.175346980000000707e-01,1.312422043946130309e-02
5.425000000000000000e+02,5.176840059999999744e-01,1.316840247609466982e-02
5.430000000000000000e+02,5.178203920000000737e-01,1.321543354467624026e-02
5.435000000000000000e+02,5.179425600000000518e-01,1.326241909044915263e-02
5.440000000000000000e+02,5.180510440000000161e-01,1.330657095037959294e-02
5.445000000000000000e+02,5.181481900000000085e-01,1.334560441769273853e-02
5.450000000000000000e+02,5.182378960000000312e-01,1.337796106318955673e-02
5.455000000000000000e+02,5.183251600000000625e-01,1.340292128967710342e-02
5.460000000000000000e+02,5.184154420000000041e-01,1.342055945662900054e-02
5.465000000000000000e+02,5.185139719999999341e-01,1.343163683040693272e-02
5.470000000000000000e+02,5.186251000000000611e-01,1.343747643666957751e-02
5.475000000000000000e+02,5.187517839999999936e-01,1.343984159712627649e-02
5.480000000000000000e+02,5.188952419999999233e-01,1.344084671930729710e-02
5.485000000000000000e+02,5.190548219999999713e-01,1.344283335258397369e-02
5.490000000000000000e+02,5.192281160000000728e-01,1.344822162423365934e-02
5.495000000000000000e+02,5.194112459999999931e-01,1.345926859316493550e-02
5.500000000000000000e+02,5.195993039999999841e-01,1.347778137673281799e-02
5.505000000000000000e+02,5.197868860000000035e-01,1.350480763002294936e-02
5.510000000000000000e+02,5.199687299999999901e-01,1.354040098834520534e-02
5.515000000000000000e+02,5.201403019999999433e-01,1.358351517783868735e-02
5.520000000000000000e+02,5.202983599999999598e-01,1.363208781980479282e-02
5.525000000000000000e+02,5.204413700000000143e-01,1.368330140792162718e-02
5.530000000000000000e+02,5.205697320000000072e-01,1.373398735063252954e-02
5.535000000000000000e+02,5.206857760000001001e-01,1.378103911368971576e-02
5.540000000000000000e+02,5.207934779999999764e-01,1.382182695436511358e-02
5.545000000000000000e+02,5.208979559999999953e-01,1.385444591923421821e-02
5.550000000000000000e+02,5.210047760000000583e-01,1.387786316035310129e-02
5.555000000000000000e+02,5.211192199999999941e-01,1.389190028012331386e-02
5.560000000000000000e+02,5.212455699999999359e-01,1.389716021097547188e-02
5.565000000000000000e+02,5.213865699999999936e-01,1.389488167296684847e-02
5.570000000000000000e+02,5.215431059999999786e-01,1.388683009430612299e-02
5.575000000000000000e+02,5.217141220000000024e-01,1.387516952305787796e-02
5.580000000000000000e+02,5.218967939999999972e-01,1.386233415340670100e-02
5.585000000000000000e+02,5.220868939999999681e-01,1.385087524058266698e-02
5.590000000000000000e+02,5.222792719999999056e-01,1.384323490699351789e-02
5.595000000000000000e+02,5.224684299999999837e-01,1.384148354515042124e-02
5.600000000000000000e+02,5.226491119999999713e-01,1.384703161322432298e-02
5.605000000000000000e+02,5.228168859999999807e-01,1.386039710477431595e-02
5.610000000000000000e+02,5.229686680000000809e-01,1.388108460115541551e-02
5.615000000000000000e+02,5.231031120000000367e-01,1.390763753650253211e-02
5.620000000000000000e+02,5.232208540000000685e-01,1.393784246431728317e-02
5.625000000000000000e+02,5.233245039999999682e-01,1.396908854366476355e-02
5.630000000000000000e+02,5.234184080000000572e-01,1.399876276581912479e-02
5.635000000000000000e+02,5.235081640000001091e-01,1.402462520060540271e-02
5.640000000000000000e+02,5.235999540000000341e-01,1.404508415346579324e-02
5.645000000000000000e+02,5.236997700000001199e-01,1.405931986224262173e-02
5.650000000000000000e+02,5.238126660000000934e-01,1.406730306672128276e-02
5.655000000000000000e+02,5.239421699999999849e-01,1.406969056126146540e-02
5.660000000000000000e+02,5.240898779999999535e-01,1.406770095733251430e-02
5.665000000000000000e+02,5.242553879999999333e-01,1.406297125751858508e-02
5.670000000000000000e+02,5.244364240000000121e-01,1.405741852549059409e-02
5.675000000000000000e+02,5.246292319999998899e-01,1.405311921584150373e-02
5.680000000000000000e+02,5.248290599999999584e-01,1.405213958025324991e-02
5.685000000000000000e+02,5.250307419999999947e-01,1.405634430365177052e-02
5.690000000000000000e+02,5.252292379999999872e-01,1.406716402178434175e-02
5.695000000000000000e+02,5.254201419999999789e-01,1.408535982111546944e-02
5.700000000000000000e+02,5.256001100000000648e-01,1.411086015339142220e-02
5.705000000000000000e+02,5.257671839999999985e-01,1.414268488388028579e-02
5.710000000000000000e+02,5.259209940000000305e-01,1.417905208371228812e-02
5.715000000000000000e+02,5.260627820000000066e-01,1.421758425647705153e-02
5.720000000000000000e+02,5.261952839999999298e-01,1.425565507231871254e-02
5.725000000000000000e+02,5.263223999999999680e-01,1.429074798594006518e-02
5.730000000000000000e+02,5.264486959999999938e-01,1.432077092881964275e-02
5.735000000000000000e+02,5.265788280000001098e-01,1.434426692604171515e-02
5.740000000000000000e+02,5.267169379999999679e-01,1.436049686250596980e-02
5.745000000000000000e+02,5.268660919999998971e-01,1.436940731813751704e-02
5.750000000000000000e+02,5.270278999999999936e-01,1.437151602906840825e-02
5.755000000000000000e+02,5.272023620000000355e-01,1.436778661818108836e-02
5.760000000000000000e+02,5.273879120000000142e-01,1.435948739424162089e-02
5.765000000000000000e+02,5.275817059999999836e-01,1.434812088676756976e-02
5.770000000000000000e+02,5.277800139999999640e-01,1.433534508043165200e-02
5.775000000000000000e+02,5.279787139999999601e-01,1.432288189836095765e-02
5.780000000000000000e+02,5.281737579999999932e-01,1.431242649281014995e-02
5.785000000000000000e+02,5.283615619999999513e-01,1.430547189055235945e-02
5.790000000000000000e+02,5.285393440000000220e-01,1.430314042385644191e-02
5.795000000000000000e+02,5.287053260000000865e-01,1.430601524518151230e-02
5.800000000000000000e+02,5.288588499999999915e-01,1.431403146844172601e-02
5.805000000000000000e+02,5.290004320000000204e-01,1.432648127224210588e-02
5.810000000000000000e+02,5.291316759999998842e-01,1.434211061020643566e-02
5.815000000000000000e+02,5.292551400000000683e-01,1.435932912250602496e-02
5.820000000000000000e+02,5.293740739999999168e-01,1.437644237147932616e-02
5.825000000000000000e+02,5.294921000000000211e-01,1.439189146562743458e-02
5.830000000000000000e+02,5.296128039999998816e-01,1.440442798460653782e-02
5.835000000000000000e+02,5.297393559999999946e-01,1.441320560913206435e-02
5.840000000000000000e+02,5.298741579999999285e-01,1.441780351420368991e-02
5.845000000000000000e+02,5.300186040000001153e-01,1.441819879110515547e-02
5.850000000000000000e+02,5.301729799999999049e-01,1.441473255178291404e-02
5.855000000000000000e+02,5.303365359999999695e-01,1.440807530490162587e-02
5.860000000000000000e+02,5.305076699999999867e-01,1.439922690715617244e-02
5.865000000000000000e+02,5.306842179999999853e-01,1.438948710978171959e-02
5.870000000000000000e+02,5.308637739999999550e-01,1.438040264577789690e-02
5.875000000000000000e+02,5.310439560000000947e-01,1.437365385926994352e-02
5.880000000000000000e+02,5.312226439999999661e-01,1.437086373039790296e-02
5.885000000000000000e+02,5.313980919999999886e-01,1.437339280374483330e-02
5.890000000000000000e+02,5.315690319999999414e-01,1.438209788812585578e-02
5.895000000000000000e+02,5.317347119999999983e-01,1.439717516620860754e-02
5.900000000000000000e+02,5.318949219999999922e-01,1.441809064317684831e-02
5.905000000000000000e+02,5.320500080000000187e-01,1.444363489135174969e-02
5.910000000000000000e+02,5.322008759999998784e-01,1.447208959916140500e-02
5.915000000000000000e+02,5.323489340000000514e-01,1.450145463540763492e-02
5.920000000000000000e+02,5.324959820000000343e-01,1.452970720728893536e-02
5.925000000000000000e+02,5.326439960000000085e-01,1.455502370781462142e-02
5.930000000000000000e+02,5.327949119999999539e-01,1.457594533507016767e-02
5.935000000000000000e+02,5.329503079999999837e-01,1.459147566860473019e-02
5.940000000000000000e+02,5.331111899999999570e-01,1.460111100995229068e-02
5.945000000000000000e+02,5.332778219999999569e-01,1.460485943022540693e-02
5.950000000000000000e+02,5.334496640000001566e-01,1.460320865658694574e-02
5.955000000000000000e+02,5.336254700000000462e-01,1.459710620416423271e-02
5.960000000000000000e+02,5.338034560000000095e-01,1.458788922236750087e-02
5.965000000000000000e+02,5.339815480000000836e-01,1.457719690271364922e-02
5.970000000000000000e+02,5.341576060000000625e-01,1.456682047718671144e-02
5.975000000000000000e+02,5.343296360000000522e-01,1.455852408608977917e-02
5.980000000000000000e+02,5.344959719999999859e-01,1.455383093985270285e-02
5.985000000000000000e+02,5.346553519999999171e-01,1.455380950313367797e-02
5.990000000000000000e+02,5.348070379999999568e-01,1.455892956189307717e-02
5.995000000000000000e+02,5.349508359999999296e-01,1.456898745531362387e-02
6.000000000000000000e+02,5.350871660000000585e-01,1.458313865051815393e-02
6.005000000000000000e+02,5.352170400000000328e-01,1.460003207694796773e-02
6.010000000000000000e+02,5.353420180000000306e-01,1.461799457571400125e-02
6.015000000000000000e+02,5.354640680000001263e-01,1.463526797405683734e-02
6.020000000000000000e+02,5.355853379999999664e-01,1.465021162461293928e-02
6.025000000000000000e+02,5.357078979999999602e-01,1.466148295719447991e-02
6.030000000000000000e+02,5.358334620000000381e-01,1.466814424517612694e-02
6.035000000000000000e+02,5.359631740000000422e-01,1.466973730115081302e-02
6.040000000000000000e+02,5.360974880000000109e-01,1.466629853190382603e-02
6.045000000000000000e+02,5.362361979999998862e-01,1.465836095121463879e-02
6.050000000000000000e+02,5.363785760000000513e-01,1.464689879469457945e-02
6.055000000000000000e+02,5.365235799999999999e-01,1.463326196577920124e-02
6.060000000000000000e+02,5.366700939999999864e-01,1.461906927153455542e-02
6.065000000000000000e+02,5.368171099999999862e-01,1.460604750874411328e-02
6.070000000000000000e+02,5.369638519999998527e-01,1.459587232976411811e-02
6.075000000000000000e+02,5.371097860000000335e-01,1.458996805933021265e-02
6.080000000000000000e+02,5.372546139999999637e-01,1.458936071836891557e-02
6.085000000000000000e+02,5.373982360000000291e-01,1.459455583299561383e-02
6.090000000000000000e+02,5.375406879999999887e-01,1.460548740087005450e-02
6.095000000000000000e+02,5.376821800000000096e-01,1.462155993528974421e-02
6.100000000000000000e+02,5.378230680000000152e-01,1.464173013914353214e-02
6.105000000000000000e+02,5.379638979999999959e-01,1.466465986354079445e-02
6.110000000000000000e+02,5.381053600000000880e-01,1.468886583138739703e-02
6.115000000000000000e+02,5.382481980000000110e-01,1.471287736167585167e-02
6.120000000000000000e+02,5.383930940000001275e-01,1.473536985368287776e-02
6.125000000000000000e+02,5.385405039999999754e-01,1.475526267938411136e-02
6.130000000000000000e+02,5.386905439999999379e-01,1.477178465045357082e-02
6.135000000000000000e+02,5.388429279999999988e-01,1.478450374059657804e-02
6.140000000000000000e+02,5.389969960000000615e-01,1.479333495080220259e-02
6.145000000000000000e+02,5.391518239999999462e-01,1.479851537086629767e-02
6.150000000000000000e+02,5.393063620000001501e-01,1.480054873086514983e-02
6.155000000000000000e+02,5.394596160000000307e-01,1.480012481865729777e-02
6.160000000000000000e+02,5.396107580000000237e-01,1.479804406133067123e-02
6.165000000000000000e+02,5.397591959999999967e-01,1.479513185458939534e-02
6.170000000000000000e+02,5.399045780000000239e-01,1.479217050676959189e-02
6.175000000000000000e+02,5.400467799999999485e-01,1.478984861101627357e-02
6.180000000000000000e+02,5.401858440000000261e-01,1.478873240609167479e-02
6.185000000000000000e+02,5.403219779999999250e-01,1.478924663226743701e-02
6.190000000000000000e+02,5.404555319999999607e-01,1.479165321974032152e-02
6.195000000000000000e+02,5.405870060000000921e-01,1.479603933825624981e-02
6.200000000000000000e+02,5.407170139999999403e-01,1.480230812675394948e-02
6.205000000000000000e+02,5.408462339999999813e-01,1.481017736872777477e-02
6.210000000000000000e+02,5.409752979999999933e-01,1.481919167612099145e-02
6.215000000000000000e+02,5.411046600000000151e-01,1.482876408025125478e-02
6.220000000000000000e+02,5.412344740000000209e-01,1.483824365300847291e-02
6.225000000000000000e+02,5.413645320000000094e-01,1.484697921876547422e-02
6.230000000000000000e+02,5.414942679999998898e-01,1.485440634547689417e-02
6.235000000000000000e+02,5.416228779999998633e-01,1.486011507446271390e-02
6.240000000000000000e+02,5.417494899999999447e-01,1.486389227633092350e-02
6.245000000000000000e+02,5.418733639999999685e-01,1.486574500577035954e-02
6.250000000000000000e+02,5.419940820000000992e-01,1.486588663085973601e-02
6.255000000000000000e+02,5.421116699999999344e-01,1.486473235180943084e-02
6.260000000000000000e+02,5.422266139999999401e-01,1.486286769713893868e-02
6.265000000000000000e+02,5.423398259999999693e-01,1.486102920294439522e-02
6.270000000000000000e+02,5.424524979999999497e-01,1.486007136320663911e-02
6.275000000000000000e+02,5.425660060000000451e-01,1.486091704797439829e-02
6.280000000000000000e+02,5.426817240000000320e-01,1.486448624011627029e-02
6.285000000000000000e+02,5.428009520000000032e-01,1.487159474544151767e-02
6.290000000000000000e+02,5.429248079999999810e-01,1.488284683752688978e-02
6.295000000000000000e+02,5.430541300000000238e-01,1.489854428796418689e-02
6.300000000000000000e+02,5.431893880000000507e-01,1.491861772796742626e-02
6.305000000000000000e+02,5.433305920000000011e-01,1.494261839792824023e-02
6.310000000000000000e+02,5.434772020000000481e-01,1.496977004087516640e-02
6.315000000000000000e+02,5.436280820000000125e-01,1.499906073968814389e-02
6.320000000000000000e+02,5.437815460000000600e-01,1.502936227247403042e-02
6.325000000000000000e+02,5.439354919999999094e-01,1.505954934005742166e-02
6.330000000000000000e+02,5.440876200000001051e-01,1.508859070874744163e-02
6.335000000000000000e+02,5.442357359999999700e-01,1.511561231635179074e-02
6.340000000000000000e+02,5.443780540000000556e-01,1.513990907022977860e-02
6.345000000000000000e+02,5.445134459999999565e-01,1.516094872025646433e-02
6.350000000000000000e+02,5.446416440000000359e-01,1.517838476344983076e-02
6.355000000000000000e+02,5.447632639999999693e-01,1.519207017556744796e-02
6.360000000000000000e+02,5.448797340000000045e-01,1.520210710412362581e-02
6.365000000000000000e+02,5.449931259999999389e-01,1.520886268907888604e-02
6.370000000000000000e+02,5.451058800000000426e-01,1.521299856039367432e-02
6.375000000000000000e+02,5.452205220000000407e-01,1.521542353389494090e-02
6.380000000000000000e+02,5.453393560000000528e-01,1.521720956319278298e-02
6.385000000000000000e+02,5.454641619999999191e-01,1.521946918262638733e-02
6.390000000000000000e+02,5.455959719999999846e-01,1.522321822596831541e-02
6.395000000000000000e+02,5.457348599999999328e-01,1.522926011874871713e-02
6.400000000000000000e+02,5.458798659999999359e-01,1.523812856557280222e-02
6.405000000000000000e+02,5.460289740000000558e-01,1.525006136109969580e-02
6.410000000000000000e+02,5.461793079999999190e-01,1.526503911064509139e-02
6.415000000000000000e+02,5.463273839999999160e-01,1.528284498512975410e-02
6.420000000000000000e+02,5.464695419999999748e-01,1.530310117122682390e-02
6.425000000000000000e+02,5.466024300000000835e-01,1.532531406891454381e-02
6.430000000000000000e+02,5.467234819999999829e-01,1.534887844842852851e-02
6.435000000000000000e+02,5.468313300000000599e-01,1.537306756788572350e-02
6.440000000000000000e+02,5.469260620000000461e-01,1.539705012643149441e-02
6.445000000000000000e+02,5.470092980000000882e-01,1.541994429507590608e-02
6.450000000000000000e+02,5.470840319999999979e-01,1.544089760664593518e-02
6.455000000000000000e+02,5.471543359999999634e-01,1.545923090759097202e-02
6.460000000000000000e+02,5.472248619999999786e-01,1.547456392081321755e-02
6.465000000000000000e+02,5.473003439999999387e-01,1.548691836410931270e-02
6.470000000000000000e+02,5.473850479999999852e-01,1.549676911545383971e-02
6.475000000000000000e+02,5.474823079999999731e-01,1.550501671925362188e-02
6.480000000000000000e+02,5.475941460000000038e-01,1.551289009868328517e-02
6.485000000000000000e+02,5.477210619999999253e-01,1.552179987998150539e-02
6.490000000000000000e+02,5.478619580000000377e-01,1.553318459517764004e-02
6.495000000000000000e+02,5.480142399999999858e-01,1.554836582613330388e-02
6.500000000000000000e+02,5.481740920000000017e-01,1.556842156095580854e-02
6.505000000000000000e+02,5.483368920000000202e-01,1.559411337725597792e-02
6.510000000000000000e+02,5.484977340000000146e-01,1.562580708888299322e-02
6.515000000000000000e+02,5.486520020000000830e-01,1.566342906400461366e-02
6.520000000000000000e+02,5.487959219999999361e-01,1.570640229479730587e-02
6.525000000000000000e+02,5.489270139999999909e-01,1.575362129966204755e-02
6.530000000000000000e+02,5.490443640000000070e-01,1.580344580443664160e-02
6.535000000000000000e+02,5.491487320000000283e-01,1.585377318834616661e-02
6.540000000000000000e+02,5.492424120000001242e-01,1.590218902098242820e-02
6.545000000000000000e+02,5.493289120000000025e-01,1.594621309142500373e-02
6.550000000000000000e+02,5.494125179999999053e-01,1.598359805229860806e-02
6.555000000000000000e+02,5.494977320000000720e-01,1.601264520949596468e-02
6.560000000000000000e+02,5.495887500000000703e-01,1.603247335920381447e-02
6.565000000000000000e+02,5.496889300000000755e-01,1.604318186654536335e-02
6.570000000000000000e+02,5.498004260000000087e-01,1.604587804905254281e-02
6.575000000000000000e+02,5.499239160000000126e-01,1.604255277129004384e-02
6.580000000000000000e+02,5.500585420000000392e-01,1.603585741709604232e-02
6.585000000000000000e+02,5.502019839999998663e-01,1.602877197173058557e-02
6.590000000000000000e+02,5.503507420000000039e-01,1.602429046118094072e-02
6.595000000000000000e+02,5.505005599999999166e-01,1.602509163447030094e-02
6.600000000000000000e+02,5.506469160000000418e-01,1.603330041393118133e-02
6.605000000000000000e+02,5.507856079999999821e-01,1.605028289455279200e-02
6.610000000000000000e+02,5.509132680000000670e-01,1.607651448129083713e-02
6.615000000000000000e+02,5.510277699999999168e-01,1.611151629603929658e-02
6.620000000000000000e+02,5.511284979999999667e-01,1.615384005511055418e-02
6.625000000000000000e+02,5.512164099999999900e-01,1.620115333813861372e-02
6.630000000000000000e+02,5.512938560000000265e-01,1.625042500779366392e-02
6.635000000000000000e+02,5.513643160000000210e-01,1.629822794790421192e-02
6.640000000000000000e+02,5.514319159999999664e-01,1.634113483675402739e-02
6.645000000000000000e+02,5.515009519999999332e-01,1.637616148831048599e-02
6.650000000000000000e+02,5.515753899999999987e-01,1.640119598990238264e-02
6.655000000000000000e+02,5.516584239999999806e-01,1.641532451838483009e-02
6.660000000000000000e+02,5.517521560000000491e-01,1.641900915910628894e-02
6.665000000000000000e+02,5.518573959999999445e-01,1.641404692080525307e-02
6.670000000000000000e+02,5.519736339999999908e-01,1.640334682110135972e-02
6.675000000000000000e+02,5.520991659999998635e-01,1.639055933718328029e-02
6.680000000000000000e+02,5.522313380000001271e-01,1.637962904990811555e-02
6.685000000000000000e+02,5.523669239999999814e-01,1.637432974221069565e-02
6.690000000000000000e+02,5.525025539999999236e-01,1.637787156962393006e-02
6.695000000000000000e+02,5.526351359999999158e-01,1.639260290102601339e-02
6.700000000000000000e+02,5.527622399999999603e-01,1.641979643341141479e-02
6.705000000000000000e+02,5.528823640000000150e-01,1.645953941390966221e-02
6.710000000000000000e+02,5.529950559999999848e-01,1.651069820071175351e-02
6.715000000000000000e+02,5.531008840000000149e-01,1.657098094259526824e-02
6.720000000000000000e+02,5.532012619999999714e-01,1.663710386653830670e-02
6.725000000000000000e+02,5.532981599999999833e-01,1.670505864496231799e-02
6.730000000000000000e+02,5.533937800000000573e-01,1.677052323628843225e-02
6.735000000000000000e+02,5.534902440000000201e-01,1.682933965455644942e-02
6.740000000000000000e+02,5.535893100000000011e-01,1.687801413638435541e-02
6.745000000000000000e+02,5.536921679999999846e-01,1.691416642951150059e-02
6.750000000000000000e+02,5.537993439999999712e-01,1.693684737469007898e-02
6.755000000000000000e+02,5.539106639999999970e-01,1.694664492413958112e-02
6.760000000000000000e+02,5.540253179999999888e-01,1.694557961840650884e-02
6.765000000000000000e+02,5.541420019999999669e-01,1.693682222086639877e-02
6.770000000000000000e+02,5.542590859999999564e-01,1.692424708573371517e-02
6.775000000000000000e+02,5.543748600000000248e-01,1.691197260154502641e-02
6.780000000000000000e+02,5.544877820000000401e-01,1.690389158363906491e-02
6.785000000000000000e+02,5.545966860000000054e-01,1.690328927689891542e-02
6.790000000000000000e+02,5.547009739999999578e-01,1.691254122688976708e-02
6.795000000000000000e+02,5.548007000000000355e-01,1.693292262005143684e-02
6.800000000000000000e+02,5.548965480000001005e-01,1.696446785759854123e-02
6.805000000000000000e+02,5.549897019999999737e-01,1.700597241480015370e-02
6.810000000000000000e+02,5.550816440000000407e-01,1.705505633845123825e-02
6.815000000000000000e+02,5.551738779999999540e-01,1.710838203938770674e-02
6.820000000000000000e+02,5.552676700000001020e-01,1.716198705511923217e-02
6.825000000000000000e+02,5.553638320000000572e-01,1.721174094482321934e-02
6.830000000000000000e+02,5.554626160000000201e-01,1.725383948526720834e-02
6.835000000000000000e+02,5.555636560000000168e-01,1.728531213893100965e-02
6.840000000000000000e+02,5.556660759999999533e-01,1.730439363737792946e-02
6.845000000000000000e+02,5.557686100000001073e-01,1.731077683682364504e-02
6.850000000000000000e+02,5.558697999999999695e-01,1.730563388375503178e-02
6.855000000000000000e+02,5.559682140000000716e-01,1.729146645787729003e-02
6.860000000000000000e+02,5.560626820000000858e-01,1.727177323452674593e-02
6.865000000000000000e+02,5.561524739999998967e-01,1.725064366544233271e-02
6.870000000000000000e+02,5.562374799999999508e-01,1.723228944497133541e-02
6.875000000000000000e+02,5.563183120000000370e-01,1.722061553707718295e-02
6.880000000000000000e+02,5.563963180000000008e-01,1.721884307618906651e-02
6.885000000000000000e+02,5.564734940000000130e-01,1.722919152006228277e-02
6.890000000000000000e+02,5.565522819999999538e-01,1.725266663507887474e-02
6.895000000000000000e+02,5.566352719999999588e-01,1.728895044443743909e-02
6.900000000000000000e+02,5.567248439999999965e-01,1.733639992650624559e-02
6.905000000000000000e+02,5.568228139999999993e-01,1.739219548203693386e-02
6.910000000000000000e+02,5.569301239999999709e-01,1.745262342761185609e-02
6.915000000000000000e+02,5.570466699999999660e-01,1.751349256012004960e-02
6.920000000000000000e+02,5.571712899999999857e-01,1.757061108800543961e-02
6.925000000000000000e+02,5.573018899999999665e-01,1.762028361735644422e-02
6.930000000000000000e+02,5.574357460000000097e-01,1.765974118611923771e-02
6.935000000000000000e+02,5.575698460000000356e-01,1.768745463466199139e-02
6.940000000000000000e+02,5.577012980000000120e-01,1.770326517516822643e-02
6.945000000000000000e+02,5.578276620000000019e-01,1.770836825128260794e-02
6.950000000000000000e+02,5.579472679999999407e-01,1.770510925087314877e-02
6.955000000000000000e+02,5.580593799999999938e-01,1.769667657202023126e-02
6.960000000000000000e+02,5.581642920000000618e-01,1.768671310778302877e-02
6.965000000000000000e+02,5.582633000000000179e-01,1.767890709602379026e-02
6.970000000000000000e+02,5.583585859999999901e-01,1.767658726715809481e-02
6.975000000000000000e+02,5.584529600000001093e-01,1.768237571256984358e-02
6.980000000000000000e+02,5.585495600000000005e-01,1.769789709728672444e-02
6.985000000000000000e+02,5.586514499999999384e-01,1.772357986813894934e-02
6.990000000000000000e+02,5.587612140000001171e-01,1.775858149661471014e-02
6.995000000000000000e+02,5.588805600000000817e-01,1.780083221978540423e-02
7.000000000000000000e+02,5.590100500000000361e-01,1.784725000523078309e-02
7.005000000000000000e+02,5.591489600000000282e-01,1.789408386463414713e-02
7.010000000000000000e+02,5.592953200000001512e-01,1.793736368532872910e-02
7.015000000000000000e+02,5.594461500000000864e-01,1.797338927580467011e-02
7.020000000000000000e+02,5.595978280000000193e-01,1.799921561732132844e-02
7.025000000000000000e+02,5.597465640000001130e-01,1.801300990168511890e-02
7.030000000000000000e+02,5.598888319999999474e-01,1.801430288194644236e-02
7.035000000000000000e+02,5.600218100000000643e-01,1.800403357785498870e-02
7.040000000000000000e+02,5.601436779999999782e-01,1.798445247590967078e-02
7.045000000000000000e+02,5.602537859999999759e-01,1.795884491752840553e-02
7.050000000000000000e+02,5.603527200000000263e-01,1.793116256074017353e-02
7.055000000000000000e+02,5.604422399999999804e-01,1.790559023322605900e-02
7.060000000000000000e+02,5.605251299999999270e-01,1.788609725722103971e-02
7.065000000000000000e+02,5.606049220000000055e-01,1.787601173360051782e-02
7.070000000000000000e+02,5.606856000000000062e-01,1.787768250205853601e-02
7.075000000000000000e+02,5.607711679999999310e-01,1.789220837481147325e-02
7.080000000000000000e+02,5.608652619999998645e-01,1.791933351978705277e-02
7.085000000000000000e+02,5.609707099999999835e-01,1.795744690185132469e-02
7.090000000000000000e+02,5.610892099999998939e-01,1.800377271569128176e-02
7.095000000000000000e+02,5.612211159999999088e-01,1.805468053798225947e-02
7.100000000000000000e+02,5.613653859999999662e-01,1.810611126151183414e-02
7.105000000000000000e+02,5.615197480000000407e-01,1.815406332641660708e-02
7.110000000000000000e+02,5.616809899999999356e-01,1.819506266381350212e-02
7.115000000000000000e+02,5.618453860000000022e-01,1.822656714112386514e-02
7.120000000000000000e+02,5.620091659999999489e-01,1.824724961774365148e-02
7.125000000000000000e+02,5.621689220000000153e-01,1.825710853657949370e-02
7.130000000000000000e+02,5.623219899999999383e-01,1.825741991629349290e-02
7.135000000000000000e+02,5.624666680000001140e-01,1.825053356147744027e-02
7.140000000000000000e+02,5.626023199999999891e-01,1.823954819646171968e-02
7.145000000000000000e+02,5.627293960000000483e-01,1.822792692142105250e-02
7.150000000000000000e+02,5.628493319999999800e-01,1.821908400212765219e-02
7.155000000000000000e+02,5.629644000000000315e-01,1.821601104735473889e-02
7.160000000000000000e+02,5.630774479999999249e-01,1.822095208470605326e-02
7.165000000000000000e+02,5.631916500000000436e-01,1.823518573864879588e-02
7.170000000000000000e+02,5.633101560000000063e-01,1.825890237968662289e-02
7.175000000000000000e+02,5.634357599999999522e-01,1.829117540678837014e-02
7.180000000000000000e+02,5.635705979999998672e-01,1.833007143397794025e-02
7.185000000000000000e+02,5.637158739999998947e-01,1.837285414510400616e-02
7.190000000000000000e+02,5.638717140000000239e-01,1.841628125074510139e-02
7.195000000000000000e+02,5.640371779999999724e-01,1.845697151583687579e-02
7.200000000000000000e+02,5.642103419999999758e-01,1.849178528842643221e-02
7.205000000000000000e+02,5.643885319999999428e-01,1.851819945952802235e-02
7.210000000000000000e+02,5.645686220000000199e-01,1.853459122398317532e-02
7.215000000000000000e+02,5.647473499999999813e-01,1.854042611088185452e-02
7.220000000000000000e+02,5.649216139999999609e-01,1.853627768048445382e-02
7.225000000000000000e+02,5.650887319999998715e-01,1.852374995786339532e-02
7.230000000000000000e+02,5.652466560000000140e-01,1.850523666514336182e-02
7.235000000000000000e+02,5.653940960000001237e-01,1.848364136060305293e-02
7.240000000000000000e+02,5.655306460000000257e-01,1.846203906823121882e-02
7.245000000000000000e+02,5.656567999999999596e-01,1.844336674522985622e-02
7.250000000000000000e+02,5.657739640000000181e-01,1.843013460429482678e-02
7.255000000000000000e+02,5.658843700000000254e-01,1.842422230612461923e-02
7.260000000000000000e+02,5.659909119999999572e-01,1.842671692652936982e-02
7.265000000000000000e+02,5.660969200000000034e-01,1.843784089114908903e-02
7.270000000000000000e+02,5.662058540000000084e-01,1.845694050793131660e-02
7.275000000000000000e+02,5.663209359999999970e-01,1.848257087567788115e-02
7.280000000000000000e+02,5.664448340000000082e-01,1.851264984679870315e-02
7.285000000000000000e+02,5.665793280000001042e-01,1.854469677175212688e-02
7.290000000000000000e+02,5.667250940000000403e-01,1.857611400116225553e-02
7.295000000000000000e+02,5.668815940000000442e-01,1.860448618806539653e-02
7.300000000000000000e+02,5.670471079999999109e-01,1.862786830612789615e-02
7.305000000000000000e+02,5.672188900000000311e-01,1.864498139648360087e-02
7.310000000000000000e+02,5.673934299999999764e-01,1.865534112522094709e-02
7.315000000000000000e+02,5.675668179999999730e-01,1.865925013130791468e-02
7.320000000000000000e+02,5.677351520000000207e-01,1.865771172544786194e-02
7.325000000000000000e+02,5.678949479999999550e-01,1.865228059300829550e-02
7.330000000000000000e+02,5.680435319999999066e-01,1.864486142844092031e-02
7.335000000000000000e+02,5.681793760000000137e-01,1.863750955931628081e-02
7.340000000000000000e+02,5.683023179999999730e-01,1.863223958313744988e-02
7.345000000000000000e+02,5.684136739999999799e-01,1.863086121047483057e-02
7.350000000000000000e+02,5.685161720000000418e-01,1.863480624444091918e-02
7.355000000000000000e+02,5.686137540000000268e-01,1.864500260063767581e-02
7.360000000000000000e+02,5.687112020000000268e-01,1.866176962770288092e-02
7.365000000000000000e+02,5.688136400000000092e-01,1.868474747923823745e-02
7.370000000000000000e+02,5.689259819999999968e-01,1.871290803067375205e-02
7.375000000000000000e+02,5.690523259999999972e-01,1.874463518757264052e-02
7.380000000000000000e+02,5.691954540000000451e-01,1.877787602519694066e-02
7.385000000000000000e+02,5.693564540000000118e-01,1.881034778856590511e-02
7.390000000000000000e+02,5.695345119999999373e-01,1.883978285340607781e-02
7.395000000000000000e+02,5.697269500000000653e-01,1.886414448195173482e-02
7.400000000000000000e+02,5.699294719999999925e-01,1.888182138179851643e-02
7.405000000000000000e+02,5.701365940000000521e-01,1.889175620561535027e-02
7.410000000000000000e+02,5.703422180000000674e-01,1.889352259228157735e-02
7.415000000000000000e+02,5.705402760000000129e-01,1.888734770589523340e-02
7.420000000000000000e+02,5.707253839999999467e-01,1.887408846563101011e-02
7.425000000000000000e+02,5.708934119999999890e-01,1.885517272871329794e-02
7.430000000000000000e+02,5.710419479999998549e-01,1.883248526206389439e-02
7.435000000000000000e+02,5.711705959999999749e-01,1.880823054594094740e-02
7.440000000000000000e+02,5.712810380000000743e-01,1.878470342782909835e-02
7.445000000000000000e+02,5.713769100000000156e-01,1.876408192753643497e-02
7.450000000000000000e+02,5.714634359999999358e-01,1.874816457916310061e-02
7.455000000000000000e+02,5.715468859999999207e-01,1.873818228176964140e-02
7.460000000000000000e+02,5.716338600000000492e-01,1.873464448852898978e-02
7.465000000000000000e+02,5.717305440000000072e-01,1.873731125201761813e-02
7.470000000000000000e+02,5.718419439999999909e-01,1.874524990588431056e-02
7.475000000000000000e+02,5.719712640000000903e-01,1.875697998409595404e-02
7.480000000000000000e+02,5.721194740000000722e-01,1.877067503068405654e-02
7.485000000000000000e+02,5.722851540000000181e-01,1.878437330620046086e-02
7.490000000000000000e+02,5.724646159999999817e-01,1.879619425607045521e-02
7.495000000000000000e+02,5.726523239999999904e-01,1.880450999062872885e-02
7.500000000000000000e+02,5.728415300000000432e-01,1.880808165931282042e-02
7.505000000000000000e+02,5.730250740000000231e-01,1.880617721209405444e-02
7.510000000000000000e+02,5.731962279999999188e-01,1.879866511149008365e-02
7.515000000000000000e+02,5.733494999999999564e-01,1.878604519621066005e-02
7.520000000000000000e+02,5.734813159999999632e-01,1.876944813389024372e-02
7.525000000000000000e+02,5.735904619999999676e-01,1.875055588191198302e-02
7.530000000000000000e+02,5.736783119999999681e-01,1.873143303270586105e-02
7.535000000000000000e+02,5.737486960000000025e-01,1.871430621483055612e-02
7.540000000000000000e+02,5.738075519999999985e-01,1.870127732316789748e-02
7.545000000000000000e+02,5.738622760000000600e-01,1.869406770702850343e-02
7.550000000000000000e+02,5.739209259999999979e-01,1.869379590402751520e-02
7.555000000000000000e+02,5.739912859999999339e-01,1.870083544786077523e-02
7.560000000000000000e+02,5.740799759999999363e-01,1.871478684351617766e-02
7.565000000000000000e+02,5.741916659999999339e-01,1.873451829505220351e-02
7.570000000000000000e+02,5.743284940000000782e-01,1.875829270938285387e-02
7.575000000000000000e+02,5.744898240000000378e-01,1.878393906730976837e-02
7.580000000000000000e+02,5.746722820000000898e-01,1.880903636698393402e-02
7.585000000000000000e+02,5.748701379999999750e-01,1.883113946210834139e-02
7.590000000000000000e+02,5.750759699999999919e-01,1.884798628765391518e-02
7.595000000000000000e+02,5.752815019999999446e-01,1.885773021334497326e-02
7.600000000000000000e+02,5.754785539999999200e-01,1.885914860487891004e-02
7.605000000000000000e+02,5.756599420000000356e-01,1.885180985562325690e-02
7.610000000000000000e+02,5.758202980000000082e-01,1.883616819360174957e-02
7.615000000000000000e+02,5.759566279999999150e-01,1.881355182741510298e-02
7.620000000000000000e+02,5.760686299999999704e-01,1.878602793908467489e-02
7.625000000000000000e+02,5.761586939999999712e-01,1.875617193435286101e-02
7.630000000000000000e+02,5.762315879999999613e-01,1.872675077904157118e-02
7.635000000000000000e+02,5.762938980000000821e-01,1.870039059510721080e-02
7.640000000000000000e+02,5.763532440000000978e-01,1.867927334944687393e-02
7.645000000000000000e+02,5.764173879999999750e-01,1.866489726773506996e-02
7.650000000000000000e+02,5.764933039999999842e-01,1.865794600437158807e-02
7.655000000000000000e+02,5.765863719999999581e-01,1.865823801575416246e-02
7.660000000000000000e+02,5.766996939999999849e-01,1.866478933391229472e-02
7.665000000000000000e+02,5.768337479999999795e-01,1.867594277902654212e-02
7.670000000000000000e+02,5.769862960000000651e-01,1.868956031891296637e-02
7.675000000000000000e+02,5.771526499999999338e-01,1.870325878713759854e-02
7.680000000000000000e+02,5.773262179999999466e-01,1.871467478345145707e-02
7.685000000000000000e+02,5.774993019999999921e-01,1.872172660801999997e-02
7.690000000000000000e+02,5.776640179999998903e-01,1.872287208865039063e-02
7.695000000000000000e+02,5.778132379999999513e-01,1.871731014868173101e-02
7.700000000000000000e+02,5.779414720000000116e-01,1.870509638663923196e-02
7.705000000000000000e+02,5.780455220000000338e-01,1.868717281742837341e-02
7.710000000000000000e+02,5.781248959999999437e-01,1.866526816177672618e-02
7.715000000000000000e+02,5.781818779999999824e-01,1.864170587913922816e-02
7.720000000000000000e+02,5.782212799999999486e-01,1.861912676610585557e-02
7.725000000000000000e+02,5.782499199999999728e-01,1.860017928702999146e-02
7.730000000000000000e+02,5.782758180000000525e-01,1.858721707749209917e-02
7.735000000000000000e+02,5.783073020000000231e-01,1.858203532757979337e-02
7.740000000000000000e+02,5.783520020000000317e-01,1.858568370097785430e-02
7.745000000000000000e+02,5.784159879999999365e-01,1.859836210643706425e-02
7.750000000000000000e+02,5.785030239999999768e-01,1.861938800589632570e-02
7.755000000000000000e+02,5.786141240000000074e-01,1.864727256882693987e-02
7.760000000000000000e+02,5.787474419999999453e-01,1.867984974739717030e-02
7.765000000000000000e+02,5.788985139999999197e-01,1.871448751376339481e-02
7.770000000000000000e+02,5.790607999999999311e-01,1.874833476746587402e-02
7.775000000000000000e+02,5.792265159999999691e-01,1.877861691419594956e-02
7.780000000000000000e+02,5.793876100000000529e-01,1.880293368447540428e-02
7.785000000000000000e+02,5.795367220000000597e-01,1.881951406250394893e-02
7.790000000000000000e+02,5.796681099999999587e-01,1.882743358729355512e-02
7.795000000000000000e+02,5.797783240000000671e-01,1.882671804996734199e-02
7.800000000000000000e+02,5.798665819999999638e-01,1.881834404651413703e-02
7.805000000000000000e+02,5.799348380000000081e-01,1.880411506668590305e-02
7.810000000000000000e+02,5.799874999999998781e-01,1.878644398789908534e-02
7.815000000000000000e+02,5.800308379999999930e-01,1.876805810381227888e-02
7.820000000000000000e+02,5.800722240000000252e-01,1.875168016814534808e-02
7.825000000000000000e+02,5.801191799999999565e-01,1.873971754199619394e-02
7.830000000000000000e+02,5.801784779999999975e-01,1.873400287615499885e-02
7.835000000000000000e+02,5.802552759999999310e-01,1.873560488606776375e-02
7.840000000000000000e+02,5.803524540000000176e-01,1.874472086975972895e-02
7.845000000000000000e+02,5.804702520000000199e-01,1.876067851164700193e-02
7.850000000000000000e+02,5.806061980000000178e-01,1.878200425732126644e-02
7.855000000000000000e+02,5.807553699999999930e-01,1.880660713046958601e-02
7.860000000000000000e+02,5.809109899999999049e-01,1.883200266996104197e-02
7.865000000000000000e+02,5.810652179999999944e-01,1.885561273488624290e-02
7.870000000000000000e+02,5.812101280000000481e-01,1.887506232266701611e-02
7.875000000000000000e+02,5.813386539999999547e-01,1.888845831420940188e-02
7.880000000000000000e+02,5.814454680000000764e-01,1.889463486599182729e-02
7.885000000000000000e+02,5.815276339999999600e-01,1.889329254667926339e-02
7.890000000000000000e+02,5.815849639999999265e-01,1.888503683301135869e-02
7.895000000000000000e+02,5.816200380000000614e-01,1.887132327410015464e-02
7.900000000000000000e+02,5.816378959999999321e-01,1.885427296190722579e-02
7.905000000000000000e+02,5.816454500000000083e-01,1.883642700221754146e-02
7.910000000000000000e+02,5.816506599999999860e-01,1.882046299228873343e-02
7.915000000000000000e+02,5.816616160000001035e-01,1.880889730314367486e-02
7.920000000000000000e+02,5.816856020000000793e-01,1.880382839277719778e-02
7.925000000000000000e+02,5.817282620000000515e-01,1.880674126614533676e-02
7.930000000000000000e+02,5.817929599999999146e-01,1.881839072204396016e-02
7.935000000000000000e+02,5.818804099999999035e-01,1.883874188970351485e-02
7.940000000000000000e+02,5.819886060000000194e-01,1.886701310828467482e-02
7.945000000000000000e+02,5.821130919999999431e-01,1.890174452449334269e-02
7.950000000000000000e+02,5.822474979999999745e-01,1.894094687012409101e-02
7.955000000000000000e+02,5.823843400000000559e-01,1.898227591619902274e-02
7.960000000000000000e+02,5.825159020000001409e-01,1.902324540902560271e-02
7.965000000000000000e+02,5.826352200000000092e-01,1.906145503432882943e-02
7.970000000000000000e+02,5.827369159999999937e-01,1.909480607630583554e-02
7.975000000000000000e+02,5.828178759999999015e-01,1.912171144658411301e-02
7.980000000000000000e+02,5.828776479999999705e-01,1.914123840584024822e-02
7.985000000000000000e+02,5.829184940000000648e-01,1.915319651759063088e-02
7.990000000000000000e+02,5.829451420000000272e-01,1.915814652027078221e-02
7.995000000000000000e+02,5.829642199999999219e-01,1.915732213067029843e-02
8.000000000000000000e+02,5.829834499999999586e-01,1.915248326798799430e-02
8.005000000000000000e+02,5.830107460000000241e-01,1.914572208235684053e-02
8.010000000000000000e+02,5.830532459999999695e-01,1.913923282733703130e-02
8.015000000000000000e+02,5.831164420000000126e-01,1.913509957639661710e-02
8.020000000000000000e+02,5.832035660000001176e-01,1.913507857672359577e-02
8.025000000000000000e+02,5.833151220000000192e-01,1.914044857448262554e-02
8.030000000000000000e+02,5.834488540000000167e-01,1.915189012237737340e-02
8.035000000000000000e+02,5.835999660000000810e-01,1.916943136816859350e-02
8.040000000000000000e+02,5.837616300000000313e-01,1.919243346226240723e-02
8.045000000000000000e+02,5.839257459999999123e-01,1.921966095142721084e-02
8.050000000000000000e+02,5.840838339999999684e-01,1.924939238891102897e-02
8.055000000000000000e+02,5.842279699999999298e-01,1.927958413301439008e-02
8.060000000000000000e+02,5.843516700000001007e-01,1.930808437446345990e-02
8.065000000000000000e+02,5.844506060000000947e-01,1.933284623739986094e-02
8.070000000000000000e+02,5.845231060000000145e-01,1.935216355682165684e-02
8.075000000000000000e+02,5.845703159999999787e-01,1.936484699254155395e-02
8.080000000000000000e+02,5.845960980000000085e-01,1.937037260774387287e-02
8.085000000000000000e+02,5.846065719999999910e-01,1.936894243586738396e-02
8.090000000000000000e+02,5.846094379999999813e-01,1.936148158200873964e-02
8.095000000000000000e+02,5.846131079999999924e-01,1.934955252161387959e-02
8.100000000000000000e+02,5.846257459999999462e-01,1.933519711832300952e-02
8.105000000000000000e+02,5.846543800000001401e-01,1.932074734651872613e-02
8.110000000000000000e+02,5.847040980000001165e-01,1.930859776247316820e-02
8.115000000000000000e+02,5.847774839999999585e-01,1.930096691701417219e-02
8.120000000000000000e+02,5.848743560000000397e-01,1.929969377982553025e-02
8.125000000000000000e+02,5.849917959999999528e-01,1.930605430251727817e-02
8.130000000000000000e+02,5.851244780000000034e-01,1.932063053282459877e-02
8.135000000000000000e+02,5.852653079999999841e-01,1.934326722772845841e-02
8.140000000000000000e+02,5.854062500000000169e-01,1.937305543731834834e-02
8.145000000000000000e+02,5.855392640000000037e-01,1.940842088051229763e-02
8.150000000000000000e+02,5.856572740000000055e-01,1.944727511409878942e-02
8.155000000000000000e+02,5.857550059999999670e-01,1.948720002173083207e-02
8.160000000000000000e+02,5.858296320000000446e-01,1.952569724839330403e-02
8.165000000000000000e+02,5.858811420000000769e-01,1.956043478455256682e-02
8.170000000000000000e+02,5.859123539999999686e-01,1.958948557138512694e-02
8.175000000000000000e+02,5.859286420000000550e-01,1.961152891475326232e-02
8.180000000000000000e+02,5.859373220000000382e-01,1.962599322571838972e-02
8.185000000000000000e+02,5.859468399999999688e-01,1.963311868420017023e-02
8.190000000000000000e+02,5.859658300000001319e-01,1.963394085145236251e-02
8.195000000000000000e+02,5.860021279999999555e-01,1.963016649923591400e-02
8.200000000000000000e+02,5.860618640000000434e-01,1.962399031609565747e-02
8.205000000000000000e+02,5.861487600000000464e-01,1.961784928884790016e-02
8.210000000000000000e+02,5.862636319999999790e-01,1.961413638267089921e-02
8.215000000000000000e+02,5.864042660000000629e-01,1.961492277108568827e-02
8.220000000000000000e+02,5.865655860000000832e-01,1.962170890919176861e-02
8.225000000000000000e+02,5.867401759999999467e-01,1.963524867511349387e-02
8.230000000000000000e+02,5.869190779999999830e-01,1.965545586854256302e-02
8.235000000000000000e+02,5.870927900000000310e-01,1.968142439468419103e-02
8.240000000000000000e+02,5.872523199999999388e-01,1.971154855851765808e-02
8.245000000000000000e+02,5.873902300000000132e-01,1.974370827578851573e-02
8.250000000000000000e+02,5.875014379999999869e-01,1.977552252282057180e-02
8.255000000000000000e+02,5.875837899999999392e-01,1.980461273267594344e-02
8.260000000000000000e+02,5.876382660000000202e-01,1.982886507565337700e-02
8.265000000000000000e+02,5.876688119999999849e-01,1.984664831731428394e-02
8.270000000000000000e+02,5.876818420000000653e-01,1.985697404713930234e-02
8.275000000000000000e+02,5.876854980000000284e-01,1.985958989881447118e-02
8.280000000000000000e+02,5.876887060000000051e-01,1.985500596001914947e-02
8.285000000000000000e+02,5.877001859999999578e-01,1.984444300615278989e-02
8.290000000000000000e+02,5.877274900000000191e-01,1.982969917339467980e-02
8.295000000000000000e+02,5.877761500000000527e-01,1.981297864204495732e-02
8.300000000000000000e+02,5.878490879999999086e-01,1.979666499516203812e-02
8.305000000000000000e+02,5.879462500000000036e-01,1.978307430598515507e-02
8.310000000000000000e+02,5.880646419999999708e-01,1.977420262599517004e-02
8.315000000000000000e+02,5.881986140000000640e-01,1.977153461866115042e-02
8.320000000000000000e+02,5.883405639999998993e-01,1.977589704770876811e-02
8.325000000000000000e+02,5.884818120000000485e-01,1.978740610499399311e-02
8.330000000000000000e+02,5.886136640000000364e-01,1.980549933856821931e-02
8.335000000000000000e+02,5.887284960000001011e-01,1.982904987895854967e-02
8.340000000000000000e+02,5.888206719999999894e-01,1.985650985000595586e-02
8.345000000000000000e+02,5.888872680000000193e-01,1.988610808061204438e-02
8.350000000000000000e+02,5.889284240000000059e-01,1.991602114188037800e-02
8.355000000000000000e+02,5.889473419999999848e-01,1.994452999344518279e-02
8.360000000000000000e+02,5.889499239999999025e-01,1.997016021437499067e-02
8.365000000000000000e+02,5.889440780000000375e-01,1.999178692255931117e-02
8.370000000000000000e+02,5.889388619999998964e-01,2.000871269911370237e-02
8.375000000000000000e+02,5.889434680000000810e-01,2.002073035221827932e-02
8.380000000000000000e+02,5.889662079999999911e-01,2.002814277023544018e-02
8.385000000000000000e+02,5.890136119999999087e-01,2.003174962934326994e-02
8.390000000000000000e+02,5.890897240000000368e-01,2.003278416852200330e-02
8.395000000000000000e+02,5.891956420000000749e-01,2.003277775900195665e-02
8.400000000000000000e+02,5.893293880000001206e-01,2.003338648421963686e-02
8.405000000000000000e+02,5.894861540000000399e-01,2.003618269879284958e-02
8.410000000000000000e+02,5.896588239999999148e-01,2.004241645458216398e-02
8.415000000000000000e+02,5.898387840000000049e-01,2.005287037795378674e-02
8.420000000000000000e+02,5.900169100000000055e-01,2.006772826260635675e-02
8.425000000000000000e+02,5.901845919999999523e-01,2.008658803401795756e-02
8.430000000000000000e+02,5.903346879999999963e-01,2.010852103987944423e-02
8.435000000000000000e+02,5.904622840000000039e-01,2.013222205086899821e-02
8.440000000000000000e+02,5.905651620000000879e-01,2.015617854196508768e-02
8.445000000000000000e+02,5.906439599999999679e-01,2.017883006049978056e-02
8.450000000000000000e+02,5.907019840000000688e-01,2.019871408470390664e-02
8.455000000000000000e+02,5.907447259999999423e-01,2.021456460685180923e-02
8.460000000000000000e+02,5.907792040000000577e-01,2.022539528217472127e-02
8.465000000000000000e+02,5.908130939999999276e-01,2.023055952465096716e-02
8.470000000000000000e+02,5.908538479999999593e-01,2.022982171381879080e-02
8.475000000000000000e+02,5.909078739999999996e-01,2.022338899398234621e-02
8.480000000000000000e+02,5.909798079999999398e-01,2.021195937434453263e-02
8.485000000000000000e+02,5.910720160000000334e-01,2.019669642044647981e-02
8.490000000000000000e+02,5.911843620000000188e-01,2.017913893770431275e-02
8.495000000000000000e+02,5.913142820000001354e-01,2.016106435930935248e-02
8.500000000000000000e+02,5.914571100000000081e-01,2.014428856560686668e-02
8.505000000000000000e+02,5.916067000000000409e-01,2.013044377821039677e-02
8.510000000000000000e+02,5.917561599999998645e-01,2.012081526641427975e-02
8.515000000000000000e+02,5.918986800000000104e-01,2.011621027126656372e-02
8.520000000000000000e+02,5.920283279999999371e-01,2.011693827473663015e-02
8.525000000000000000e+02,5.921406859999999162e-01,2.012286048141505301e-02
8.530000000000000000e+02,5.922333139999998997e-01,2.013347250446122227e-02
8.535000000000000000e+02,5.923059559999999113e-01,2.014800123451197800e-02
8.540000000000000000e+02,5.923605120000000612e-01,2.016548616691410736e-02
8.545000000000000000e+02,5.924007820000000146e-01,2.018481679238391668e-02
8.550000000000000000e+02,5.924320299999999984e-01,2.020478128045041441e-02
8.555000000000000000e+02,5.924604219999999311e-01,2.022410823267603228e-02
8.560000000000000000e+02,5.924923859999999820e-01,2.024156234019464096e-02
8.565000000000000000e+02,5.925339480000000325e-01,2.025607334419936983e-02
8.570000000000000000e+02,5.925901400000000985e-01,2.026690009714929644e-02
8.575000000000000000e+02,5.926644939999999862e-01,2.027376436139835883e-02
8.580000000000000000e+02,5.927587219999999046e-01,2.027694281489332562e-02
8.585000000000000000e+02,5.928726100000000221e-01,2.027725172035869591e-02
8.590000000000000000e+02,5.930041339999999606e-01,2.027592837725231828e-02
8.595000000000000000e+02,5.931497460000000332e-01,2.027441893492130942e-02
8.600000000000000000e+02,5.933048700000000952e-01,2.027413838375800165e-02
8.605000000000000000e+02,5.934644159999999946e-01,2.027625338007802910e-02
8.610000000000000000e+02,5.936233619999999878e-01,2.028152521508659947e-02
8.615000000000000000e+02,5.937771780000000721e-01,2.029025653487662867e-02
8.620000000000000000e+02,5.939222660000000875e-01,2.030231550409475338e-02
8.625000000000000000e+02,5.940561239999999632e-01,2.031720021965812903e-02
8.630000000000000000e+02,5.941774979999999706e-01,2.033411865186620857e-02
8.635000000000000000e+02,5.942863380000000806e-01,2.035205276808346037e-02
8.640000000000000000e+02,5.943836900000001311e-01,2.036980209920237830e-02
8.645000000000000000e+02,5.944715299999999703e-01,2.038603030862556550e-02
8.650000000000000000e+02,5.945525059999999806e-01,2.039933923054631365e-02
8.655000000000000000e+02,5.946296800000000493e-01,2.040838356823954092e-02
8.660000000000000000e+02,5.947062100000000129e-01,2.041204292985149271e-02
8.665000000000000000e+02,5.947850440000000960e-01,2.040958903161909158e-02
8.670000000000000000e+02,5.948686340000000072e-01,2.040084952274626162e-02
8.675000000000000000e+02,5.949587160000000541e-01,2.038627930388293291e-02
8.680000000000000000e+02,5.950561500000000059e-01,2.036694774536356584e-02
8.685000000000000000e+02,5.951609020000000472e-01,2.034441417591997814e-02
8.690000000000000000e+02,5.952720979999999162e-01,2.032052279070531778e-02
8.695000000000000000e+02,5.953881500000000049e-01,2.029718600395582356e-02
8.700000000000000000e+02,5.955069699999999688e-01,2.027618920100816499e-02
8.705000000000000000e+02,5.956261400000000261e-01,2.025906191996854414e-02
8.710000000000000000e+02,5.957431360000000620e-01,2.024700038508656791e-02
8.715000000000000000e+02,5.958554819999999363e-01,2.024085142568152196e-02
8.720000000000000000e+02,5.959609219999999485e-01,2.024108791440355423e-02
8.725000000000000000e+02,5.960575739999999234e-01,2.024777965394887816e-02
8.730000000000000000e+02,5.961440639999999735e-01,2.026053779575103311e-02
8.735000000000000000e+02,5.962196679999999249e-01,2.027846484390235723e-02
8.740000000000000000e+02,5.962844359999999178e-01,2.030012720882177005e-02
8.745000000000000000e+02,5.963392600000000376e-01,2.032362390255340254e-02
8.750000000000000000e+02,5.963858599999999344e-01,2.034673079314906763e-02
8.755000000000000000e+02,5.964267380000001229e-01,2.036715919494208951e-02
8.760000000000000000e+02,5.964650040000000208e-01,2.038284874552809614e-02
8.765000000000000000e+02,5.965041299999999103e-01,2.039227696535430082e-02
8.770000000000000000e+02,5.965477060000000664e-01,2.039468302429792851e-02
8.775000000000000000e+02,5.965991179999999838e-01,2.039019845658284966e-02
8.780000000000000000e+02,5.966612820000000150e-01,2.037982857010440380e-02
8.785000000000000000e+02,5.967363799999999552e-01,2.036531877923077397e-02
8.790000000000000000e+02,5.968256519999999288e-01,2.034893588914426371e-02
8.795000000000000000e+02,5.969292360000000297e-01,2.033320005338328657e-02
8.800000000000000000e+02,5.970461019999999674e-01,2.032063415243293841e-02
8.805000000000000000e+02,5.971740480000000684e-01,2.031351571820628338e-02
8.810000000000000000e+02,5.973098300000000416e-01,2.031365509003069114e-02
8.815000000000000000e+02,5.974493899999999691e-01,2.032221096211163022e-02
8.820000000000000000e+02,5.975882040000000117e-01,2.033952341346931605e-02
8.825000000000000000e+02,5.977217060000000748e-01,2.036500658546677375e-02
8.830000000000000000e+02,5.978457419999999578e-01,2.039710425602476659e-02
8.835000000000000000e+02,5.979570519999999334e-01,2.043336553397320440e-02
8.840000000000000000e+02,5.980535939999999107e-01,2.047064101379451884e-02
8.845000000000000000e+02,5.981348239999999539e-01,2.050540900518240880e-02
8.850000000000000000e+02,5.982017799999999053e-01,2.053419593553834979e-02
8.855000000000000000e+02,5.982569840000000472e-01,2.055403271301489004e-02
8.860000000000000000e+02,5.983042139999998899e-01,2.056287060601524885e-02
8.865000000000000000e+02,5.983481179999998734e-01,2.055986838261041408e-02
8.870000000000000000e+02,5.983937420000000618e-01,2.054552890170738971e-02
8.875000000000000000e+02,5.984459959999999246e-01,2.052164666228702486e-02
8.880000000000000000e+02,5.985091059999999574e-01,2.049107843870560247e-02
8.885000000000000000e+02,5.985861479999999846e-01,2.045742522064163474e-02
8.890000000000000000e+02,5.986786419999999831e-01,2.042462839950738226e-02
8.895000000000000000e+02,5.987863119999999872e-01,2.039658100635090288e-02
8.900000000000000000e+02,5.989070460000001095e-01,2.037675251778668303e-02
8.905000000000000000e+02,5.990370380000000772e-01,2.036787362999274015e-02
8.910000000000000000e+02,5.991711480000000423e-01,2.037165311149181576e-02
8.915000000000000000e+02,5.993034099999999809e-01,2.038858989429700661e-02
8.920000000000000000e+02,5.994276760000000204e-01,2.041784816080030596e-02
8.925000000000000000e+02,5.995382740000000377e-01,2.045726894013729855e-02
8.930000000000000000e+02,5.996306359999999946e-01,2.050351600475893918e-02
8.935000000000000000e+02,5.997018060000000039e-01,2.055239081241366089e-02
8.940000000000000000e+02,5.997508039999999152e-01,2.059928717207213864e-02
8.945000000000000000e+02,5.997787980000000019e-01,2.063975492960862940e-02
8.950000000000000000e+02,5.997890500000000458e-01,2.067006997551121272e-02
8.955000000000000000e+02,5.997867080000001128e-01,2.068773408236663017e-02
8.960000000000000000e+02,5.997783459999999067e-01,2.069181713272340642e-02
8.965000000000000000e+02,5.997714339999999922e-01,2.068308244118115258e-02
8.970000000000000000e+02,5.997736179999999528e-01,2.066388924970498711e-02
8.975000000000000000e+02,5.997919620000000673e-01,2.063788715633784257e-02
8.980000000000000000e+02,5.998322280000000228e-01,2.060957449628557023e-02
8.985000000000000000e+02,5.998981999999999370e-01,2.058377670955477412e-02
8.990000000000000000e+02,5.999912120000000515e-01,2.056512964956151712e-02
8.995000000000000000e+02,6.001099260000000157e-01,2.055758435080897936e-02
9.000000000000000000e+02,6.002503800000000833e-01,2.056401368697462206e-02
9.005000000000000000e+02,6.004063259999999902e-01,2.058588753951468703e-02
9.010000000000000000e+02,6.005698600000000109e-01,2.062309028297020300e-02
9.015000000000000000e+02,6.007321880000000558e-01,2.067385455648786466e-02
9.020000000000000000e+02,6.008845659999999533e-01,2.073488138147469573e-02
9.025000000000000000e+02,6.010192020000000301e-01,2.080163097421915130e-02
9.030000000000000000e+02,6.011300919999998937e-01,2.086878010608536615e-02
9.035000000000000000e+02,6.012136860000001359e-01,2.093081943414581286e-02
9.040000000000000000e+02,6.012693139999999437e-01,2.098271517880338083e-02
9.045000000000000000e+02,6.012993300000000207e-01,2.102051676436262131e-02
9.050000000000000000e+02,6.013089340000000727e-01,2.104184454207130850e-02
9.055000000000000000e+02,6.013056820000001190e-01,2.104615723687281587e-02
9.060000000000000000e+02,6.012987159999999554e-01,2.103476078782037448e-02
9.065000000000000000e+02,6.012977779999999495e-01,2.101062274463858653e-02
9.070000000000000000e+02,6.013120960000000181e-01,2.097794850774035991e-02
9.075000000000000000e+02,6.013492960000000886e-01,2.094170926720274536e-02
9.080000000000000000e+02,6.014144399999998836e-01,2.090707400074887090e-02
9.085000000000000000e+02,6.015093320000000077e-01,2.087892497277635262e-02
9.090000000000000000e+02,6.016322020000000048e-01,2.086139140591114841e-02
9.095000000000000000e+02,6.017777759999999310e-01,2.085748457928462279e-02
9.100000000000000000e+02,6.019377940000000260e-01,2.086881624631319390e-02
9.105000000000000000e+02,6.021018760000000913e-01,2.089543065616418852e-02
9.110000000000000000e+02,6.022586739999999939e-01,2.093576277107943306e-02
9.115000000000000000e+02,6.023971180000000647e-01,2.098674152736209123e-02
9.120000000000000000e+02,6.025077220000000233e-01,2.104409193909098294e-02
9.125000000000000000e+02,6.025836740000000136e-01,2.110276508223355232e-02
9.130000000000000000e+02,6.026217299999999666e-01,2.115752219139448859e-02
9.135000000000000000e+02,6.026226500000000375e-01,2.120355105993828801e-02
9.140000000000000000e+02,6.025912760000000645e-01,2.123705436815181632e-02
9.145000000000000000e+02,6.025361000000000189e-01,2.125569958350348801e-02
9.150000000000000000e+02,6.024684319999999982e-01,2.125888255271319444e-02
9.155000000000000000e+02,6.024012460000000013e-01,2.124776294506872110e-02
9.160000000000000000e+02,6.023477600000000098e-01,2.122510736008582574e-02
9.165000000000000000e+02,6.023199679999999834e-01,2.119493850114819583e-02
9.170000000000000000e+02,6.023272819999999639e-01,2.116209608832579289e-02
9.175000000000000000e+02,6.023753980000000618e-01,2.113172957270025021e-02
9.180000000000000000e+02,6.024655740000000037e-01,2.110879360348681677e-02
9.185000000000000000e+02,6.025944079999999703e-01,2.109757048753491127e-02
9.190000000000000000e+02,6.027541380000001059e-01,2.110123102690134381e-02
9.195000000000000000e+02,6.029334579999999777e-01,2.112150734853111139e-02
9.200000000000000000e+02,6.031187860000000178e-01,2.115844944230403993e-02
9.205000000000000000e+02,6.032958000000000487e-01,2.121035520817014103e-02
9.210000000000000000e+02,6.034511080000000138e-01,2.127386320483243623e-02
9.215000000000000000e+02,6.035738119999999318e-01,2.134424883325211283e-02
9.220000000000000000e+02,6.036568319999999765e-01,2.141589735615447368e-02
9.225000000000000000e+02,6.036977740000000203e-01,2.148290743885253665e-02
9.230000000000000000e+02,6.036992580000000164e-01,2.153976912171400027e-02
9.235000000000000000e+02,6.036686460000000309e-01,2.158200097818146340e-02
9.240000000000000000e+02,6.036172320000000591e-01,2.160665937851715193e-02
9.245000000000000000e+02,6.035589500000000385e-01,2.161267746747219318e-02
9.250000000000000000e+02,6.035087420000000424e-01,2.160095960109305671e-02
9.255000000000000000e+02,6.034808280000000247e-01,2.157426113201177734e-02
9.260000000000000000e+02,6.034870160000000983e-01,2.153686481653832238e-02
9.265000000000000000e+02,6.035352659999999592e-01,2.149410435461583668e-02
9.270000000000000000e+02,6.036287060000000704e-01,2.145181251438433787e-02
9.275000000000000000e+02,6.037651779999999579e-01,2.141571041468817715e-02
9.280000000000000000e+02,6.039373820000000226e-01,2.139083208851105464e-02
9.285000000000000000e+02,6.041336580000000733e-01,2.138099716328529729e-02
9.290000000000000000e+02,6.043392760000001473e-01,2.138839802388450145e-02
9.295000000000000000e+02,6.045381360000000592e-01,2.141332636691287497e-02
9.300000000000000000e+02,6.047146500000000202e-01,2.145410760869745706e-02
9.305000000000000000e+02,6.048556139999999859e-01,2.150722877893328569e-02
9.310000000000000000e+02,6.049517879999999348e-01,2.156768148618908379e-02
9.315000000000000000e+02,6.049990359999999345e-01,2.162951041586715778e-02
9.320000000000000000e+02,6.049988620000000816e-01,2.168649754665732607e-02
9.325000000000000000e+02,6.049582419999999239e-01,2.173287898861661974e-02
9.330000000000000000e+02,6.048888480000000900e-01,2.176406570086995493e-02
9.335000000000000000e+02,6.048056979999999472e-01,2.177719539285612529e-02
9.340000000000000000e+02,6.047254160000000711e-01,2.177149245582066586e-02
9.345000000000000000e+02,6.046642979999999890e-01,2.174837646190132950e-02
9.350000000000000000e+02,6.046364739999999793e-01,2.171129221085275202e-02
9.355000000000000000e+02,6.046522480000000588e-01,2.166532028969878759e-02
9.360000000000000000e+02,6.047169639999999680e-01,2.161659769333754491e-02
9.365000000000000000e+02,6.048303440000000197e-01,2.157162477837136841e-02
9.370000000000000000e+02,6.049865420000000160e-01,2.153654397886379038e-02
9.375000000000000000e+02,6.051747979999999583e-01,2.151645849302653499e-02
9.380000000000000000e+02,6.053806859999999457e-01,2.151484990353375384e-02
9.385000000000000000e+02,6.055877620000000849e-01,2.153318449336242071e-02
9.390000000000000000e+02,6.057795160000000179e-01,2.157070688059865154e-02
9.395000000000000000e+02,6.059412839999999134e-01,2.162449133777130314e-02
9.400000000000000000e+02,6.060620040000000985e-01,2.168971585307851932e-02
9.405000000000000000e+02,6.061354939999999969e-01,2.176017095730881784e-02
9.410000000000000000e+02,6.061612120000000603e-01,2.182893693572167393e-02
9.415000000000000000e+02,6.061442700000000405e-01,2.188916897105804352e-02
9.420000000000000000e+02,6.060948239999999210e-01,2.193490669539754911e-02
9.425000000000000000e+02,6.060268240000000750e-01,2.196178038269726296e-02
9.430000000000000000e+02,6.059563580000000282e-01,2.196755376845824573e-02
9.435000000000000000e+02,6.058997539999999571e-01,2.195238882635863753e-02
9.440000000000000000e+02,6.058716459999999859e-01,2.191882921916099916e-02
9.445000000000000000e+02,6.058833059999999548e-01,2.187149106489967576e-02
9.450000000000000000e+02,6.059413420000000494e-01,2.181649171247806648e-02
9.455000000000000000e+02,6.060469859999999542e-01,2.176073356358550204e-02
9.460000000000000000e+02,6.061959599999999782e-01,2.171108506330118870e-02
9.465000000000000000e+02,6.063789980000000579e-01,2.167360751901870053e-02
9.470000000000000000e+02,6.065829259999999667e-01,2.165285715246272752e-02
9.475000000000000000e+02,6.067921880000000101e-01,2.165141072965047486e-02
9.480000000000000000e+02,6.069905979999999923e-01,2.166957581314443021e-02
9.485000000000000000e+02,6.071632160000000056e-01,2.170537903372653926e-02
9.490000000000000000e+02,6.072980279999999897e-01,2.175479315360005425e-02
9.495000000000000000e+02,6.073872999999998523e-01,2.181217939901008984e-02
9.500000000000000000e+02,6.074284619999998913e-01,2.187093885583364650e-02
9.505000000000000000e+02,6.074243360000000092e-01,2.192424358081724797e-02
9.510000000000000000e+02,6.073828079999999963e-01,2.196584554368267300e-02
9.515000000000000000e+02,6.073158760000001433e-01,2.199079300016112959e-02
9.520000000000000000e+02,6.072382640000000276e-01,2.199602449784359565e-02
9.525000000000000000e+02,6.071657200000000199e-01,2.198074099355161459e-02
9.530000000000000000e+02,6.071132280000000048e-01,2.194648929887906691e-02
9.535000000000000000e+02,6.070933220000001018e-01,2.189697228300466203e-02
9.540000000000000000e+02,6.071146960000000092e-01,2.183758228881269373e-02
9.545000000000000000e+02,6.071812760000000475e-01,2.177475359184819631e-02
9.550000000000000000e+02,6.072918279999999225e-01,2.171518941046805123e-02
9.555000000000000000e+02,6.074401480000000131e-01,2.166508855069058936e-02
9.560000000000000000e+02,6.076158360000001313e-01,2.162944095873784237e-02
9.565000000000000000e+02,6.078055019999999420e-01,2.161150665936513796e-02
9.570000000000000000e+02,6.079943319999999707e-01,2.161248546140710769e-02
9.575000000000000000e+02,6.081677859999999880e-01,2.163143307648122612e-02
9.580000000000000000e+02,6.083132300000000381e-01,2.166541312847829193e-02
9.585000000000000000e+02,6.084213899999999509e-01,2.170985672671563171e-02
9.590000000000000000e+02,6.084873800000000221e-01,2.175908379332572307e-02
9.595000000000000000e+02,6.085112120000000235e-01,2.180694113109571397e-02
9.600000000000000000e+02,6.084977740000000468e-01,2.184749540295078535e-02
9.605000000000000000e+02,6.084562420000001470e-01,2.187567854379754081e-02
9.610000000000000000e+02,6.083989920000000273e-01,2.188784872993218555e-02
9.615000000000000000e+02,6.083401600000000187e-01,2.188220331929876389e-02
9.620000000000000000e+02,6.082940179999999364e-01,2.185895312737034038e-02
9.625000000000000000e+02,6.082733240000000041e-01,2.182027923724500634e-02
9.630000000000000000e+02,6.082878600000000135e-01,2.177006136229754293e-02
9.635000000000000000e+02,6.083433360000000123e-01,2.171339688626116454e-02
9.640000000000000000e+02,6.084407560000000270e-01,2.165599558031090777e-02
9.645000000000000000e+02,6.085763080000000658e-01,2.160351297027461939e-02
9.650000000000000000e+02,6.087418679999999638e-01,2.156090752719452830e-02
9.655000000000000000e+02,6.089259179999999549e-01,2.153190453086729558e-02
9.660000000000000000e+02,6.091149139999999518e-01,2.151861843794545398e-02
9.665000000000000000e+02,6.092948160000000168e-01,2.152138841579733647e-02
9.670000000000000000e+02,6.094526980000000149e-01,2.153879318914997745e-02
9.675000000000000000e+02,6.095781820000001350e-01,2.156787941412308812e-02
9.680000000000000000e+02,6.096645679999999068e-01,2.160453682023602551e-02
9.685000000000000000e+02,6.097095240000000027e-01,2.164397127871929560e-02
9.690000000000000000e+02,6.097152720000000858e-01,2.168124318946988704e-02
9.695000000000000000e+02,6.096882719999999756e-01,2.171179735086052956e-02
9.700000000000000000e+02,6.096384120000000184e-01,2.173193562315363023e-02
9.705000000000000000e+02,6.095778839999999033e-01,2.173918731416001407e-02
9.710000000000000000e+02,6.095197800000000665e-01,2.173255933551430583e-02
9.715000000000000000e+02,6.094766519999998966e-01,2.171259179064382455e-02
9.720000000000000000e+02,6.094591200000000208e-01,2.168128909453563222e-02
9.725000000000000000e+02,6.094747200000000253e-01,2.164186147910432748e-02
9.730000000000000000e+02,6.095270980000000449e-01,2.159833998438337802e-02
9.735000000000000000e+02,6.096156320000000184e-01,2.155511609922303173e-02
9.740000000000000000e+02,6.097355540000000129e-01,2.151642785979229408e-02
9.745000000000000000e+02,6.098785120000000948e-01,2.148589495444519840e-02
9.750000000000000000e+02,6.100335760000000773e-01,2.146613349146804517e-02
9.755000000000000000e+02,6.101885019999999660e-01,2.145849093120050927e-02
9.760000000000000000e+02,6.103311720000000884e-01,2.146295629863494842e-02
9.765000000000000000e+02,6.104510019999999093e-01,2.147821656780849950e-02
9.770000000000000000e+02,6.105401099999999692e-01,2.150185284374231745e-02
9.775000000000000000e+02,6.105942260000000177e-01,2.153065804013305426e-02
9.780000000000000000e+02,6.106130999999999087e-01,2.156100675411077444e-02
9.785000000000000000e+02,6.106004979999999360e-01,2.158925480942345057e-02
9.790000000000000000e+02,6.105637099999998707e-01,2.161213281493638838e-02
9.795000000000000000e+02,6.105126840000000277e-01,2.162705833723384263e-02
9.800000000000000000e+02,6.104589020000000810e-01,2.163240749596895621e-02
9.805000000000000000e+02,6.104141000000000705e-01,2.162764115537683940e-02
9.810000000000000000e+02,6.103889359999999931e-01,2.161337062855619995e-02
9.815000000000000000e+02,6.103918379999999644e-01,2.159126768110325792e-02
9.820000000000000000e+02,6.104280420000000040e-01,2.156387450193804345e-02
9.825000000000000000e+02,6.104990120000000076e-01,2.153433293791461034e-02
9.830000000000000000e+02,6.106022900000001030e-01,2.150601134057150698e-02
9.835000000000000000e+02,6.107317700000000071e-01,2.148212723874056915e-02
9.840000000000000000e+02,6.108784299999999723e-01,2.146536401695136806e-02
9.845000000000000000e+02,6.110313940000000610e-01,2.145755672102874975e-02
9.850000000000000000e+02,6.111792019999999770e-01,2.145949412156245018e-02
9.855000000000000000e+02,6.113111300000000359e-01,2.147083843521882876e-02
9.860000000000000000e+02,6.114184220000000725e-01,2.149019436849568948e-02
9.865000000000000000e+02,6.114951959999999076e-01,2.151530012310136700e-02
9.870000000000000000e+02,6.115390560000000253e-01,2.154331918675034957e-02
9.875000000000000000e+02,6.115512320000000557e-01,2.157118646366267684e-02
9.880000000000000000e+02,6.115363040000000305e-01,2.159595158875630971e-02
9.885000000000000000e+02,6.115016079999999743e-01,2.161511591683176400e-02
9.890000000000000000e+02,6.114563399999999316e-01,2.162689275548407633e-02
9.895000000000000000e+02,6.114105100000000181e-01,2.163039409755288314e-02
9.900000000000000000e+02,6.113738180000000133e-01,2.162571744627156747e-02
9.905000000000000000e+02,6.113546380000000058e-01,2.161393184421020117e-02
9.910000000000000000e+02,6.113591040000000421e-01,2.159695412541142237e-02
9.915000000000000000e+02,6.113904860000000108e-01,2.157734761039145632e-02
9.920000000000000000e+02,6.114488580000000395e-01,2.155801327985244417e-02
9.925000000000000000e+02,6.115311599999999626e-01,2.154185612984822751e-02
9.930000000000000000e+02,6.116316179999999880e-01,2.153141892883732311e-02
9.935000000000000000e+02,6.117424780000000339e-01,2.152855367810234399e-02
9.940000000000000000e+02,6.118549420000001238e-01,2.153417844414187363e-02
9.945000000000000000e+02,6.119602560000000357e-01,2.154814481974181434e-02
9.950000000000000000e+02,6.120506959999999497e-01,2.156925866807077666e-02
9.955000000000000000e+02,6.121204239999999963e-01,2.159543011281104402e-02
9.960000000000000000e+02,6.121661099999999855e-01,2.162395572706853411e-02
9.965000000000000000e+02,6.121872039999999293e-01,2.165187691342637666e-02
9.970000000000000000e+02,6.121859560000000311e-01,2.167636486550054281e-02
9.975000000000000000e+02,6.121670719999999788e-01,2.169508982931860758e-02
9.980000000000000000e+02,6.121371840000000564e-01,2.170650817980740097e-02
9.985000000000000000e+02,6.121040679999999456e-01,2.171006101704931260e-02
9.990000000000000000e+02,6.120758080000000545e-01,2.170623887871074228e-02
9.995000000000000000e+02,6.120598680000000069e-01,2.169652529267310920e-02
1.000000000000000000e+03,6.120622780000000152e-01,2.168322578447782686e-02
1.000500000000000000e+03,6.120869339999999159e-01,2.166919309581476216e-02
1.001000000000000000e+03,6.121351680000000073e-01,2.165749196461524625e-02
1.001500000000000000e+03,6.122055900000000772e-01,2.165102173608235078e-02
1.002000000000000000e+03,6.122943060000001214e-01,2.165214807486282034e-02
1.002500000000000000e+03,6.123954100000000844e-01,2.166237835298170586e-02
1.003000000000000000e+03,6.125017219999999707e-01,2.168213231345210781e-02
1.003500000000000000e+03,6.126056859999999826e-01,2.171062519131602628e-02
1.004000000000000000e+03,6.127002340000000657e-01,2.174591646317041230e-02
1.004500000000000000e+03,6.127795799999999904e-01,2.178511825830949447e-02
1.005000000000000000e+03,6.128398440000000225e-01,2.182472884698010568e-02
1.005500000000000000e+03,6.128793939999999107e-01,2.186108664404736238e-02
1.006000000000000000e+03,6.128989660000000450e-01,2.189083494277013417e-02
1.006500000000000000e+03,6.129015100000000382e-01,2.191138741855773106e-02
1.007000000000000000e+03,6.128918380000000221e-01,2.192126470990631362e-02
1.007500000000000000e+03,6.128760320000000705e-01,2.192031424448869989e-02
1.008000000000000000e+03,6.128607719999999981e-01,2.190975085238427295e-02
1.008500000000000000e+03,6.128525860000000325e-01,2.189201758450911445e-02
1.009000000000000000e+03,6.128570740000001127e-01,2.187050477453404349e-02
1.009500000000000000e+03,6.128783060000000393e-01,2.184915811199178437e-02
1.010000000000000000e+03,6.129183059999998573e-01,2.183199593319528828e-02
1.010500000000000000e+03,6.129768520000000720e-01,2.182264525115811676e-02
1.011000000000000000e+03,6.130515340000000091e-01,2.182389928215570929e-02
1.011500000000000000e+03,6.131380779999999753e-01,2.183736761248443459e-02
1.012000000000000000e+03,6.132309339999999498e-01,2.186326294063756573e-02
1.012500000000000000e+03,6.133239940000000390e-01,2.190034161101021490e-02
1.013000000000000000e+03,6.134113439999999695e-01,2.194602134120341233e-02
1.013500000000000000e+03,6.134879760000000459e-01,2.199666306375120534e-02
1.014000000000000000e+03,6.135503260000000347e-01,2.204799906253413627e-02
1.014500000000000000e+03,6.135966440000000244e-01,2.209566729354957640e-02
1.015000000000000000e+03,6.136271199999999704e-01,2.213575629696532335e-02
1.015500000000000000e+03,6.136438260000000033e-01,2.216532037064987762e-02
1.016000000000000000e+03,6.136504360000001324e-01,2.218277454212043420e-02
1.016500000000000000e+03,6.136518260000000113e-01,2.218811346101479814e-02
1.017000000000000000e+03,6.136535079999999587e-01,2.218292771341586617e-02
1.017500000000000000e+03,6.136610360000001041e-01,2.217021882218274051e-02
1.018000000000000000e+03,6.136793379999999631e-01,2.215401692375480389e-02
1.018500000000000000e+03,6.137121639999999489e-01,2.213887889605604259e-02
1.019000000000000000e+03,6.137615699999999785e-01,2.212931572716425599e-02
1.019500000000000000e+03,6.138276900000000369e-01,2.212922745042695052e-02
1.020000000000000000e+03,6.139086660000000473e-01,2.214141826846365707e-02
1.020500000000000000e+03,6.140008860000001345e-01,2.216725003274776229e-02
1.021000000000000000e+03,6.140994419999998843e-01,2.220647361193473987e-02
1.021500000000000000e+03,6.141987380000000218e-01,2.225724037974888270e-02
1.022000000000000000e+03,6.142932380000000192e-01,2.231632263639227176e-02
1.022500000000000000e+03,6.143781020000000925e-01,2.237947723937076458e-02
1.023000000000000000e+03,6.144497919999999391e-01,2.244194064067930178e-02
1.023500000000000000e+03,6.145064239999999955e-01,2.249898089401931867e-02
1.024000000000000000e+03,6.145479299999999645e-01,2.254647182738642522e-02
1.024500000000000000e+03,6.145759960000000133e-01,2.258138531370397495e-02
1.025000000000000000e+03,6.145938100000000182e-01,2.260216913657425719e-02
1.025500000000000000e+03,6.146056479999998379e-01,2.260896151190904327e-02
1.026000000000000000e+03,6.146163780000000187e-01,2.260357987210509165e-02
1.026500000000000000e+03,6.146309239999999674e-01,2.258933236429589916e-02
1.027000000000000000e+03,6.146537260000000114e-01,2.257061278653341510e-02
1.027500000000000000e+03,6.146882599999999863e-01,2.255237053231323729e-02
1.028000000000000000e+03,6.147366419999999998e-01,2.253951048386486355e-02
1.028500000000000000e+03,6.147994159999999875e-01,2.253627262333737780e-02
1.029000000000000000e+03,6.148754800000000298e-01,2.254572748959745090e-02
1.029500000000000000e+03,6.149622459999999347e-01,2.256939270361624575e-02
1.030000000000000000e+03,6.150559560000000703e-01,2.260707940581989026e-02
1.030500000000000000e+03,6.151521620000000024e-01,2.265693595275856259e-02
1.031000000000000000e+03,6.152463059999998540e-01,2.271570985557826508e-02
1.031500000000000000e+03,6.153342680000000176e-01,2.277916163783478762e-02
1.032000000000000000e+03,6.154128660000000028e-01,2.284258429003000260e-02
1.032500000000000000e+03,6.154802000000000328e-01,2.290136650071453173e-02
1.033000000000000000e+03,6.155358039999999642e-01,2.295152960539985007e-02
1.033500000000000000e+03,6.155806379999999578e-01,2.299018584129093601e-02
1.034000000000000000e+03,6.156168680000000393e-01,2.301586476845924462e-02
1.034500000000000000e+03,6.156475799999999721e-01,2.302868059680014678e-02
1.035000000000000000e+03,6.156764100000000628e-01,2.303033035871913242e-02
1.035500000000000000e+03,6.157071199999999411e-01,2.302387706779615226e-02
1.036000000000000000e+03,6.157432520000000187e-01,2.301339677092029135e-02
1.036500000000000000e+03,6.157877499999999671e-01,2.300348442794111423e-02
1.037000000000000000e+03,6.158426860000000280e-01,2.299867889464318402e-02
1.037500000000000000e+03,6.159090499999999579e-01,2.300290236751571446e-02
1.038000000000000000e+03,6.159866399999999187e-01,2.301896420433637708e-02
1.038500000000000000e+03,6.160740959999999600e-01,2.304819861452596028e-02
1.039000000000000000e+03,6.161690479999999415e-01,2.309031009878459439e-02
1.039500000000000000e+03,6.162683839999999469e-01,2.314341622583938538e-02
1.040000000000000000e+03,6.163686379999999687e-01,2.320431670244879271e-02
1.040500000000000000e+03,6.164663700000000413e-01,2.326890564075543427e-02
1.041000000000000000e+03,6.165585399999999883e-01,2.333269438846980945e-02
1.041500000000000000e+03,6.166428359999999165e-01,2.339133792893293221e-02
1.042000000000000000e+03,6.167178719999999448e-01,2.344114793694058313e-02
1.042500000000000000e+03,6.167832519999999485e-01,2.347948285580996400e-02
1.043000000000000000e+03,6.168395539999999011e-01,2.350501505025397522e-02
1.043500000000000000e+03,6.168881720000000124e-01,2.351786392849218588e-02
1.044000000000000000e+03,6.169311559999999250e-01,2.351953610878743800e-02
1.044500000000000000e+03,6.169709500000000180e-01,2.351275617689364827e-02
1.045000000000000000e+03,6.170101679999999700e-01,2.350114001734882746e-02
1.045500000000000000e+03,6.170513460000000006e-01,2.348879465781494522e-02
1.046000000000000000e+03,6.170966800000000640e-01,2.347983099557681558e-02
1.046500000000000000e+03,6.171478499999999423e-01,2.347791052877386264e-02
1.047000000000000000e+03,6.172058519999999993e-01,2.348578597740670279e-02
1.047500000000000000e+03,6.172709100000000060e-01,2.350500170186230892e-02
1.048000000000000000e+03,6.173424800000000268e-01,2.353568753167558161e-02
1.048500000000000000e+03,6.174193320000000984e-01,2.357656905055893759e-02
1.049000000000000000e+03,6.174997180000000307e-01,2.362513401300411417e-02
1.049500000000000000e+03,6.175815999999999528e-01,2.367796682997381358e-02
1.050000000000000000e+03,6.176628680000000315e-01,2.373117956048928848e-02
1.050500000000000000e+03,6.177415800000000123e-01,2.378089099934714568e-02
1.051000000000000000e+03,6.178161759999999392e-01,2.382367792890018043e-02
1.051500000000000000e+03,6.178855999999999238e-01,2.385695028406563736e-02
1.052000000000000000e+03,6.179494100000000323e-01,2.387921832859003085e-02
1.052500000000000000e+03,6.180078260000000379e-01,2.389022569340433153e-02
1.053000000000000000e+03,6.180617059999999885e-01,2.389094701040325383e-02
1.053500000000000000e+03,6.181125040000000626e-01,2.388345859927797771e-02
1.054000000000000000e+03,6.181621240000000350e-01,2.387071619659380389e-02
1.054500000000000000e+03,6.182127600000000278e-01,2.385622955222660782e-02
1.055000000000000000e+03,6.182666619999999114e-01,2.384369284494380209e-02
1.055500000000000000e+03,6.183258680000000007e-01,2.383658071749308882e-02
1.056000000000000000e+03,6.183919720000000675e-01,2.383775242847097423e-02
1.056500000000000000e+03,6.184658819999999668e-01,2.384912309890143203e-02
1.057000000000000000e+03,6.185477019999999770e-01,2.387141569769950580e-02
1.057500000000000000e+03,6.186366619999998928e-01,2.390405694494167343e-02
1.058000000000000000e+03,6.187312140000000849e-01,2.394524473774481410e-02
1.058500000000000000e+03,6.188291639999999871e-01,2.399214906459707503e-02
1.059000000000000000e+03,6.189279020000000298e-01,2.404125902466722892e-02
1.059500000000000000e+03,6.190246800000001048e-01,2.408880755615375874e-02
1.060000000000000000e+03,6.191168839999999784e-01,2.413120977019419036e-02
1.060500000000000000e+03,6.192022939999999309e-01,2.416546974046697785e-02
1.061000000000000000e+03,6.192792959999999791e-01,2.418948560044562393e-02
1.061500000000000000e+03,6.193470679999999451e-01,2.420225903736928849e-02
1.062000000000000000e+03,6.194056640000000780e-01,2.420396191148891513e-02
1.062500000000000000e+03,6.194560419999999290e-01,2.419589866985548746e-02
1.063000000000000000e+03,6.194999900000001114e-01,2.418034682321803727e-02
1.063500000000000000e+03,6.195399499999999504e-01,2.416032923323540790e-02
1.064000000000000000e+03,6.195787620000000606e-01,2.413929999338762164e-02
1.064500000000000000e+03,6.196192980000000405e-01,2.412080245095638356e-02
1.065000000000000000e+03,6.196641240000000384e-01,2.410808847593637338e-02
1.065500000000000000e+03,6.197151260000000050e-01,2.410375341368779789e-02
1.066000000000000000e+03,6.197732460000000554e-01,2.410943030325635519e-02
1.066500000000000000e+03,6.198383579999999782e-01,2.412556939524566554e-02
1.067000000000000000e+03,6.199092419999999715e-01,2.415137230721545875e-02
1.067500000000000000e+03,6.199837720000000996e-01,2.418485538634010737e-02
1.068000000000000000e+03,6.200591599999999426e-01,2.422308590973163908e-02
1.068500000000000000e+03,6.201323819999999820e-01,2.426252423924218221e-02
1.069000000000000000e+03,6.202005059999999848e-01,2.429944153122549216e-02
1.069500000000000000e+03,6.202611199999999991e-01,2.433035138599750138e-02
1.070000000000000000e+03,6.203126319999999749e-01,2.435240599246127347e-02
1.070500000000000000e+03,6.203544880000000372e-01,2.436369748121051601e-02
1.071000000000000000e+03,6.203872940000000336e-01,2.436346636764534154e-02
1.071500000000000000e+03,6.204127720000000012e-01,2.435217552008268546e-02
1.072000000000000000e+03,6.204336759999999895e-01,2.433147670786806396e-02
1.072500000000000000e+03,6.204534859999999430e-01,2.430404035180993780e-02
1.073000000000000000e+03,6.204760680000001027e-01,2.427330670157063983e-02
1.073500000000000000e+03,6.205052699999999977e-01,2.424312978415493411e-02
1.074000000000000000e+03,6.205444119999999897e-01,2.421736689510471316e-02
1.074500000000000000e+03,6.205958799999999886e-01,2.419945985670755167e-02
1.075000000000000000e+03,6.206607479999999288e-01,2.419200617079811030e-02
1.075500000000000000e+03,6.207385960000000313e-01,2.419644680878591317e-02
1.076000000000000000e+03,6.208274940000000353e-01,2.421284310645108184e-02
1.076500000000000000e+03,6.209241859999999891e-01,2.423983609799591071e-02
1.077000000000000000e+03,6.210244820000000443e-01,2.427478981743762601e-02
1.077500000000000000e+03,6.211237920000000079e-01,2.431407756559467517e-02
1.078000000000000000e+03,6.212176900000000446e-01,2.435350698951979989e-02
1.078500000000000000e+03,6.213024799999999903e-01,2.438882041396692527e-02
1.079000000000000000e+03,6.213756360000000090e-01,2.441619198056457427e-02
1.079500000000000000e+03,6.214361119999999294e-01,2.443267585071340342e-02
1.080000000000000000e+03,6.214843960000000500e-01,2.443654452450275127e-02
1.080500000000000000e+03,6.215224520000000030e-01,2.442749916419779607e-02
1.081000000000000000e+03,6.215534380000000692e-01,2.440668171807023473e-02
1.081500000000000000e+03,6.215813100000000535e-01,2.437655095623475140e-02
1.082000000000000000e+03,6.216103579999999740e-01,2.434058759700295435e-02
1.082500000000000000e+03,6.216446860000000019e-01,2.430288059356907129e-02
1.083000000000000000e+03,6.216877220000001092e-01,2.426764966868739590e-02
1.083500000000000000e+03,6.217417539999999798e-01,2.423874750045731941e-02
1.084000000000000000e+03,6.218076240000000032e-01,2.421921084254142695e-02
1.084500000000000000e+03,6.218845319999999344e-01,2.421090771401485098e-02
1.085000000000000000e+03,6.219701040000000791e-01,2.421433208351319449e-02
1.085500000000000000e+03,6.220606139999999007e-01,2.422855696665105613e-02
1.086000000000000000e+03,6.221514600000001005e-01,2.425135526482447013e-02
1.086500000000000000e+03,6.222377339999999313e-01,2.427948396348748525e-02
1.087000000000000000e+03,6.223148960000000063e-01,2.430905827868793181e-02
1.087500000000000000e+03,6.223793779999999831e-01,2.433601015113887392e-02
1.088000000000000000e+03,6.224290860000000203e-01,2.435655742625312051e-02
1.088500000000000000e+03,6.224636800000000747e-01,2.436762687327492446e-02
1.089000000000000000e+03,6.224846239999999309e-01,2.436722338554531131e-02
1.089500000000000000e+03,6.224950180000000666e-01,2.435465202265849408e-02
1.090000000000000000e+03,6.224992339999999569e-01,2.433062232834592997e-02
1.090500000000000000e+03,6.225024059999999526e-01,2.429716435123831231e-02
1.091000000000000000e+03,6.225098679999999662e-01,2.425740269787892561e-02
1.091500000000000000e+03,6.225265720000000558e-01,2.421518826939187546e-02
1.092000000000000000e+03,6.225565480000000429e-01,2.417464741139638620e-02
1.092500000000000000e+03,6.226024460000000316e-01,2.413968517692444832e-02
1.093000000000000000e+03,6.226652340000000674e-01,2.411354181503633232e-02
1.093500000000000000e+03,6.227440720000000374e-01,2.409842442163956724e-02
1.094000000000000000e+03,6.228363380000000449e-01,2.409527739579487432e-02
1.094500000000000000e+03,6.229379699999999520e-01,2.410370189797720122e-02
1.095000000000000000e+03,6.230438919999998770e-01,2.412203986353586918e-02
1.095500000000000000e+03,6.231486620000000753e-01,2.414756683505469778e-02
1.096000000000000000e+03,6.232471440000000307e-01,2.417682350027657717e-02
1.096500000000000000e+03,6.233351440000001187e-01,2.420598452726443681e-02
1.097000000000000000e+03,6.234099379999999968e-01,2.423127304542467206e-02
1.097500000000000000e+03,6.234705619999999504e-01,2.424936752147103039e-02
1.098000000000000000e+03,6.235179060000000106e-01,2.425776887581307384e-02
1.098500000000000000e+03,6.235545239999999989e-01,2.425507926588214500e-02
1.099000000000000000e+03,6.235842759999999929e-01,2.424117792802993679e-02
1.099500000000000000e+03,6.236118099999999886e-01,2.421724955717082309e-02
1.100000000000000000e+03,6.236419999999999186e-01,2.418564922113172755e-02
1.100500000000000000e+03,6.236793539999999636e-01,2.414961535087891548e-02
1.101000000000000000e+03,6.237275020000000447e-01,2.411286345035475176e-02
1.101500000000000000e+03,6.237887619999999966e-01,2.407910252072268525e-02
1.102000000000000000e+03,6.238638600000000478e-01,2.405157461420415546e-02
1.102500000000000000e+03,6.239518279999999306e-01,2.403265669919898984e-02
1.103000000000000000e+03,6.240500719999999557e-01,2.402359171362067683e-02
1.103500000000000000e+03,6.241546419999999262e-01,2.402441282800671721e-02
1.104000000000000000e+03,6.242606819999999557e-01,2.403398622516631986e-02
1.104500000000000000e+03,6.243629779999999574e-01,2.405021110589206784e-02
1.105000000000000000e+03,6.244565740000000975e-01,2.407031197563289787e-02
1.105500000000000000e+03,6.245373579999999869e-01,2.409116514074473997e-02
1.106000000000000000e+03,6.246025200000000499e-01,2.410963396225271338e-02
1.106500000000000000e+03,6.246508780000000760e-01,2.412288953419871457e-02
1.107000000000000000e+03,6.246829819999999422e-01,2.412869582506944541e-02
1.107500000000000000e+03,6.247010080000000576e-01,2.412562681466254647e-02
1.108000000000000000e+03,6.247085319999999831e-01,2.411322934111695751e-02
1.108500000000000000e+03,6.247101020000001004e-01,2.409209147178559274e-02
1.109000000000000000e+03,6.247108000000000105e-01,2.406379820496921951e-02
1.109500000000000000e+03,6.247157020000000394e-01,2.403077768748014542e-02
1.110000000000000000e+03,6.247294179999999253e-01,2.399601746410628608e-02
1.110500000000000000e+03,6.247556660000000983e-01,2.396271542441477664e-02
1.111000000000000000e+03,6.247969059999999297e-01,2.393388642407634145e-02
1.111500000000000000e+03,6.248541679999999321e-01,2.391200163604824055e-02
1.112000000000000000e+03,6.249269280000000482e-01,2.389870421507939852e-02
1.112500000000000000e+03,6.250132099999999857e-01,2.389467204767643446e-02
1.113000000000000000e+03,6.251097960000000509e-01,2.389959185796520016e-02
1.113500000000000000e+03,6.252125499999999780e-01,2.391225711345605631e-02
1.114000000000000000e+03,6.253168380000000415e-01,2.393076017407331710e-02
1.114500000000000000e+03,6.254179920000000337e-01,2.395271286361973576e-02
1.115000000000000000e+03,6.255117699999999115e-01,2.397548868984989562e-02
1.115500000000000000e+03,6.255947620000000819e-01,2.399647042464085611e-02
1.116000000000000000e+03,6.256647199999999520e-01,2.401328026289141840e-02
1.116500000000000000e+03,6.257207879999999722e-01,2.402399298022071111e-02
1.117000000000000000e+03,6.257635799999998749e-01,2.402733743500432700e-02
1.117500000000000000e+03,6.257951360000000296e-01,2.402285793639791223e-02
1.118000000000000000e+03,6.258187219999999940e-01,2.401098501442940417e-02
1.118500000000000000e+03,6.258385239999999516e-01,2.399302181202518300e-02
1.119000000000000000e+03,6.258592299999999886e-01,2.397100143282377555e-02
1.119500000000000000e+03,6.258855500000000127e-01,2.394744047722805608e-02
1.120000000000000000e+03,6.259217239999999016e-01,2.392501411602144037e-02
1.120500000000000000e+03,6.259710920000000067e-01,2.390620663736247459e-02
1.121000000000000000e+03,6.260357060000000251e-01,2.389300423454752964e-02
1.121500000000000000e+03,6.261161019999998967e-01,2.388666952581908198e-02
1.122000000000000000e+03,6.262112240000000662e-01,2.388763907015585553e-02
1.122500000000000000e+03,6.263184339999999795e-01,2.389552754544031071e-02
1.123000000000000000e+03,6.264337519999999548e-01,2.390922021487327034e-02
1.123500000000000000e+03,6.265521599999999136e-01,2.392702500720032821e-02
1.124000000000000000e+03,6.266680140000000510e-01,2.394687163217537260e-02
1.124500000000000000e+03,6.267755680000000051e-01,2.396650051564941375e-02
1.125000000000000000e+03,6.268695159999999600e-01,2.398369518247607871e-02
1.125500000000000000e+03,6.269455200000000339e-01,2.399648284032204065e-02
1.126000000000000000e+03,6.270007079999999622e-01,2.400335171174858284e-02
1.126500000000000000e+03,6.270340520000000639e-01,2.400343830591596811e-02
1.127000000000000000e+03,6.270465539999999782e-01,2.399663450554297833e-02
1.127500000000000000e+03,6.270412440000001641e-01,2.398363558678117194e-02
1.128000000000000000e+03,6.270229419999999720e-01,2.396585280271461282e-02
1.128500000000000000e+03,6.269978299999999782e-01,2.394523998814022947e-02
1.129000000000000000e+03,6.269728380000000323e-01,2.392403994108675477e-02
1.129500000000000000e+03,6.269549599999999501e-01,2.390449928264343563e-02
1.130000000000000000e+03,6.269505559999999367e-01,2.388860463199945008e-02
1.130500000000000000e+03,6.269647160000000330e-01,2.387788341996179009e-02
1.131000000000000000e+03,6.270007300000000061e-01,2.387326936987914372e-02
1.131500000000000000e+03,6.270597459999999179e-01,2.387505484467513511e-02
1.132000000000000000e+03,6.271406080000000438e-01,2.388289729605902120e-02
1.132500000000000000e+03,6.272399140000001205e-01,2.389587809855051037e-02
1.133000000000000000e+03,6.273522820000000388e-01,2.391258235937900739e-02
1.133500000000000000e+03,6.274708460000000265e-01,2.393123065269327221e-02
1.134000000000000000e+03,6.275879340000000139e-01,2.394983647878970098e-02
1.134500000000000000e+03,6.276958639999999923e-01,2.396641012540710186e-02
1.135000000000000000e+03,6.277878140000000551e-01,2.397920031828221568e-02
1.135500000000000000e+03,6.278586560000000150e-01,2.398691126698738324e-02
1.136000000000000000e+03,6.279055799999999632e-01,2.398889965574494895e-02
1.136500000000000000e+03,6.279285319999999837e-01,2.398526954742188910e-02
1.137000000000000000e+03,6.279302680000000692e-01,2.397685157608529793e-02
1.137500000000000000e+03,6.279160960000000902e-01,2.396508262065886671e-02
1.138000000000000000e+03,6.278933119999999812e-01,2.395177745437579442e-02
1.138500000000000000e+03,6.278703739999998978e-01,2.393886274336076356e-02
1.139000000000000000e+03,6.278559539999999384e-01,2.392813506725975300e-02
1.139500000000000000e+03,6.278579559999999393e-01,2.392105118136316627e-02
1.140000000000000000e+03,6.278826520000000411e-01,2.391858891158556155e-02
1.140500000000000000e+03,6.279339580000000698e-01,2.392118930744130748e-02
1.141000000000000000e+03,6.280129620000000079e-01,2.392872737123464405e-02
1.141500000000000000e+03,6.281177660000000218e-01,2.394054969416315598e-02
1.142000000000000000e+03,6.282435939999999608e-01,2.395552583795242108e-02
1.142500000000000000e+03,6.283832160000000222e-01,2.397215956141030696e-02
1.143000000000000000e+03,6.285276439999999409e-01,2.398871579447900415e-02
1.143500000000000000e+03,6.286670279999999611e-01,2.400343235224774302e-02
1.144000000000000000e+03,6.287916940000000121e-01,2.401473064935991109e-02
1.144500000000000000e+03,6.288931939999999887e-01,2.402144109804605146e-02
1.145000000000000000e+03,6.289652359999999831e-01,2.402299018496647717e-02
1.145500000000000000e+03,6.290044019999999625e-01,2.401948357060293762e-02
1.146000000000000000e+03,6.290105480000000027e-01,2.401169081998317037e-02
1.146500000000000000e+03,6.289868079999999528e-01,2.400092125499798598e-02
1.147000000000000000e+03,6.289392819999999329e-01,2.398880442078833025e-02
1.147500000000000000e+03,6.288763320000000379e-01,2.397704284836652336e-02
1.148000000000000000e+03,6.288077119999999631e-01,2.396719077955766428e-02
1.148500000000000000e+03,6.287435039999998976e-01,2.396047251749150453e-02
1.149000000000000000e+03,6.286930999999998937e-01,2.395770768818502108e-02
1.149500000000000000e+03,6.286642380000000419e-01,2.395925936950334123e-02
1.150000000000000000e+03,6.286622440000000367e-01,2.396507147822714984e-02
1.150500000000000000e+03,6.286895319999999954e-01,2.397469961877028710e-02
1.151000000000000000e+03,6.287453640000000288e-01,2.398735830698026789e-02
1.151500000000000000e+03,6.288259660000000695e-01,2.400198005568177778e-02
1.152000000000000000e+03,6.289249319999999921e-01,2.401728810787042562e-02
1.152500000000000000e+03,6.290339200000001352e-01,2.403191057816771864e-02
1.153000000000000000e+03,6.291435560000000482e-01,2.404452183646922647e-02
1.153500000000000000e+03,6.292444619999999489e-01,2.405401477736292259e-02
1.154000000000000000e+03,6.293283139999999998e-01,2.405965889692153817e-02
1.154500000000000000e+03,6.293887419999999455e-01,2.406122061458508543e-02
1.155000000000000000e+03,6.294220520000000096e-01,2.405901957046594625e-02
1.155500000000000000e+03,6.294276039999999739e-01,2.405387621355996666e-02
1.156000000000000000e+03,6.294078699999999804e-01,2.404699688713146655e-02
1.156500000000000000e+03,6.293681479999999606e-01,2.403979231384797272e-02
1.157000000000000000e+03,6.293159279999999134e-01,2.403367449723769686e-02
1.157500000000000000e+03,6.292600860000000518e-01,2.402989122817072651e-02
1.158000000000000000e+03,6.292099120000000934e-01,2.402939209689943997e-02
1.158500000000000000e+03,6.291741220000000023e-01,2.403275578359740164e-02
1.159000000000000000e+03,6.291599279999999794e-01,2.404017084357312761e-02
1.159500000000000000e+03,6.291722760000000303e-01,2.405144653258459858e-02
1.160000000000000000e+03,6.292133279999999607e-01,2.406603138872035960e-02
1.160500000000000000e+03,6.292821959999999049e-01,2.408307442280710822e-02
1.161000000000000000e+03,6.293750000000000178e-01,2.410146677544814167e-02
1.161500000000000000e+03,6.294852600000000464e-01,2.411994061745758103e-02
1.162000000000000000e+03,6.296045359999999924e-01,2.413717759608557945e-02
1.162500000000000000e+03,6.297232999999999858e-01,2.415197411630858743e-02
1.163000000000000000e+03,6.298319320000000943e-01,2.416338320345692847e-02
1.163500000000000000e+03,6.299217219999999617e-01,2.417087525036802978e-02
1.164000000000000000e+03,6.299857839999999376e-01,2.417441571238809761e-02
1.164500000000000000e+03,6.300197539999998764e-01,2.417449310851099709e-02
1.165000000000000000e+03,6.300222359999999577e-01,2.417203744038380273e-02
1.165500000000000000e+03,6.299948960000000264e-01,2.416829076794067138e-02
1.166000000000000000e+03,6.299422860000000179e-01,2.416462426300408986e-02
1.166500000000000000e+03,6.298713240000000102e-01,2.416235315160312341e-02
1.167000000000000000e+03,6.297905999999999782e-01,2.416259664883101468e-02
1.167500000000000000e+03,6.297094579999999997e-01,2.416617157357228707e-02
1.168000000000000000e+03,6.296370619999999141e-01,2.417353941791652860e-02
1.168500000000000000e+03,6.295814720000001419e-01,2.418481691543299117e-02
1.169000000000000000e+03,6.295488139999999566e-01,2.419978570258828066e-02
1.169500000000000000e+03,6.295426619999999751e-01,2.421793344915900564e-02
1.170000000000000000e+03,6.295636780000000154e-01,2.423848685909463577e-02
1.170500000000000000e+03,6.296095419999999665e-01,2.426047555567810432e-02
1.171000000000000000e+03,6.296752359999999715e-01,2.428277760958424264e-02
1.171500000000000000e+03,6.297535940000000831e-01,2.430422411997934518e-02
1.172000000000000000e+03,6.298361239999999972e-01,2.432369860964273683e-02
1.172500000000000000e+03,6.299139559999999971e-01,2.434027732420514928e-02
1.173000000000000000e+03,6.299788480000000357e-01,2.435332687865940024e-02
1.173500000000000000e+03,6.300241240000000742e-01,2.436260267463692328e-02
1.174000000000000000e+03,6.300453819999999316e-01,2.436827222718291469e-02
1.174500000000000000e+03,6.300410159999999538e-01,2.437088312291506992e-02
1.175000000000000000e+03,6.300123380000000051e-01,2.437129547202619012e-02
1.175500000000000000e+03,6.299634559999999217e-01,2.437057476584303731e-02
1.176000000000000000e+03,6.299008000000000385e-01,2.436987826943478805e-02
1.176500000000000000e+03,6.298324300000001097e-01,2.437034039865776380e-02
1.177000000000000000e+03,6.297671660000000449e-01,2.437299597804127443e-02
1.177500000000000000e+03,6.297136439999999613e-01,2.437869411052869320e-02
1.178000000000000000e+03,6.296793739999999584e-01,2.438803483837343258e-02
1.178500000000000000e+03,6.296699059999999459e-01,2.440131923547118886e-02
1.179000000000000000e+03,6.296882379999999557e-01,2.441850093918224163e-02
1.179500000000000000e+03,6.297344380000000630e-01,2.443916253751923784e-02
1.180000000000000000e+03,6.298056300000000052e-01,2.446252077934037497e-02
1.180500000000000000e+03,6.298963180000000106e-01,2.448748288136969736e-02
1.181000000000000000e+03,6.299989540000000554e-01,2.451275197116933521e-02
1.181500000000000000e+03,6.301047880000000267e-01,2.453696933445600678e-02
1.182000000000000000e+03,6.302048220000000534e-01,2.455887715154712880e-02
1.182500000000000000e+03,6.302907720000000547e-01,2.457748539763627074e-02
1.183000000000000000e+03,6.303559659999999898e-01,2.459217641518631620e-02
1.183500000000000000e+03,6.303959839999999648e-01,2.460277482125169252e-02
1.184000000000000000e+03,6.304091240000000429e-01,2.460954491971043684e-02
1.184500000000000000e+03,6.303964920000000305e-01,2.461314879543298126e-02
1.185000000000000000e+03,6.303618440000000600e-01,2.461453880136242611e-02
1.185500000000000000e+03,6.303111539999999291e-01,2.461487436506807833e-02
1.186000000000000000e+03,6.302519479999999508e-01,2.461539075066033339e-02
1.186500000000000000e+03,6.301925059999999856e-01,2.461730513947445534e-02
1.187000000000000000e+03,6.301409540000000309e-01,2.462169284589069834e-02
1.187500000000000000e+03,6.301044199999999984e-01,2.462938288118887362e-02
1.188000000000000000e+03,6.300882399999998551e-01,2.464086063484411185e-02
1.188500000000000000e+03,6.300954220000000161e-01,2.465618957796325561e-02
1.189000000000000000e+03,6.301263020000000825e-01,2.467496275888951193e-02
1.189500000000000000e+03,6.301785860000000961e-01,2.469633008135756549e-02
1.190000000000000000e+03,6.302476180000000650e-01,2.471906928667811504e-02
1.190500000000000000e+03,6.303269640000001006e-01,2.474173011898897490e-02
1.191000000000000000e+03,6.304091760000000155e-01,2.476281701558076878e-02
1.191500000000000000e+03,6.304866359999999892e-01,2.478098115304125729e-02
1.192000000000000000e+03,6.305524260000000547e-01,2.479518585209931208e-02
1.192500000000000000e+03,6.306010680000000423e-01,2.480483859979446676e-02
1.193000000000000000e+03,6.306291139999999906e-01,2.480984750735776984e-02
1.193500000000000000e+03,6.306354840000000239e-01,2.481062572606556119e-02
1.194000000000000000e+03,6.306215699999999647e-01,2.480803606686067184e-02
1.194500000000000000e+03,6.305910619999999245e-01,2.480331011366735186e-02
1.195000000000000000e+03,6.305495660000000058e-01,2.479794270895301425e-02
1.195500000000000000e+03,6.305039900000000141e-01,2.479356696392452999e-02
1.196000000000000000e+03,6.304618200000000616e-01,2.479179928704973099e-02
1.196500000000000000e+03,6.304303079999999948e-01,2.479407931306793281e-02
1.197000000000000000e+03,6.304156979999999688e-01,2.480149844310769805e-02
1.197500000000000000e+03,6.304225359999999778e-01,2.481462756337611889e-02
1.198000000000000000e+03,6.304532019999999903e-01,2.483340354721124202e-02
1.198500000000000000e+03,6.305076659999999666e-01,2.485708407223495564e-02
1.199000000000000000e+03,6.305835220000000074e-01,2.488429809715424212e-02
1.199500000000000000e+03,6.306762999999999675e-01,2.491320583014819401e-02
1.200000000000000000e+03,6.307799559999999195e-01,2.494172869248711955e-02
1.200500000000000000e+03,6.308875459999999658e-01,2.496783040551753957e-02
1.201000000000000000e+03,6.309919440000000268e-01,2.498977664123742948e-02
1.201500000000000000e+03,6.310865599999999631e-01,2.500635702475972541e-02
1.202000000000000000e+03,6.311659680000000217e-01,2.501700253677235225e-02
1.202500000000000000e+03,6.312264060000000176e-01,2.502183139426780722e-02
1.203000000000000000e+03,6.312661139999999893e-01,2.502159201744656378e-02
1.203500000000000000e+03,6.312854640000000739e-01,2.501756371491029377e-02
1.204000000000000000e+03,6.312868860000000470e-01,2.501140749591465942e-02
1.204500000000000000e+03,6.312746080000000148e-01,2.500499908871370650e-02
1.205000000000000000e+03,6.312541619999999520e-01,2.500024779801840458e-02
1.205500000000000000e+03,6.312318080000000053e-01,2.499889968322433625e-02
1.206000000000000000e+03,6.312138099999999863e-01,2.500233336366128323e-02
1.206500000000000000e+03,6.312057620000000036e-01,2.501137499180411047e-02
1.207000000000000000e+03,6.312119640000000143e-01,2.502614600174416642e-02
1.207500000000000000e+03,6.312349980000000471e-01,2.504600491683362656e-02
1.208000000000000000e+03,6.312755040000000983e-01,2.506957245531236250e-02
1.208500000000000000e+03,6.313321640000000290e-01,2.509490354796617764e-02
1.209000000000000000e+03,6.314019440000000483e-01,2.511974166469125094e-02
1.209500000000000000e+03,6.314804760000001238e-01,2.514184330122506625e-02
1.210000000000000000e+03,6.315625719999999887e-01,2.515929594587305168e-02
1.210500000000000000e+03,6.316427819999999027e-01,2.517078314037396111e-02
1.211000000000000000e+03,6.317159720000000700e-01,2.517576145619937478e-02
1.211500000000000000e+03,6.317778560000000265e-01,2.517449279619323951e-02
1.212000000000000000e+03,6.318254620000000044e-01,2.516799693608817723e-02
1.212500000000000000e+03,6.318574420000000469e-01,2.515789492095302921e-02
1.213000000000000000e+03,6.318742539999999686e-01,2.514621667165333613e-02
1.213500000000000000e+03,6.318781639999999644e-01,2.513517678964575716e-02
1.214000000000000000e+03,6.318730020000000724e-01,2.512695869342952693e-02
1.214500000000000000e+03,6.318637659999999379e-01,2.512349348353679415e-02
1.215000000000000000e+03,6.318560540000000003e-01,2.512625511197193878e-02
1.215500000000000000e+03,6.318554339999999936e-01,2.513608043400076056e-02
1.216000000000000000e+03,6.318667980000001183e-01,2.515302583898653202e-02
1.216500000000000000e+03,6.318938399999999289e-01,2.517629879107173563e-02
1.217000000000000000e+03,6.319386740000000335e-01,2.520429384145975865e-02
1.217500000000000000e+03,6.320016760000000122e-01,2.523474953917128824e-02
1.218000000000000000e+03,6.320815040000000717e-01,2.526501747693095379e-02
1.218500000000000000e+03,6.321753080000001024e-01,2.529240698647272634e-02
1.219000000000000000e+03,6.322790560000000060e-01,2.531454808604601328e-02
1.219500000000000000e+03,6.323879679999999670e-01,2.532971614845879252e-02
1.220000000000000000e+03,6.324969460000000598e-01,2.533703614331746928e-02
1.220500000000000000e+03,6.326010839999999247e-01,2.533658354344614158e-02
1.221000000000000000e+03,6.326960840000001030e-01,2.532932675221620869e-02
1.221500000000000000e+03,6.327786919999999204e-01,2.531697869519176219e-02
1.222000000000000000e+03,6.328469999999999374e-01,2.530177029028562660e-02
1.222500000000000000e+03,6.329006400000001253e-01,2.528619224132491045e-02
1.223000000000000000e+03,6.329408240000000685e-01,2.527273477018594783e-02
1.223500000000000000e+03,6.329701599999999484e-01,2.526364699111769904e-02
1.224000000000000000e+03,6.329923659999999730e-01,2.526071216999267385e-02
1.224500000000000000e+03,6.330117619999999778e-01,2.526507983561904550e-02
1.225000000000000000e+03,6.330327600000000832e-01,2.527709187872746385e-02
1.225500000000000000e+03,6.330593159999999830e-01,2.529622197592748187e-02
1.226000000000000000e+03,6.330945159999999960e-01,2.532107477912036789e-02
1.226500000000000000e+03,6.331402440000000187e-01,2.534949533194193541e-02
1.227000000000000000e+03,6.331970659999999196e-01,2.537878957990561193e-02
1.227500000000000000e+03,6.332642320000000380e-01,2.540603798078547998e-02
1.228000000000000000e+03,6.333398480000000941e-01,2.542845105101241079e-02
1.228500000000000000e+03,6.334211220000000031e-01,2.544372454966790584e-02
1.229000000000000000e+03,6.335046699999999920e-01,2.545032143735771052e-02
1.229500000000000000e+03,6.335869100000000032e-01,2.544765943349290571e-02
1.230000000000000000e+03,6.336644180000000626e-01,2.543617213606666830e-02
1.230500000000000000e+03,6.337343399999999516e-01,2.541724385461335833e-02
1.231000000000000000e+03,6.337947139999999813e-01,2.539304358769731845e-02
1.231500000000000000e+03,6.338447459999999589e-01,2.536630713089561492e-02
1.232000000000000000e+03,6.338849480000000591e-01,2.534004622660332787e-02
1.232500000000000000e+03,6.339171259999999419e-01,2.531726230984751233e-02
1.233000000000000000e+03,6.339441999999999577e-01,2.530066381076256227e-02
1.233500000000000000e+03,6.339698419999999501e-01,2.529238244362072216e-02
1.234000000000000000e+03,6.339980600000000299e-01,2.529374848614237420e-02
1.234500000000000000e+03,6.340326760000000172e-01,2.530510799369953615e-02
1.235000000000000000e+03,6.340768879999999497e-01,2.532574446372531235e-02
1.235500000000000000e+03,6.341328859999999512e-01,2.535388473693873934e-02
1.236000000000000000e+03,6.342016320000000151e-01,2.538685646233013529e-02
1.236500000000000000e+03,6.342827779999999915e-01,2.542135113106016100e-02
1.237000000000000000e+03,6.343747579999999830e-01,2.545378922848038142e-02
1.237500000000000000e+03,6.344749660000000846e-01,2.548074323073536845e-02
1.238000000000000000e+03,6.345800539999999490e-01,2.549933923294358043e-02
1.238500000000000000e+03,6.346862979999998711e-01,2.550760786789097248e-02
1.239000000000000000e+03,6.347899739999999236e-01,2.550471120603614583e-02
1.239500000000000000e+03,6.348877600000000232e-01,2.549106096484059572e-02
1.240000000000000000e+03,6.349770799999999715e-01,2.546826535207687148e-02
1.240500000000000000e+03,6.350564000000000764e-01,2.543896713137189236e-02
1.241000000000000000e+03,6.351254159999999427e-01,2.540658157464844094e-02
1.241500000000000000e+03,6.351850860000000099e-01,2.537493122287991232e-02
1.242000000000000000e+03,6.352375120000000042e-01,2.534787698818569829e-02
1.242500000000000000e+03,6.352856980000000098e-01,2.532889202333797260e-02
1.243000000000000000e+03,6.353331199999999734e-01,2.532069710254201619e-02
1.243500000000000000e+03,6.353832759999999968e-01,2.532492985811759384e-02
1.244000000000000000e+03,6.354392200000000823e-01,2.534193200268617177e-02
1.244500000000000000e+03,6.355031319999999706e-01,2.537064100112478016e-02
1.245000000000000000e+03,6.355760219999999627e-01,2.540866781816696757e-02
1.245500000000000000e+03,6.356575999999999338e-01,2.545248850527447732e-02
1.246000000000000000e+03,6.357462940000000451e-01,2.549781748713103591e-02
1.246500000000000000e+03,6.358394580000000795e-01,2.554005900647987951e-02
1.247000000000000000e+03,6.359336700000000064e-01,2.557480510098346024e-02
1.247500000000000000e+03,6.360251959999999594e-01,2.559833725725024767e-02
1.248000000000000000e+03,6.361104159999999563e-01,2.560804511599910557e-02
1.248500000000000000e+03,6.361863120000000871e-01,2.560273258934430904e-02
1.249000000000000000e+03,6.362508579999999192e-01,2.558277434169591025e-02
1.249500000000000000e+03,6.363033180000000621e-01,2.555011393910062642e-02
1.250000000000000000e+03,6.363443999999999212e-01,2.550810029669299886e-02
1.250500000000000000e+03,6.363762340000000961e-01,2.546116047021847184e-02
1.251000000000000000e+03,6.364021639999999369e-01,2.541436798896474017e-02
1.251500000000000000e+03,6.364263759999999603e-01,2.537291705035087802e-02
1.252000000000000000e+03,6.364533919999999512e-01,2.534156087182090275e-02
1.252500000000000000e+03,6.364875020000000383e-01,2.532407995022274358e-02
1.253000000000000000e+03,6.365322060000000448e-01,2.532284578270057110e-02
1.253500000000000000e+03,6.365897440000000129e-01,2.533851198711629601e-02
1.254000000000000000e+03,6.366607680000000435e-01,2.536992001048257728e-02
1.254500000000000000e+03,6.367442180000000285e-01,2.541418594549831739e-02
1.255000000000000000e+03,6.368374300000000376e-01,2.546700013326794881e-02
1.255500000000000000e+03,6.369364100000000084e-01,2.552308550319846298e-02
1.256000000000000000e+03,6.370363379999999243e-01,2.557677974637999688e-02
1.256500000000000000e+03,6.371321379999999035e-01,2.562265242484594238e-02
1.257000000000000000e+03,6.372191600000001177e-01,2.565611879703026330e-02
1.257500000000000000e+03,6.372937379999999985e-01,2.567395584842240702e-02
1.258000000000000000e+03,6.373537460000000543e-01,2.567467221577261066e-02
1.258500000000000000e+03,6.373988779999999466e-01,2.565870858456702555e-02
1.259000000000000000e+03,6.374307519999999894e-01,2.562841242744356984e-02
1.259500000000000000e+03,6.374527459999999035e-01,2.558781486467408967e-02
1.260000000000000000e+03,6.374696159999999612e-01,2.554220547637784527e-02
1.260500000000000000e+03,6.374868739999999256e-01,2.549754433379606763e-02
1.261000000000000000e+03,6.375101080000000753e-01,2.545979826021100775e-02
1.261500000000000000e+03,6.375442380000000409e-01,2.543424108419972685e-02
1.262000000000000000e+03,6.375928579999999846e-01,2.542482531505916091e-02
1.262500000000000000e+03,6.376577599999999624e-01,2.543370549158497848e-02
1.263000000000000000e+03,6.377386560000000149e-01,2.546094857231493216e-02
1.263500000000000000e+03,6.378331919999999933e-01,2.550451490664317616e-02
1.264000000000000000e+03,6.379371840000001015e-01,2.556047187997994782e-02
1.264500000000000000e+03,6.380451099999999709e-01,2.562343468232859342e-02
1.265000000000000000e+03,6.381507340000001083e-01,2.568717054848560985e-02
1.265500000000000000e+03,6.382478660000000525e-01,2.574529467993551257e-02
1.266000000000000000e+03,6.383310879999999354e-01,2.579199607655083964e-02
1.266500000000000000e+03,6.383964439999999518e-01,2.582266859280399687e-02
1.267000000000000000e+03,6.384419199999999961e-01,2.583445399738438369e-02
1.267500000000000000e+03,6.384677279999999566e-01,2.582655956210919840e-02
1.268000000000000000e+03,6.384763259999999274e-01,2.580037854025160615e-02
1.268500000000000000e+03,6.384721060000000392e-01,2.575938512530367291e-02
1.269000000000000000e+03,6.384608899999999476e-01,2.570878642681933418e-02
1.269500000000000000e+03,6.384491960000000521e-01,2.565496458411755873e-02
1.270000000000000000e+03,6.384434119999999879e-01,2.560478211684809671e-02
1.270500000000000000e+03,6.384489959999999353e-01,2.556480667884555857e-02
1.271000000000000000e+03,6.384698119999999699e-01,2.554053766667693792e-02
1.271500000000000000e+03,6.385076259999999948e-01,2.553574868066150333e-02
1.272000000000000000e+03,6.385619439999999924e-01,2.555203066428471392e-02
1.272500000000000000e+03,6.386300860000000412e-01,2.558859208352007655e-02
1.273000000000000000e+03,6.387075560000000651e-01,2.564236318163940626e-02
1.273500000000000000e+03,6.387886139999999768e-01,2.570835869183068709e-02
1.274000000000000000e+03,6.388669999999999627e-01,2.578026698125874053e-02
1.274500000000000000e+03,6.389366759999999257e-01,2.585119069439562045e-02
1.275000000000000000e+03,6.389925780000000888e-01,2.591441617224810035e-02
1.275500000000000000e+03,6.390311779999999775e-01,2.596416261393834357e-02
1.276000000000000000e+03,6.390509439999999541e-01,2.599620694464070680e-02
1.276500000000000000e+03,6.390525140000000714e-01,2.600833931134369226e-02
1.277000000000000000e+03,6.390386380000000477e-01,2.600059923628596920e-02
1.277500000000000000e+03,6.390138840000000320e-01,2.597528088535666635e-02
1.278000000000000000e+03,6.389841260000000966e-01,2.593668812176191940e-02
1.278500000000000000e+03,6.389558459999999940e-01,2.589067729073702556e-02
1.279000000000000000e+03,6.389354139999999793e-01,2.584400070223466517e-02
1.279500000000000000e+03,6.389283040000000025e-01,2.580351715812411600e-02
1.280000000000000000e+03,6.389384559999999880e-01,2.577537546966844964e-02
1.280500000000000000e+03,6.389678239999999620e-01,2.576426221884001513e-02
1.281000000000000000e+03,6.390161500000000050e-01,2.577280088476259154e-02
1.281500000000000000e+03,6.390810220000000541e-01,2.580121317969435654e-02
1.282000000000000000e+03,6.391581840000000181e-01,2.584729469810478561e-02
1.282500000000000000e+03,6.392420679999999411e-01,2.590668607756873784e-02
1.283000000000000000e+03,6.393264679999999256e-01,2.597342155600055463e-02
1.283500000000000000e+03,6.394052379999999314e-01,2.604065805745880285e-02
1.284000000000000000e+03,6.394729980000000147e-01,2.610150002744715536e-02
1.284500000000000000e+03,6.395256900000000355e-01,2.614979718624428975e-02
1.285000000000000000e+03,6.395609679999999519e-01,2.618085111635436169e-02
1.285500000000000000e+03,6.395784039999999893e-01,2.619193212001848237e-02
1.286000000000000000e+03,6.395794620000000430e-01,2.618259328814802334e-02
1.286500000000000000e+03,6.395672820000000147e-01,2.615472496991573526e-02
1.287000000000000000e+03,6.395463000000000120e-01,2.611237071144784788e-02
1.287500000000000000e+03,6.395217199999999602e-01,2.606129664409791505e-02
1.288000000000000000e+03,6.394989380000000168e-01,2.600837772207359108e-02
1.288500000000000000e+03,6.394829360000000573e-01,2.596081533204466080e-02
1.289000000000000000e+03,6.394777179999999728e-01,2.592531586573061653e-02
1.289500000000000000e+03,6.394858720000000663e-01,2.590727189252940710e-02
1.290000000000000000e+03,6.395082840000000379e-01,2.591010311021486531e-02
1.290500000000000000e+03,6.395440719999999635e-01,2.593481005300721232e-02
1.291000000000000000e+03,6.395907220000000004e-01,2.597984586553033631e-02
1.291500000000000000e+03,6.396444319999999850e-01,2.604129430506929230e-02
1.292000000000000000e+03,6.397005980000000092e-01,2.611337081732046511e-02
1.292500000000000000e+03,6.397543879999999517e-01,2.618912194800188456e-02
1.293000000000000000e+03,6.398013540000000443e-01,2.626127785599867426e-02
1.293500000000000000e+03,6.398379100000000097e-01,2.632308467760893778e-02
1.294000000000000000e+03,6.398617359999999588e-01,2.636906443577275230e-02
1.294500000000000000e+03,6.398719780000000634e-01,2.639560973756306661e-02
1.295000000000000000e+03,6.398693119999999679e-01,2.640134214373585780e-02
1.295500000000000000e+03,6.398558060000000269e-01,2.638724196578444078e-02
1.296000000000000000e+03,6.398346660000000519e-01,2.635652271712271566e-02
1.296500000000000000e+03,6.398098759999999441e-01,2.631427157667233507e-02
1.297000000000000000e+03,6.397857699999999204e-01,2.626689099400401906e-02
1.297500000000000000e+03,6.397665759999999757e-01,2.622139245273953992e-02
1.298000000000000000e+03,6.397559640000000103e-01,2.618459950146738782e-02
1.298500000000000000e+03,6.397566420000000420e-01,2.616236493530188847e-02
1.299000000000000000e+03,6.397700900000000690e-01,2.615885269255458292e-02
1.299500000000000000e+03,6.397963540000000116e-01,2.617603669894462415e-02
1.300000000000000000e+03,6.398340760000000849e-01,2.621342828169229838e-02
1.300500000000000000e+03,6.398806500000000508e-01,2.626814241675837214e-02
1.301000000000000000e+03,6.399325439999999920e-01,2.633523864433708409e-02
1.301500000000000000e+03,6.399857320000000849e-01,2.640833951569473287e-02
1.302000000000000000e+03,6.400362139999999922e-01,2.648040561637086607e-02
1.302500000000000000e+03,6.400804819999998951e-01,2.654457953649226945e-02
1.303000000000000000e+03,6.401159259999998907e-01,2.659497936653169511e-02
1.303500000000000000e+03,6.401411439999999953e-01,2.662735810056146221e-02
1.304000000000000000e+03,6.401560299999999870e-01,2.663955368461302237e-02
1.304500000000000000e+03,6.401617600000000241e-01,2.663170281040381018e-02
1.305000000000000000e+03,6.401605919999999728e-01,2.660619716466060616e-02
1.305500000000000000e+03,6.401555679999999526e-01,2.656740812279199254e-02
1.306000000000000000e+03,6.401501339999999818e-01,2.652120883464205089e-02
1.306500000000000000e+03,6.401476980000000427e-01,2.647432722870260088e-02
1.307000000000000000e+03,6.401512440000000081e-01,2.643361581229015239e-02
1.307500000000000000e+03,6.401629699999998868e-01,2.640528607341397632e-02
1.308000000000000000e+03,6.401840039999999732e-01,2.639419314419036433e-02
1.308500000000000000e+03,6.402142960000001271e-01,2.640326287008681883e-02
1.309000000000000000e+03,6.402526159999999411e-01,2.643312447722471342e-02
1.309500000000000000e+03,6.402966979999999975e-01,2.648202880465231127e-02
1.310000000000000000e+03,6.403435520000000380e-01,2.654604940701730045e-02
1.310500000000000000e+03,6.403898420000000424e-01,2.661954681295522138e-02
1.311000000000000000e+03,6.404323279999999396e-01,2.669585883264918857e-02
1.311500000000000000e+03,6.404683220000000343e-01,2.676808655601019618e-02
1.312000000000000000e+03,6.404960299999998830e-01,2.682990341979355278e-02
1.312500000000000000e+03,6.405147980000001073e-01,2.687624304505717432e-02
1.313000000000000000e+03,6.405251639999999247e-01,2.690384547311864064e-02
1.313500000000000000e+03,6.405287979999998438e-01,2.691155773255598724e-02
1.314000000000000000e+03,6.405282239999999794e-01,2.690041484056957671e-02
1.314500000000000000e+03,6.405265039999999965e-01,2.687347393477991508e-02
1.315000000000000000e+03,6.405268060000000041e-01,2.683547423116957112e-02
1.315500000000000000e+03,6.405320059999999316e-01,2.679230328285357385e-02
1.316000000000000000e+03,6.405443060000000077e-01,2.675036580491800542e-02
1.316500000000000000e+03,6.405649799999999505e-01,2.671588163597694854e-02
1.317000000000000000e+03,6.405941680000000193e-01,2.669420118462798031e-02
1.317500000000000000e+03,6.406308819999999571e-01,2.668920052232895412e-02
1.318000000000000000e+03,6.406730940000000540e-01,2.670282461642018573e-02
1.318500000000000000e+03,6.407179640000000287e-01,2.673486165398610351e-02
1.319000000000000000e+03,6.407621920000000637e-01,2.678298000057674835e-02
1.319500000000000000e+03,6.408024460000000255e-01,2.684300484795741973e-02
1.320000000000000000e+03,6.408357959999999576e-01,2.690944386706096980e-02
1.320500000000000000e+03,6.408601660000000644e-01,2.697614743365230397e-02
1.321000000000000000e+03,6.408746480000000467e-01,2.703702264024227322e-02
1.321500000000000000e+03,6.408797179999999871e-01,2.708672570227368265e-02
1.322000000000000000e+03,6.408772179999999707e-01,2.712122687548986291e-02
1.322500000000000000e+03,6.408701719999999602e-01,2.713820886974090824e-02
1.323000000000000000e+03,6.408624099999999935e-01,2.713726396192915960e-02
1.323500000000000000e+03,6.408580620000000616e-01,2.711990303409662559e-02
1.324000000000000000e+03,6.408610120000000077e-01,2.708937066444370642e-02
1.324500000000000000e+03,6.408743780000000223e-01,2.705028247844805389e-02
1.325000000000000000e+03,6.409000579999999392e-01,2.700814280914080878e-02
1.325500000000000000e+03,6.409384960000000797e-01,2.696874946768269138e-02
1.326000000000000000e+03,6.409885640000000384e-01,2.693754638049084341e-02
1.326500000000000000e+03,6.410476880000001154e-01,2.691902185218797774e-02
1.327000000000000000e+03,6.411121319999999457e-01,2.691616867396312562e-02
1.327500000000000000e+03,6.411774379999999329e-01,2.693015326584002195e-02
1.328000000000000000e+03,6.412389540000000832e-01,2.696017509851141719e-02
1.328500000000000000e+03,6.412924039999999826e-01,2.700360369712987221e-02
1.329000000000000000e+03,6.413344240000000696e-01,2.705631861570483715e-02
1.329500000000000000e+03,6.413630280000000017e-01,2.711323440385937644e-02
1.330000000000000000e+03,6.413778860000001192e-01,2.716890542671283534e-02
1.330500000000000000e+03,6.413804459999999930e-01,2.721814426726968175e-02
1.331000000000000000e+03,6.413737760000000065e-01,2.725656483233765068e-02
1.331500000000000000e+03,6.413622119999999871e-01,2.728101452632663085e-02
1.332000000000000000e+03,6.413508159999999902e-01,2.728986331714077299e-02
1.332500000000000000e+03,6.413446999999999898e-01,2.728312625155464646e-02
1.333000000000000000e+03,6.413483639999999486e-01,2.726244608160401789e-02
1.333500000000000000e+03,6.413650659999999837e-01,2.723091877392913585e-02
1.334000000000000000e+03,6.413964020000000321e-01,2.719276875589746872e-02
1.334500000000000000e+03,6.414420900000000758e-01,2.715291396036251248e-02
1.335000000000000000e+03,6.415000140000000073e-01,2.711641898978708887e-02
1.335500000000000000e+03,6.415665219999999724e-01,2.708792598660948736e-02
1.336000000000000000e+03,6.416368859999999064e-01,2.707111261179444978e-02
1.336500000000000000e+03,6.417059499999999694e-01,2.706827336914657475e-02
1.337000000000000000e+03,6.417687219999999026e-01,2.708007239610361883e-02
1.337500000000000000e+03,6.418210220000000188e-01,2.710550002538717265e-02
1.338000000000000000e+03,6.418599780000000532e-01,2.714206794635669329e-02
1.338500000000000000e+03,6.418843779999999777e-01,2.718612811514788466e-02
1.339000000000000000e+03,6.418948439999999644e-01,2.723332755474817263e-02
1.339500000000000000e+03,6.418937900000000196e-01,2.727908548691855561e-02
1.340000000000000000e+03,6.418851719999999483e-01,2.731905266026705276e-02
1.340500000000000000e+03,6.418740579999999696e-01,2.734952558922575105e-02
1.341000000000000000e+03,6.418660379999999721e-01,2.736777729486511435e-02
1.341500000000000000e+03,6.418665219999999394e-01,2.737230800510571244e-02
1.342000000000000000e+03,6.418800759999999661e-01,2.736299428682222035e-02
1.342500000000000000e+03,6.419098219999999078e-01,2.734113188728026431e-02
1.343000000000000000e+03,6.419569960000000020e-01,2.730932953350000136e-02
1.343500000000000000e+03,6.420207760000000707e-01,2.727126201543534495e-02
1.344000000000000000e+03,6.420983619999999226e-01,2.723127917194883077e-02
1.344500000000000000e+03,6.421853299999999987e-01,2.719389691853320648e-02
1.345000000000000000e+03,6.422762119999999575e-01,2.716325223483509119e-02
1.345500000000000000e+03,6.423651660000000430e-01,2.714260579663540368e-02
1.346000000000000000e+03,6.424467460000000685e-01,2.713395252536065019e-02
1.346500000000000000e+03,6.425165400000000249e-01,2.713782351979392854e-02
1.347000000000000000e+03,6.425717439999999447e-01,2.715329861271160300e-02
1.347500000000000000e+03,6.426114640000000211e-01,2.717817179259884169e-02
1.348000000000000000e+03,6.426368179999999430e-01,2.720928980038663306e-02
1.348500000000000000e+03,6.426507980000000231e-01,2.724291504185563303e-02
1.349000000000000000e+03,6.426578960000000063e-01,2.727515466762774760e-02
1.349500000000000000e+03,6.426635680000000184e-01,2.730233744336505244e-02
1.350000000000000000e+03,6.426735340000000463e-01,2.732137370092461645e-02
1.350500000000000000e+03,6.426930920000000214e-01,2.733005966178951932e-02
1.351000000000000000e+03,6.427263880000000373e-01,2.732730085634169775e-02
1.351500000000000000e+03,6.427758839999999640e-01,2.731328690982698371e-02
1.352000000000000000e+03,6.428419560000000477e-01,2.728951019725209259e-02
1.352500000000000000e+03,6.429228099999999557e-01,2.725866550606264802e-02
1.353000000000000000e+03,6.430146499999999099e-01,2.722436537454363606e-02
1.353500000000000000e+03,6.431121520000000480e-01,2.719072747263970996e-02
1.354000000000000000e+03,6.432091180000000241e-01,2.716185043456821255e-02
1.354500000000000000e+03,6.432993080000000141e-01,2.714129232263865973e-02
1.355000000000000000e+03,6.433772460000000137e-01,2.713158894399525858e-02
1.355500000000000000e+03,6.434389460000000671e-01,2.713396759812404177e-02
1.356000000000000000e+03,6.434824479999999847e-01,2.714822575385238829e-02
1.356500000000000000e+03,6.435080440000000568e-01,2.717282239422187662e-02
1.357000000000000000e+03,6.435182400000000191e-01,2.720512212548236233e-02
1.357500000000000000e+03,6.435174220000000611e-01,2.724173848790442665e-02
1.358000000000000000e+03,6.435113019999999517e-01,2.727894103851786350e-02
1.358500000000000000e+03,6.435062000000000282e-01,2.731302517108861669e-02
1.359000000000000000e+03,6.435082720000000478e-01,2.734065830627701102e-02
1.359500000000000000e+03,6.435227839999999588e-01,2.735919405304706314e-02
1.360000000000000000e+03,6.435534940000000592e-01,2.736689865696779328e-02
1.360500000000000000e+03,6.436022059999999545e-01,2.736315264203498243e-02
1.361000000000000000e+03,6.436685719999999389e-01,2.734853530781737943e-02
1.361500000000000000e+03,6.437501180000000378e-01,2.732480197401811542e-02
1.362000000000000000e+03,6.438425500000000135e-01,2.729472670187302677e-02
1.362500000000000000e+03,6.439402359999999437e-01,2.726178573300778313e-02
1.363000000000000000e+03,6.440368980000000798e-01,2.722973050510459764e-02
1.363500000000000000e+03,6.441263580000000655e-01,2.720209460056345271e-02
1.364000000000000000e+03,6.442033040000000321e-01,2.718171948880341443e-02
1.364500000000000000e+03,6.442639619999999123e-01,2.717039137028787882e-02
1.365000000000000000e+03,6.443065700000000229e-01,2.716864569317267025e-02
1.365500000000000000e+03,6.443316199999998828e-01,2.717577138214645124e-02
1.366000000000000000e+03,6.443417800000000861e-01,2.718998453650957325e-02
1.366500000000000000e+03,6.443415900000000196e-01,2.720874992144642346e-02
1.367000000000000000e+03,6.443368800000000007e-01,2.722914964003136928e-02
1.367500000000000000e+03,6.443340600000000418e-01,2.724825958524764932e-02
1.368000000000000000e+03,6.443393360000000403e-01,2.726348903236260751e-02
1.368500000000000000e+03,6.443579660000000597e-01,2.727283215710015266e-02
1.369000000000000000e+03,6.443936359999999919e-01,2.727506367159709955e-02
1.369500000000000000e+03,6.444480479999998845e-01,2.726984569617903198e-02
1.370000000000000000e+03,6.445207139999999946e-01,2.725777191178152536e-02
1.370500000000000000e+03,6.446090219999999205e-01,2.724031210365170097e-02
1.371000000000000000e+03,6.447085319999998898e-01,2.721966198501192535e-02
1.371500000000000000e+03,6.448134679999999452e-01,2.719850336031330584e-02
1.372000000000000000e+03,6.449173580000000516e-01,2.717966939234736298e-02
1.372500000000000000e+03,6.450137879999999768e-01,2.716575679450129732e-02
1.373000000000000000e+03,6.450971080000000857e-01,2.715875950491596774e-02
1.373500000000000000e+03,6.451631380000000249e-01,2.715976716860867349e-02
1.374000000000000000e+03,6.452096480000000245e-01,2.716881930607316364e-02
1.374500000000000000e+03,6.452366579999999630e-01,2.718488899923620500e-02
1.375000000000000000e+03,6.452464279999998720e-01,2.720607860891668256e-02
1.375500000000000000e+03,6.452432100000000670e-01,2.722990168784218332e-02
1.376000000000000000e+03,6.452326879999999987e-01,2.725365203010899837e-02
1.376500000000000000e+03,6.452213060000000500e-01,2.727476375265027592e-02
1.377000000000000000e+03,6.452154580000000195e-01,2.729110799889064923e-02
1.377500000000000000e+03,6.452207139999999175e-01,2.730120736658923214e-02
1.378000000000000000e+03,6.452411440000000997e-01,2.730433768256147406e-02
1.378500000000000000e+03,6.452788839999999970e-01,2.730054684737681647e-02
1.379000000000000000e+03,6.453339180000000619e-01,2.729060504867295359e-02
1.379500000000000000e+03,6.454041200000000256e-01,2.727588163816982089e-02
1.380000000000000000e+03,6.454855800000000032e-01,2.725820274261731707e-02
1.380500000000000000e+03,6.455730820000000758e-01,2.723965526141132812e-02
1.381000000000000000e+03,6.456607219999999092e-01,2.722235840269197210e-02
1.381500000000000000e+03,6.457425999999999444e-01,2.720821998736171546e-02
1.382000000000000000e+03,6.458134859999999922e-01,2.719869576171817308e-02
1.382500000000000000e+03,6.458693679999999437e-01,2.719457925525995204e-02
1.383000000000000000e+03,6.459079260000000211e-01,2.719589462166993599e-02
1.383500000000000000e+03,6.459287559999999928e-01,2.720187955307768607e-02
1.384000000000000000e+03,6.459334199999999804e-01,2.721111225102293071e-02
1.384500000000000000e+03,6.459252699999999958e-01,2.722172416386331797e-02
1.385000000000000000e+03,6.459090599999999238e-01,2.723169861265213598e-02
1.385500000000000000e+03,6.458904140000000238e-01,2.723916689542956945e-02
1.386000000000000000e+03,6.458751940000000413e-01,2.724265717306438225e-02
1.386500000000000000e+03,6.458688219999999536e-01,2.724127406749625446e-02
1.387000000000000000e+03,6.458757040000000504e-01,2.723476632800795813e-02
1.387500000000000000e+03,6.458987420000000812e-01,2.722351688362423944e-02
1.388000000000000000e+03,6.459390700000000596e-01,2.720845923441844380e-02
1.388500000000000000e+03,6.459959779999999707e-01,2.719094791612281653e-02
1.389000000000000000e+03,6.460670740000000745e-01,2.717261903654148367e-02
1.389500000000000000e+03,6.461485780000000290e-01,2.715523907566022577e-02
1.390000000000000000e+03,6.462357920000000311e-01,2.714055789556625575e-02
1.390500000000000000e+03,6.463236259999999289e-01,2.713013393835139037e-02
1.391000000000000000e+03,6.464071080000000080e-01,2.712517546933795876e-02
1.391500000000000000e+03,6.464819040000000516e-01,2.712639101083952342e-02
1.392000000000000000e+03,6.465447280000000685e-01,2.713387475339475510e-02
1.392500000000000000e+03,6.465936579999999045e-01,2.714707156990774778e-02
1.393000000000000000e+03,6.466283080000000405e-01,2.716480912732509301e-02
1.393500000000000000e+03,6.466498579999999663e-01,2.718545091609524123e-02
1.394000000000000000e+03,6.466609059999999243e-01,2.720710112264490901e-02
1.394500000000000000e+03,6.466651660000000135e-01,2.722784585516793351e-02
1.395000000000000000e+03,6.466670399999999708e-01,2.724598652078504338e-02
1.395500000000000000e+03,6.466711039999999411e-01,2.726021232060741456e-02
1.396000000000000000e+03,6.466815620000000431e-01,2.726971325868671886e-02
1.396500000000000000e+03,6.467017619999999578e-01,2.727419804515751611e-02
1.397000000000000000e+03,6.467338019999999688e-01,2.727388112962957079e-02
1.397500000000000000e+03,6.467783080000000240e-01,2.726940356644904848e-02
1.398000000000000000e+03,6.468344100000000818e-01,2.726178233202058640e-02
1.398500000000000000e+03,6.468998639999999911e-01,2.725231530269063215e-02
1.399000000000000000e+03,6.469713340000000645e-01,2.724250796971757621e-02
1.399500000000000000e+03,6.470447999999999755e-01,2.723396677938562382e-02
1.400000000000000000e+03,6.471159859999999764e-01,2.722825486362219841e-02
1.400500000000000000e+03,6.471808219999999334e-01,2.722672956776802516e-02
1.401000000000000000e+03,6.472358599999999962e-01,2.723034220126181043e-02
1.401500000000000000e+03,6.472786219999999702e-01,2.723948939634026137e-02
1.402000000000000000e+03,6.473078279999999740e-01,2.725390187672077635e-02
1.402500000000000000e+03,6.473235520000000243e-01,2.727262510875263363e-02
1.403000000000000000e+03,6.473271639999998994e-01,2.729412941916604593e-02
1.403500000000000000e+03,6.473212179999999760e-01,2.731648468239067026e-02
1.404000000000000000e+03,6.473091260000000124e-01,2.733760296249774721e-02
1.404500000000000000e+03,6.472948159999999396e-01,2.735548853077195489e-02
1.405000000000000000e+03,6.472822919999999813e-01,2.736846237637280410e-02
1.405500000000000000e+03,6.472752179999999855e-01,2.737532410151382462e-02
1.406000000000000000e+03,6.472765459999999527e-01,2.737546678154084354e-02
1.406500000000000000e+03,6.472882839999999360e-01,2.736893163066045007e-02
1.407000000000000000e+03,6.473113319999999060e-01,2.735641783500069799e-02
1.407500000000000000e+03,6.473455020000000726e-01,2.733926455547357887e-02
1.408000000000000000e+03,6.473896120000001142e-01,2.731938385854455059e-02
1.408500000000000000e+03,6.474416680000001367e-01,2.729912749161232666e-02
1.409000000000000000e+03,6.474991279999999794e-01,2.728110228370188642e-02
1.409500000000000000e+03,6.475591720000000162e-01,2.726790306114889803e-02
1.410000000000000000e+03,6.476190019999999992e-01,2.726180736867281351e-02
1.410500000000000000e+03,6.476761260000000187e-01,2.726445368588458276e-02
1.411000000000000000e+03,6.477286039999999856e-01,2.727659100099416589e-02
1.411500000000000000e+03,6.477752279999998697e-01,2.729792651290924646e-02
1.412000000000000000e+03,6.478156040000000448e-01,2.732713506018305538e-02
1.412500000000000000e+03,6.478501559999999548e-01,2.736200981203839450e-02
1.413000000000000000e+03,6.478799879999999067e-01,2.739974959263722504e-02
1.413500000000000000e+03,6.479067099999999968e-01,2.743731085716019300e-02
1.414000000000000000e+03,6.479321620000000337e-01,2.747176712721907318e-02
1.414500000000000000e+03,6.479581880000000460e-01,2.750064160917020661e-02
1.415000000000000000e+03,6.479863880000000798e-01,2.752214987908909935e-02
1.415500000000000000e+03,6.480179820000000479e-01,2.753536760356421753e-02
1.416000000000000000e+03,6.480537240000000532e-01,2.754031847272333036e-02
1.416500000000000000e+03,6.480938820000000655e-01,2.753796483883539162e-02
1.417000000000000000e+03,6.481382780000000121e-01,2.753014370373324873e-02
1.417500000000000000e+03,6.481863380000000285e-01,2.751940594527293657e-02
1.418000000000000000e+03,6.482371920000000731e-01,2.750877169104709585e-02
1.418500000000000000e+03,6.482897659999999895e-01,2.750143075486267963e-02
1.419000000000000000e+03,6.483428699999999045e-01,2.750035667915144352e-02
1.419500000000000000e+03,6.483953319999999909e-01,2.750791264635857325e-02
1.420000000000000000e+03,6.484460920000000295e-01,2.752550870725959178e-02
1.420500000000000000e+03,6.484943020000000224e-01,2.755334756699327411e-02
1.421000000000000000e+03,6.485393640000001181e-01,2.759033319606752147e-02
1.421500000000000000e+03,6.485809259999999465e-01,2.763416857018998266e-02
1.422000000000000000e+03,6.486188339999999775e-01,2.768162436538841933e-02
1.422500000000000000e+03,6.486530120000000288e-01,2.772893262329681821e-02
1.423000000000000000e+03,6.486833780000000882e-01,2.777224834625519057e-02
1.423500000000000000e+03,6.487097800000000136e-01,2.780811041810265366e-02
1.424000000000000000e+03,6.487319999999999753e-01,2.783382166190047705e-02
1.424500000000000000e+03,6.487498179999999781e-01,2.784775242834965428e-02
1.425000000000000000e+03,6.487631799999999949e-01,2.784950598242633482e-02
1.425500000000000000e+03,6.487723400000000584e-01,2.783997764509104841e-02
1.426000000000000000e+03,6.487780259999998966e-01,2.782128347648371233e-02
1.426500000000000000e+03,6.487815039999998978e-01,2.779658760646180893e-02
1.427000000000000000e+03,6.487845599999999546e-01,2.776981233521124207e-02
1.427500000000000000e+03,6.487893879999999669e-01,2.774525405157310387e-02
1.428000000000000000e+03,6.487983619999999618e-01,2.772712466950196658e-02
1.428500000000000000e+03,6.488138159999999877e-01,2.771906705338378352e-02
1.429000000000000000e+03,6.488377440000000496e-01,2.772369350052560077e-02
1.429500000000000000e+03,6.488715820000000578e-01,2.774222057782313455e-02
1.430000000000000000e+03,6.489159979999998829e-01,2.777427768205239719e-02
1.430500000000000000e+03,6.489707539999999275e-01,2.781791249267287838e-02
1.431000000000000000e+03,6.490346200000000065e-01,2.786981859496649380e-02
1.431500000000000000e+03,6.491053740000000127e-01,2.792574669108127336e-02
1.432000000000000000e+03,6.491799099999999711e-01,2.798103821496424753e-02
1.432500000000000000e+03,6.492544179999999443e-01,2.803120728149600949e-02
1.433000000000000000e+03,6.493247180000000229e-01,2.807247570183744878e-02
1.433500000000000000e+03,6.493866699999999437e-01,2.810222936655364448e-02
1.434000000000000000e+03,6.494366599999999989e-01,2.811930024642008211e-02
1.434500000000000000e+03,6.494720880000000029e-01,2.812409204600487336e-02
1.435000000000000000e+03,6.494917679999999693e-01,2.811853091912792577e-02
1.435500000000000000e+03,6.494962140000000161e-01,2.810585871822912640e-02
1.436000000000000000e+03,6.494877079999999969e-01,2.809026397576522283e-02
1.436500000000000000e+03,6.494701400000000291e-01,2.807643163587156959e-02
1.437000000000000000e+03,6.494486200000000320e-01,2.806899246932795938e-02
1.437500000000000000e+03,6.494289600000000551e-01,2.807198377468984873e-02
1.438000000000000000e+03,6.494169739999999802e-01,2.808832570907271453e-02
1.438500000000000000e+03,6.494178200000000345e-01,2.811941993927257952e-02
1.439000000000000000e+03,6.494353380000000842e-01,2.816490882051234795e-02
1.439500000000000000e+03,6.494715500000000086e-01,2.822266357450814792e-02
1.440000000000000000e+03,6.495263220000000448e-01,2.828897334139071629e-02
1.440500000000000000e+03,6.495972400000000757e-01,2.835896187918186817e-02
1.441000000000000000e+03,6.496797659999999919e-01,2.842715381450956411e-02
1.441500000000000000e+03,6.497675939999999484e-01,2.848811478890181381e-02
1.442000000000000000e+03,6.498532700000000384e-01,2.853709293980100786e-02
1.442500000000000000e+03,6.499289700000000503e-01,2.857056275949653584e-02
1.443000000000000000e+03,6.499873660000000664e-01,2.858664809603419371e-02
1.443500000000000000e+03,6.500225299999999873e-01,2.858530775660567472e-02
1.444000000000000000e+03,6.500306999999999613e-01,2.856836141252276640e-02
1.444500000000000000e+03,6.500108659999999094e-01,2.853926246561139593e-02
1.445000000000000000e+03,6.499650540000000420e-01,2.850273068891727435e-02
1.445500000000000000e+03,6.498982920000000441e-01,2.846422882700132967e-02
1.446000000000000000e+03,6.498181499999999833e-01,2.842936082696021632e-02
1.446500000000000000e+03,6.497340259999999645e-01,2.840325706303285791e-02
1.447000000000000000e+03,6.496561099999998978e-01,2.838999311437166023e-02
1.447500000000000000e+03,6.495942319999998826e-01,2.839213032933076211e-02
1.448000000000000000e+03,6.495567159999999785e-01,2.841041610003144924e-02
1.448500000000000000e+03,6.495493399999999751e-01,2.844369790037240206e-02
1.449000000000000000e+03,6.495745880000000083e-01,2.848906098760914385e-02
1.449500000000000000e+03,6.496312740000000918e-01,2.854218852559516420e-02
1.450000000000000000e+03,6.497145639999999389e-01,2.859788927620754428e-02
1.450500000000000000e+03,6.498164799999999186e-01,2.865071337191134673e-02
1.451000000000000000e+03,6.499267220000000123e-01,2.869562572001844655e-02
1.451500000000000000e+03,6.500338420000000283e-01,2.872858313313110187e-02
1.452000000000000000e+03,6.501265059999999929e-01,2.874701606182729352e-02
1.452500000000000000e+03,6.501948260000001145e-01,2.875010757081469456e-02
1.453000000000000000e+03,6.502315199999999518e-01,2.873888032200941009e-02
1.453500000000000000e+03,6.502328040000000531e-01,2.871605976620566700e-02
1.454000000000000000e+03,6.501989399999998920e-01,2.868575318882058897e-02
1.454500000000000000e+03,6.501342660000000162e-01,2.865296787634966438e-02
1.455000000000000000e+03,6.500468180000000817e-01,2.862302924393178918e-02
1.455500000000000000e+03,6.499475040000000092e-01,2.860096895961403152e-02
1.456000000000000000e+03,6.498488680000000794e-01,2.859095840707869679e-02
1.456500000000000000e+03,6.497636940000000028e-01,2.859583050086089359e-02
1.457000000000000000e+03,6.497034779999999454e-01,2.861674405075766148e-02
1.457500000000000000e+03,6.496770240000000474e-01,2.865307920327685165e-02
1.458000000000000000e+03,6.496893559999998846e-01,2.870248644982357350e-02
1.458500000000000000e+03,6.497410000000000130e-01,2.876117695165271784e-02
1.459000000000000000e+03,6.498278639999999218e-01,2.882434457101385253e-02
1.459500000000000000e+03,6.499416059999999495e-01,2.888671576309889688e-02
1.460000000000000000e+03,6.500705719999999577e-01,2.894310805568699879e-02
1.460500000000000000e+03,6.502011160000000789e-01,2.898899433411404256e-02
1.461000000000000000e+03,6.503191520000000114e-01,2.902096389114174751e-02
1.461500000000000000e+03,6.504117700000000557e-01,2.903704696331757193e-02
1.462000000000000000e+03,6.504687340000000484e-01,2.903689369142860993e-02
1.462500000000000000e+03,6.504836579999999646e-01,2.902176840787813739e-02
1.463000000000000000e+03,6.504547600000000207e-01,2.899437204295619505e-02
1.463500000000000000e+03,6.503851019999999927e-01,2.895852898934360778e-02
1.464000000000000000e+03,6.502822540000000595e-01,2.891874172657785819e-02
1.464500000000000000e+03,6.501575080000000506e-01,2.887970581037736448e-02
1.465000000000000000e+03,6.500246140000000006e-01,2.884579985044469566e-02
1.465500000000000000e+03,6.498982499999998996e-01,2.882063015819813154e-02
1.466000000000000000e+03,6.497923960000000498e-01,2.880667606619229104e-02
1.466500000000000000e+03,6.497187220000000263e-01,2.880506303637614743e-02
1.467000000000000000e+03,6.496852840000000295e-01,2.881549554819674841e-02
1.467500000000000000e+03,6.496956219999999727e-01,2.883634921012529634e-02
1.468000000000000000e+03,6.497483540000000835e-01,2.886490561418476181e-02
1.468500000000000000e+03,6.498374059999999508e-01,2.889768317332474384e-02
1.469000000000000000e+03,6.499527339999999764e-01,2.893085123120863258e-02
1.469500000000000000e+03,6.500815559999999493e-01,2.896064199978957976e-02
1.470000000000000000e+03,6.502098600000000284e-01,2.898374225061835924e-02
1.470500000000000000e+03,6.503240559999999837e-01,2.899763400885984471e-02
1.471000000000000000e+03,6.504125379999999845e-01,2.900083103443992089e-02
1.471500000000000000e+03,6.504670020000000719e-01,2.899301886146393031e-02
1.472000000000000000e+03,6.504833540000000136e-01,2.897507514249868590e-02
1.472500000000000000e+03,6.504621339999999696e-01,2.894896815269390467e-02
1.473000000000000000e+03,6.504083720000000124e-01,2.891755912538718915e-02
1.473500000000000000e+03,6.503309859999999443e-01,2.888430486508522868e-02
1.474000000000000000e+03,6.502416859999999854e-01,2.885289546013736217e-02
1.474500000000000000e+03,6.501536319999999813e-01,2.882686641844884462e-02
1.475000000000000000e+03,6.500798839999999412e-01,2.880923847023844284e-02
1.475500000000000000e+03,6.500319020000000503e-01,2.880219643501400265e-02
1.476000000000000000e+03,6.500182399999999694e-01,2.880686931512465784e-02
1.476500000000000000e+03,6.500435319999999795e-01,2.882323236015131573e-02
1.477000000000000000e+03,6.501079880000000255e-01,2.885012400854930839e-02
1.477500000000000000e+03,6.502073579999999575e-01,2.888538506547583262e-02
1.478000000000000000e+03,6.503334140000001096e-01,2.892610283477980646e-02
1.478500000000000000e+03,6.504749460000001093e-01,2.896891436119596736e-02
1.479000000000000000e+03,6.506190139999999955e-01,2.901034450558673261e-02
1.479500000000000000e+03,6.507524980000000125e-01,2.904712284514671464e-02
1.480000000000000000e+03,6.508635700000000579e-01,2.907649795371581442e-02
1.480500000000000000e+03,6.509430860000000596e-01,2.909646107744265353e-02
1.481000000000000000e+03,6.509855940000000007e-01,2.910591570301432340e-02
1.481500000000000000e+03,6.509899580000000352e-01,2.910476327208991881e-02
1.482000000000000000e+03,6.509594359999999469e-01,2.909388028923034358e-02
1.482500000000000000e+03,6.509012540000000957e-01,2.907501925092786932e-02
1.483000000000000000e+03,6.508257439999999283e-01,2.905062929289374887e-02
1.483500000000000000e+03,6.507451179999999002e-01,2.902358258411138342e-02
1.484000000000000000e+03,6.506720139999999653e-01,2.899688689342435483e-02
1.484500000000000000e+03,6.506180599999999981e-01,2.897336120132853673e-02
1.485000000000000000e+03,6.505925040000000159e-01,2.895534203306179832e-02
1.485500000000000000e+03,6.506011840000001101e-01,2.894445259718009603e-02
1.486000000000000000e+03,6.506458800000000098e-01,2.894145315861575141e-02
1.486500000000000000e+03,6.507241699999999351e-01,2.894618608463193909e-02
1.487000000000000000e+03,6.508297520000000391e-01,2.895765489679013455e-02
1.487500000000000000e+03,6.509532679999999738e-01,2.897414833605991766e-02
1.488000000000000000e+03,6.510834480000000646e-01,2.899346362656856149e-02
1.488500000000000000e+03,6.512084780000000350e-01,2.901315859466173028e-02
1.489000000000000000e+03,6.513174219999999792e-01,2.903081775585497626e-02
1.489500000000000000e+03,6.514015240000000651e-01,2.904428222973285539e-02
1.490000000000000000e+03,6.514552019999999555e-01,2.905188914998805758e-02
1.490500000000000000e+03,6.514767100000000699e-01,2.905262367935209158e-02
1.491000000000000000e+03,6.514682459999999731e-01,2.904623806528783964e-02
1.491500000000000000e+03,6.514356839999999593e-01,2.903327623053908457e-02
1.492000000000000000e+03,6.513878140000000094e-01,2.901504875091279190e-02
1.492500000000000000e+03,6.513352500000000322e-01,2.899350223384112787e-02
1.493000000000000000e+03,6.512891859999999644e-01,2.897102730324497763e-02
1.493500000000000000e+03,6.512600280000000463e-01,2.895021515537637286e-02
1.494000000000000000e+03,6.512562079999999476e-01,2.893355975024804877e-02
1.494500000000000000e+03,6.512831559999999742e-01,2.892319993227885841e-02
1.495000000000000000e+03,6.513427299999999809e-01,2.892066983756185622e-02
1.495500000000000000e+03,6.514329959999999309e-01,2.892674049248784504e-02
1.496000000000000000e+03,6.515485160000000775e-01,2.894135166025933389e-02
1.496500000000000000e+03,6.516809740000000239e-01,2.896363691684551017e-02
1.497000000000000000e+03,6.518202220000001157e-01,2.899203862700300283e-02
1.497500000000000000e+03,6.519554440000000506e-01,2.902449782778396964e-02
1.498000000000000000e+03,6.520764399999998684e-01,2.905867578303010512e-02
1.498500000000000000e+03,6.521747660000000169e-01,2.909218893413670695e-02
1.499000000000000000e+03,6.522447359999998806e-01,2.912284195825171410e-02
1.499500000000000000e+03,6.522839940000000336e-01,2.914882774725814293e-02
1.500000000000000000e+03,6.522937659999999971e-01,2.916888418399862445e-02
1.500500000000000000e+03,6.522786560000000122e-01,2.918239668596080486e-02
1.501000000000000000e+03,6.522460700000000111e-01,2.918943163198215243e-02
1.501500000000000000e+03,6.522052940000000465e-01,2.919069992519613549e-02
1.502000000000000000e+03,6.521663920000000392e-01,2.918747224353153424e-02
1.502500000000000000e+03,6.521390040000000221e-01,2.918139766952819458e-02
1.503000000000000000e+03,6.521312040000000199e-01,2.917431096543782534e-02
1.503500000000000000e+03,6.521485719999999819e-01,2.916800823710412674e-02
1.504000000000000000e+03,6.521935479999999563e-01,2.916403588593893120e-02
1.504500000000000000e+03,6.522651839999999979e-01,2.916352026231738837e-02
1.505000000000000000e+03,6.523592859999999272e-01,2.916705753435570522e-02
1.505500000000000000e+03,6.524689500000000475e-01,2.917468058923437801e-02
1.506000000000000000e+03,6.525854000000000932e-01,2.918589427897643612e-02
1.506500000000000000e+03,6.526990540000000562e-01,2.919978013254699578e-02
1.507000000000000000e+03,6.528006840000000199e-01,2.921513695235015626e-02
1.507500000000000000e+03,6.528825140000000804e-01,2.923064741241675549e-02
1.508000000000000000e+03,6.529391519999999671e-01,2.924504574850232339e-02
1.508500000000000000e+03,6.529682420000000320e-01,2.925726915692772323e-02
1.509000000000000000e+03,6.529707539999999311e-01,2.926657756587205256e-02
1.509500000000000000e+03,6.529508600000000218e-01,2.927263362186513854e-02
1.510000000000000000e+03,6.529154320000000178e-01,2.927553539455622286e-02
1.510500000000000000e+03,6.528732379999999669e-01,2.927580716275939715e-02
1.511000000000000000e+03,6.528338660000000404e-01,2.927432157308819047e-02
1.511500000000000000e+03,6.528065899999999644e-01,2.927219452629252830e-02
1.512000000000000000e+03,6.527992759999999839e-01,2.927065450898913915e-02
1.512500000000000000e+03,6.528174639999999584e-01,2.927088406619648975e-02
1.513000000000000000e+03,6.528637360000000278e-01,2.927388856284156293e-02
1.513500000000000000e+03,6.529374860000000114e-01,2.928037739307889561e-02
1.514000000000000000e+03,6.530349899999998708e-01,2.929070480738505886e-02
1.514500000000000000e+03,6.531499419999999834e-01,2.930484823611025080e-02
1.515000000000000000e+03,6.532742240000000145e-01,2.932244024987084099e-02
1.515500000000000000e+03,6.533988560000000279e-01,2.934284828276433749e-02
1.516000000000000000e+03,6.535151040000000133e-01,2.936527300912365052e-02
1.516500000000000000e+03,6.536154579999999825e-01,2.938888250098636856e-02
1.517000000000000000e+03,6.536945199999999456e-01,2.941290309609526435e-02
1.517500000000000000e+03,6.537495639999999497e-01,2.943672609096306680e-02
1.518000000000000000e+03,6.537808500000000800e-01,2.945996644564737726e-02
1.518500000000000000e+03,6.537914980000000265e-01,2.948247865987057084e-02
1.519000000000000000e+03,6.537870839999999628e-01,2.950433875550283538e-02
1.519500000000000000e+03,6.537749020000001021e-01,2.952578449834558638e-02
1.520000000000000000e+03,6.537630260000000249e-01,2.954713096707337061e-02
1.520500000000000000e+03,6.537593019999998756e-01,2.956864855588287391e-02
1.521000000000000000e+03,6.537703520000001101e-01,2.959049065310685386e-02
1.521500000000000000e+03,6.538008020000000142e-01,2.961260773894008186e-02
1.522000000000000000e+03,6.538527120000000581e-01,2.963472257630706333e-02
1.522500000000000000e+03,6.539253779999999461e-01,2.965634980310075108e-02
1.523000000000000000e+03,6.540154739999999300e-01,2.967685921430443866e-02
1.523500000000000000e+03,6.541175040000000163e-01,2.969556184203855920e-02
1.524000000000000000e+03,6.542245199999999761e-01,2.971183222432588825e-02
1.524500000000000000e+03,6.543290019999999929e-01,2.972521146417151858e-02
1.525000000000000000e+03,6.544237699999999602e-01,2.973550040892451729e-02
1.525500000000000000e+03,6.545028760000000112e-01,2.974280885454710574e-02
1.526000000000000000e+03,6.545622919999999345e-01,2.974758708281688771e-02
1.526500000000000000e+03,6.546004300000000109e-01,2.975057276482368993e-02
1.527000000000000000e+03,6.546182899999999361e-01,2.975273245091180838e-02
1.527500000000000000e+03,6.546193700000000337e-01,2.975514680218549132e-02
1.528000000000000000e+03,6.546092199999999917e-01,2.975887282660719807e-02
1.528500000000000000e+03,6.545947919999999254e-01,2.976480197174431741e-02
1.529000000000000000e+03,6.545835819999999972e-01,2.977352079423182044e-02
1.529500000000000000e+03,6.545827220000000057e-01,2.978520921513568703e-02
1.530000000000000000e+03,6.545980959999999627e-01,2.979957739784939302e-02
1.530500000000000000e+03,6.546336419999999601e-01,2.981587838998632847e-02
1.531000000000000000e+03,6.546908679999999814e-01,2.983299285149268801e-02
1.531500000000000000e+03,6.547687040000000902e-01,2.984957296029352655e-02
1.532000000000000000e+03,6.548636719999999523e-01,2.986424603016480175e-02
1.532500000000000000e+03,6.549703620000000281e-01,2.987581396915696755e-02
1.533000000000000000e+03,6.550821339999999271e-01,2.988347396937218736e-02
1.533500000000000000e+03,6.551919799999998961e-01,2.988695813675957408e-02
1.534000000000000000e+03,6.552934139999999630e-01,2.988662712647290748e-02
1.534500000000000000e+03,6.553812540000000242e-01,2.988347252576707691e-02
1.535000000000000000e+03,6.554522839999999961e-01,2.987903426725545611e-02
1.535500000000000000e+03,6.555055879999999169e-01,2.987524441103108636e-02
1.536000000000000000e+03,6.555426420000001198e-01,2.987421147903781063e-02
1.536500000000000000e+03,6.555670700000000295e-01,2.987795944759447098e-02
1.537000000000000000e+03,6.555841439999999798e-01,2.988817071584517690e-02
1.537500000000000000e+03,6.556000719999999227e-01,2.990596261572085746e-02
1.538000000000000000e+03,6.556211559999999272e-01,2.993167813789340825e-02
1.538500000000000000e+03,6.556529700000000016e-01,2.996480236181744278e-02
1.539000000000000000e+03,6.556996059999999904e-01,3.000392995716270536e-02
1.539500000000000000e+03,6.557631120000000369e-01,3.004687467347566879e-02
1.540000000000000000e+03,6.558432059999999009e-01,3.009086569385926654e-02
1.540500000000000000e+03,6.559372880000000627e-01,3.013283761651322848e-02
1.541000000000000000e+03,6.560407719999999943e-01,3.016977872449007336e-02
1.541500000000000000e+03,6.561476699999999607e-01,3.019908381165377353e-02
1.542000000000000000e+03,6.562513819999999942e-01,3.021888637923331525e-02
1.542500000000000000e+03,6.563455599999998835e-01,3.022829264537578442e-02
1.543000000000000000e+03,6.564249439999999547e-01,3.022752306882860521e-02
1.543500000000000000e+03,6.564860460000000453e-01,3.021789406299114217e-02
1.544000000000000000e+03,6.565276100000000392e-01,3.020168222742401418e-02
1.544500000000000000e+03,6.565507839999998874e-01,3.018186526442999396e-02
1.545000000000000000e+03,6.565589579999999703e-01,3.016176451754792529e-02
1.545500000000000000e+03,6.565573420000000437e-01,3.014465253417584339e-02
1.546000000000000000e+03,6.565523360000000697e-01,3.013336185314071866e-02
1.546500000000000000e+03,6.565506979999999881e-01,3.012994515387348166e-02
1.547000000000000000e+03,6.565587419999999730e-01,3.013542313078569623e-02
1.547500000000000000e+03,6.565815479999999038e-01,3.014963464879324984e-02
1.548000000000000000e+03,6.566223439999999689e-01,3.017124816493850850e-02
1.548500000000000000e+03,6.566821259999999771e-01,3.019789212570947456e-02
1.549000000000000000e+03,6.567595000000000516e-01,3.022641564795484903e-02
1.549500000000000000e+03,6.568508980000000719e-01,3.025325818987591869e-02
1.550000000000000000e+03,6.569509839999999601e-01,3.027487302902665683e-02
1.550500000000000000e+03,6.570533619999999742e-01,3.028817641019352844e-02
1.551000000000000000e+03,6.571513879999999475e-01,3.029095231331286470e-02
1.551500000000000000e+03,6.572390139999999548e-01,3.028216764490920809e-02
1.552000000000000000e+03,6.573115800000000064e-01,3.026215230111053284e-02
1.552500000000000000e+03,6.573664280000001137e-01,3.023261470581090765e-02
1.553000000000000000e+03,6.574032039999999633e-01,3.019648494241715039e-02
1.553500000000000000e+03,6.574239259999999918e-01,3.015760540523610214e-02
1.554000000000000000e+03,6.574326760000001046e-01,3.012028517685375745e-02
1.554500000000000000e+03,6.574350659999999014e-01,3.008882874512924105e-02
1.555000000000000000e+03,6.574375080000001148e-01,3.006703356771821614e-02
1.555500000000000000e+03,6.574464060000000387e-01,3.005776765072709633e-02
1.556000000000000000e+03,6.574673380000000122e-01,3.006264761177537131e-02
1.556500000000000000e+03,6.575043839999998863e-01,3.008185198832622614e-02
1.557000000000000000e+03,6.575595940000000805e-01,3.011408634058296979e-02
1.557500000000000000e+03,6.576327379999999945e-01,3.015668998673318862e-02
1.558000000000000000e+03,6.577213100000000034e-01,3.020589005784419037e-02
1.558500000000000000e+03,6.578207860000000462e-01,3.025716859449733426e-02
1.559000000000000000e+03,6.579251580000000654e-01,3.030571723133547446e-02
1.559500000000000000e+03,6.580276499999999640e-01,3.034695511862911532e-02
1.560000000000000000e+03,6.581215559999999964e-01,3.037703143741741010e-02
1.560500000000000000e+03,6.582010820000000484e-01,3.039326847099491774e-02
1.561000000000000000e+03,6.582620940000000198e-01,3.039449637119203546e-02
1.561500000000000000e+03,6.583026440000000479e-01,3.038118944476609143e-02
1.562000000000000000e+03,6.583232520000000809e-01,3.035542490187369269e-02
1.562500000000000000e+03,6.583268079999999856e-01,3.032061902911440537e-02
1.563000000000000000e+03,6.583182180000000105e-01,3.028110753137431069e-02
1.563500000000000000e+03,6.583037540000000742e-01,3.024161445805623877e-02
1.564000000000000000e+03,6.582902680000000117e-01,3.020667987340918542e-02
1.564500000000000000e+03,6.582843360000000255e-01,3.018014057758620916e-02
1.565000000000000000e+03,6.582914619999999939e-01,3.016470425552110826e-02
1.565500000000000000e+03,6.583154359999999761e-01,3.016167175292619115e-02
1.566000000000000000e+03,6.583579260000000932e-01,3.017081708264802986e-02
1.566500000000000000e+03,6.584183039999998988e-01,3.019041712144130557e-02
1.567000000000000000e+03,6.584937459999999909e-01,3.021743680574754537e-02
1.567500000000000000e+03,6.585795959999999338e-01,3.024785308109264811e-02
1.568000000000000000e+03,6.586699120000000240e-01,3.027708026064095115e-02
1.568500000000000000e+03,6.587581800000000820e-01,3.030047010354493600e-02
1.569000000000000000e+03,6.588380759999999947e-01,3.031385793201726506e-02
1.569500000000000000e+03,6.589042640000000173e-01,3.031405102437194354e-02
1.570000000000000000e+03,6.589530260000000528e-01,3.029925452050538648e-02
1.570500000000000000e+03,6.589827440000000092e-01,3.026932694065770368e-02
1.571000000000000000e+03,6.589941120000000208e-01,3.022583273257734363e-02
1.571500000000000000e+03,6.589900299999998934e-01,3.017189806177048711e-02
1.572000000000000000e+03,6.589752339999999098e-01,3.011186089949434083e-02
1.572500000000000000e+03,6.589557039999999200e-01,3.005077087396571325e-02
1.573000000000000000e+03,6.589379039999999632e-01,2.999383894505679854e-02
1.573500000000000000e+03,6.589280000000000692e-01,2.994586969348993905e-02
1.574000000000000000e+03,6.589311100000000421e-01,2.991076645095926828e-02
1.574500000000000000e+03,6.589507399999999793e-01,2.989116231941257862e-02
1.575000000000000000e+03,6.589883439999999482e-01,2.988817935132528567e-02
1.575500000000000000e+03,6.590432280000000365e-01,2.990133100522288784e-02
1.576000000000000000e+03,6.591126019999998809e-01,2.992857266304615321e-02
1.576500000000000000e+03,6.591919079999999376e-01,2.996648387911158770e-02
1.577000000000000000e+03,6.592753219999999414e-01,3.001059352843249081e-02
1.577500000000000000e+03,6.593563980000001212e-01,3.005580778056038752e-02
1.578000000000000000e+03,6.594287800000000477e-01,3.009693631227554345e-02
1.578500000000000000e+03,6.594869639999998423e-01,3.012924886921388573e-02
1.579000000000000000e+03,6.595269299999999557e-01,3.014900868161654937e-02
1.579500000000000000e+03,6.595466539999998989e-01,3.015390352228293144e-02
1.580000000000000000e+03,6.595463639999999961e-01,3.014333809855248431e-02
1.580500000000000000e+03,6.595285659999999828e-01,3.011849366366295411e-02
1.581000000000000000e+03,6.594977560000000461e-01,3.008219539141757798e-02
1.581500000000000000e+03,6.594599079999999836e-01,3.003856386576102613e-02
1.582000000000000000e+03,6.594217880000000642e-01,2.999253289347805773e-02
1.582500000000000000e+03,6.593901779999999935e-01,2.994926346916187282e-02
1.583000000000000000e+03,6.593710799999999983e-01,2.991356031804572047e-02
1.583500000000000000e+03,6.593690739999999995e-01,2.988933367775409994e-02
1.584000000000000000e+03,6.593867780000000067e-01,2.987915771208190033e-02
1.584500000000000000e+03,6.594245899999999772e-01,2.988398079720235717e-02
1.585000000000000000e+03,6.594806060000000247e-01,2.990298333295234728e-02
1.585500000000000000e+03,6.595508599999999610e-01,2.993363818844445648e-02
1.586000000000000000e+03,6.596297260000000273e-01,2.997194232912818099e-02
1.586500000000000000e+03,6.597105319999999606e-01,3.001282344115685161e-02
1.587000000000000000e+03,6.597862899999998865e-01,3.005069675720013767e-02
1.587500000000000000e+03,6.598504579999999731e-01,3.008008674932543744e-02
1.588000000000000000e+03,6.598976979999999770e-01,3.009628338957775345e-02
1.588500000000000000e+03,6.599245099999999642e-01,3.009591873813589891e-02
1.589000000000000000e+03,6.599296439999999819e-01,3.007740100748243495e-02
1.589500000000000000e+03,6.599142760000000774e-01,3.004115227832173871e-02
1.590000000000000000e+03,6.598818999999999102e-01,2.998959976557339854e-02
1.590500000000000000e+03,6.598379179999999122e-01,2.992692832214480583e-02
1.591000000000000000e+03,6.597890260000001117e-01,2.985863821374705809e-02
1.591500000000000000e+03,6.597424199999999406e-01,2.979095462579724185e-02
1.592000000000000000e+03,6.597049820000000508e-01,2.973013534274867795e-02
1.592500000000000000e+03,6.596824980000000060e-01,2.968181096709690547e-02
1.593000000000000000e+03,6.596790139999999525e-01,2.965035886490862901e-02
1.593500000000000000e+03,6.596963900000000214e-01,2.963843708981800384e-02
1.594000000000000000e+03,6.597341159999999816e-01,2.964667903118048398e-02
1.594500000000000000e+03,6.597893700000000416e-01,2.967360584091323708e-02
1.595000000000000000e+03,6.598572999999999800e-01,2.971579105514170552e-02
1.595500000000000000e+03,6.599315239999999916e-01,2.976821052253066785e-02
1.596000000000000000e+03,6.600048219999999910e-01,2.982481481629306250e-02
1.596500000000000000e+03,6.600698540000000669e-01,2.987918799179232338e-02
1.597000000000000000e+03,6.601200119999999227e-01,2.992528665479653877e-02
1.597500000000000000e+03,6.601501379999999974e-01,2.995812933254717730e-02
1.598000000000000000e+03,6.601571880000000059e-01,2.997435121054956367e-02
1.598500000000000000e+03,6.601406239999999537e-01,2.997259262831787618e-02
1.599000000000000000e+03,6.601025560000000070e-01,2.995364095141132138e-02
1.599500000000000000e+03,6.600475500000000384e-01,2.992032965089337984e-02
1.600000000000000000e+03,6.599821639999999823e-01,2.987719878557386355e-02
1.600500000000000000e+03,6.599142139999999435e-01,2.982995863918296714e-02
1.601000000000000000e+03,6.598518939999999944e-01,2.978482500615045950e-02
1.601500000000000000e+03,6.598028660000000434e-01,2.974778746506748228e-02
1.602000000000000000e+03,6.597733939999999020e-01,2.972389518756408944e-02
1.602500000000000000e+03,6.597676519999999822e-01,2.971666946477269367e-02
1.603000000000000000e+03,6.597872719999999802e-01,2.972764727360463835e-02
1.603500000000000000e+03,6.598311519999999764e-01,2.975621000895131013e-02
1.604000000000000000e+03,6.598955480000000540e-01,2.979962661487261383e-02
1.604500000000000000e+03,6.599744539999999882e-01,2.985336601516646107e-02
1.605000000000000000e+03,6.600602039999999837e-01,2.991162527256946424e-02
1.605500000000000000e+03,6.601442599999999272e-01,2.996800840305340746e-02
1.606000000000000000e+03,6.602181299999999586e-01,3.001624625212436989e-02
1.606500000000000000e+03,6.602742939999999283e-01,3.005091090763216399e-02
1.607000000000000000e+03,6.603070779999999917e-01,3.006801035513995829e-02
1.607500000000000000e+03,6.603133359999999730e-01,3.006542001648847967e-02
1.608000000000000000e+03,6.602928740000000296e-01,3.004310342955775898e-02
1.608500000000000000e+03,6.602485059999999573e-01,3.000309503941077371e-02
1.609000000000000000e+03,6.601857779999998899e-01,2.994928214500596972e-02
1.609500000000000000e+03,6.601123220000000291e-01,2.988696840097123872e-02
1.610000000000000000e+03,6.600370059999999262e-01,2.982229467082497809e-02
1.610500000000000000e+03,6.599689019999999129e-01,2.976157474632875471e-02
1.611000000000000000e+03,6.599162659999999736e-01,2.971060417248404945e-02
1.611500000000000000e+03,6.598856279999999463e-01,2.967404041338058893e-02
1.612000000000000000e+03,6.598810759999998998e-01,2.965489226835288719e-02
1.612500000000000000e+03,6.599038320000000235e-01,2.965423494179868572e-02
1.613000000000000000e+03,6.599521239999999178e-01,2.967113251322110387e-02
1.613500000000000000e+03,6.600213820000000453e-01,2.970279607023847135e-02
1.614000000000000000e+03,6.601047259999999195e-01,2.974497754079545933e-02
1.614500000000000000e+03,6.601936999999999944e-01,2.979248473882498832e-02
1.615000000000000000e+03,6.602791980000001226e-01,2.983980379271809757e-02
1.615500000000000000e+03,6.603524520000000342e-01,2.988171006299445570e-02
1.616000000000000000e+03,6.604060219999999815e-01,2.991380595487130173e-02
1.616500000000000000e+03,6.604346540000000099e-01,2.993297238942679503e-02
1.617000000000000000e+03,6.604358599999999857e-01,2.993763337561989452e-02
1.617500000000000000e+03,6.604102379999999828e-01,2.992789117654724024e-02
1.618000000000000000e+03,6.603613759999999999e-01,2.990546572942303499e-02
1.618500000000000000e+03,6.602954540000000039e-01,2.987349783006394699e-02
1.619000000000000000e+03,6.602205359999999690e-01,2.983620270414880093e-02
1.619500000000000000e+03,6.601456479999999738e-01,2.979842065454550021e-02
1.620000000000000000e+03,6.600798079999999901e-01,2.976507680071890233e-02
1.620500000000000000e+03,6.600310580000000593e-01,2.974064680470708127e-02
1.621000000000000000e+03,6.600055919999999743e-01,2.972865064630000539e-02
1.621500000000000000e+03,6.600071380000001042e-01,2.973125081760560201e-02
1.622000000000000000e+03,6.600365700000000446e-01,2.974899755313933220e-02
1.622500000000000000e+03,6.600917779999999624e-01,2.978077532960877669e-02
1.623000000000000000e+03,6.601679320000000128e-01,2.982393714723751213e-02
1.623500000000000000e+03,6.602579399999999321e-01,2.987461428500760505e-02
1.624000000000000000e+03,6.603532220000000175e-01,2.992814987593960321e-02
1.624500000000000000e+03,6.604446379999999728e-01,2.997960531561972772e-02
1.625000000000000000e+03,6.605234880000000475e-01,3.002426911622668032e-02
1.625500000000000000e+03,6.605824739999999196e-01,3.005811003927085640e-02
1.626000000000000000e+03,6.606165120000000446e-01,3.007816394779629782e-02
1.626500000000000000e+03,6.606232899999999741e-01,3.008278408069356771e-02
1.627000000000000000e+03,6.606034860000000730e-01,3.007178725765323468e-02
1.627500000000000000e+03,6.605606739999999588e-01,3.004646661982314851e-02
1.628000000000000000e+03,6.605009120000000511e-01,3.000945439370905632e-02
1.628500000000000000e+03,6.604320399999999980e-01,2.996448653966108169e-02
1.629000000000000000e+03,6.603628460000000588e-01,2.991603679934168661e-02
1.629500000000000000e+03,6.603021360000000950e-01,2.986887565734080985e-02
1.630000000000000000e+03,6.602577940000000645e-01,2.982758989809511721e-02
1.630500000000000000e+03,6.602360039999999319e-01,2.979610752982956440e-02
1.631000000000000000e+03,6.602405499999999261e-01,2.977729900733426874e-02
1.631500000000000000e+03,6.602724519999998432e-01,2.977269423154133010e-02
1.632000000000000000e+03,6.603298140000000149e-01,2.978233952384693600e-02
1.632500000000000000e+03,6.604080220000000390e-01,2.980484603918454045e-02
1.633000000000000000e+03,6.605002259999999126e-01,2.983756585527270327e-02
1.633500000000000000e+03,6.605980839999999743e-01,2.987692235108942163e-02
1.634000000000000000e+03,6.606926680000000385e-01,2.991878966576445170e-02
1.634500000000000000e+03,6.607754919999998533e-01,2.995893666248709494e-02
1.635000000000000000e+03,6.608393999999999657e-01,2.999344683254828031e-02
1.635500000000000000e+03,6.608793260000001002e-01,3.001908539942124698e-02
1.636000000000000000e+03,6.608928379999999825e-01,3.003361762314346595e-02
1.636500000000000000e+03,6.608802639999999951e-01,3.003601483405756584e-02
1.637000000000000000e+03,6.608446459999999245e-01,3.002656401922747589e-02
1.637500000000000000e+03,6.607913059999999117e-01,3.000685729305879734e-02
1.638000000000000000e+03,6.607272920000000216e-01,2.997965351607959766e-02
1.638500000000000000e+03,6.606606219999999752e-01,2.994861185832648626e-02
1.639000000000000000e+03,6.605994900000000669e-01,2.991792637300620325e-02
1.639500000000000000e+03,6.605514640000000881e-01,2.989188336407704039e-02
1.640000000000000000e+03,6.605227340000000558e-01,2.987438815418444471e-02
1.640500000000000000e+03,6.605174799999999902e-01,2.986852085552061872e-02
1.641000000000000000e+03,6.605374600000000207e-01,2.987618430838500164e-02
1.641500000000000000e+03,6.605817959999999989e-01,2.989786515986995671e-02
1.642000000000000000e+03,6.606470660000000050e-01,2.993257847028677962e-02
1.642500000000000000e+03,6.607276639999999368e-01,2.997797171046475556e-02
1.643000000000000000e+03,6.608164219999999034e-01,3.003057161786324217e-02
1.643500000000000000e+03,6.609053819999999302e-01,3.008617204146291080e-02
1.644000000000000000e+03,6.609866779999999942e-01,3.014025606609313512e-02
1.644500000000000000e+03,6.610533840000000216e-01,3.018847144879822225e-02
1.645000000000000000e+03,6.611002299999999554e-01,3.022705282008602071e-02
1.645500000000000000e+03,6.611241399999999713e-01,3.025318471342033910e-02
1.646000000000000000e+03,6.611245040000000017e-01,3.026527110194977138e-02
1.646500000000000000e+03,6.611032260000000438e-01,3.026308833975567894e-02
1.647000000000000000e+03,6.610645039999999417e-01,3.024779320740019276e-02
1.647500000000000000e+03,6.610144019999999454e-01,3.022180168303046852e-02
1.648000000000000000e+03,6.609602580000000227e-01,3.018854401270876231e-02
1.648500000000000000e+03,6.609099400000000291e-01,3.015209266765393054e-02
1.649000000000000000e+03,6.608710500000001264e-01,3.011671128073017262e-02
1.649500000000000000e+03,6.608501139999999330e-01,3.008641615033512406e-02
1.650000000000000000e+03,6.608518699999998969e-01,3.006451383923761100e-02
1.650500000000000000e+03,6.608787160000000327e-01,3.005326715798543880e-02
1.651000000000000000e+03,6.609304360000000100e-01,3.005366872703973263e-02
1.651500000000000000e+03,6.610041640000000607e-01,3.006538228474845212e-02
1.652000000000000000e+03,6.610947459999999554e-01,3.008682689087676873e-02
1.652500000000000000e+03,6.611952860000001042e-01,3.011540253428543479e-02
1.653000000000000000e+03,6.612979199999999835e-01,3.014781903986057596e-02
1.653500000000000000e+03,6.613946880000000084e-01,3.018046691093023357e-02
1.654000000000000000e+03,6.614783600000000430e-01,3.020981697520790099e-02
1.654500000000000000e+03,6.615431779999999540e-01,3.023278556879839193e-02
1.655000000000000000e+03,6.615854079999999859e-01,3.024703545596004253e-02
1.655500000000000000e+03,6.616036759999999184e-01,3.025120181822494453e-02
1.656000000000000000e+03,6.615990659999999579e-01,3.024502371638062084e-02
1.656500000000000000e+03,6.615749840000000326e-01,3.022936628668414574e-02
1.657000000000000000e+03,6.615367979999999815e-01,3.020612465889531417e-02
1.657500000000000000e+03,6.614912840000000127e-01,3.017802943597039725e-02
1.658000000000000000e+03,6.614459560000000016e-01,3.014835203709442801e-02
1.658500000000000000e+03,6.614082500000000309e-01,3.012054380039144719e-02
1.659000000000000000e+03,6.613847539999999636e-01,3.009785439006467875e-02
1.659500000000000000e+03,6.613804960000000399e-01,3.008297449582181260e-02
1.660000000000000000e+03,6.613983640000000719e-01,3.007774649602602476e-02
1.660500000000000000e+03,6.614388520000000771e-01,3.008298308616125585e-02
1.661000000000000000e+03,6.614999560000001111e-01,3.009840889028881153e-02
1.661500000000000000e+03,6.615775040000000384e-01,3.012271979294079208e-02
1.662000000000000000e+03,6.616656100000000151e-01,3.015375809235392932e-02
1.662500000000000000e+03,6.617573720000000659e-01,3.018874622866862117e-02
1.663000000000000000e+03,6.618456379999999584e-01,3.022457847939758954e-02
1.663500000000000000e+03,6.619237739999999093e-01,3.025811693229018759e-02
1.664000000000000000e+03,6.619863719999999896e-01,3.028646769904760547e-02
1.664500000000000000e+03,6.620297820000000666e-01,3.030723629722684859e-02
1.665000000000000000e+03,6.620525160000000353e-01,3.031872492762231405e-02
1.665500000000000000e+03,6.620553820000000256e-01,3.032006276724661872e-02
1.666000000000000000e+03,6.620414099999999413e-01,3.031127919442298119e-02
1.666500000000000000e+03,6.620155580000000040e-01,3.029327149053703469e-02
1.667000000000000000e+03,6.619842019999999660e-01,3.026770542092403413e-02
1.667500000000000000e+03,6.619544339999998694e-01,3.023682706850184740e-02
1.668000000000000000e+03,6.619333099999999970e-01,3.020322095027565962e-02
1.668500000000000000e+03,6.619270360000000242e-01,3.016954196503097985e-02
1.669000000000000000e+03,6.619402659999999994e-01,3.013826673418903285e-02
1.669500000000000000e+03,6.619755520000000226e-01,3.011146480792530056e-02
1.670000000000000000e+03,6.620330479999999573e-01,3.009065064935376871e-02
1.670500000000000000e+03,6.621105140000000944e-01,3.007667631411864786e-02
1.671000000000000000e+03,6.622035819999999573e-01,3.006970277128315563e-02
1.671500000000000000e+03,6.623062840000000229e-01,3.006921418284846936e-02
1.672000000000000000e+03,6.624117480000000224e-01,3.007407952110045454e-02
1.672500000000000000e+03,6.625129739999999767e-01,3.008266397633270819e-02
1.673000000000000000e+03,6.626035999999999593e-01,3.009297058761447458e-02
1.673500000000000000e+03,6.626785800000000171e-01,3.010283103784177489e-02
1.674000000000000000e+03,6.627347160000000015e-01,3.011008580933215162e-02
1.674500000000000000e+03,6.627709520000000243e-01,3.011282286137690126e-02
1.675000000000000000e+03,6.627884579999999692e-01,3.010956031679962175e-02
1.675500000000000000e+03,6.627904860000000120e-01,3.009943572701531331e-02
1.676000000000000000e+03,6.627819699999999425e-01,3.008232087306713515e-02
1.676500000000000000e+03,6.627689519999999668e-01,3.005886386096558865e-02
1.677000000000000000e+03,6.627579239999999983e-01,3.003045252997057005e-02
1.677500000000000000e+03,6.627550479999999578e-01,2.999909455226630953e-02
1.678000000000000000e+03,6.627654639999999153e-01,2.996720982778820069e-02
1.678500000000000000e+03,6.627926979999999579e-01,2.993739140867210033e-02
1.679000000000000000e+03,6.628382299999999727e-01,2.991212658251717060e-02
1.679500000000000000e+03,6.629013420000000600e-01,2.989353567839934250e-02
1.680000000000000000e+03,6.629791900000000515e-01,2.988313614343615990e-02
1.680500000000000000e+03,6.630671500000000496e-01,2.988165998718242747e-02
1.681000000000000000e+03,6.631593780000000216e-01,2.988896606005857215e-02
1.681500000000000000e+03,6.632495080000000431e-01,2.990402218429828382e-02
1.682000000000000000e+03,6.633314099999999547e-01,2.992499091117339569e-02
1.682500000000000000e+03,6.633999239999999187e-01,2.994939060717405344e-02
1.683000000000000000e+03,6.634514639999999908e-01,2.997433088826362280e-02
1.683500000000000000e+03,6.634844140000000223e-01,2.999679449155535915e-02
1.684000000000000000e+03,6.634993220000000580e-01,3.001393659733997410e-02
1.684500000000000000e+03,6.634988339999999818e-01,3.002339131074495751e-02
1.685000000000000000e+03,6.634873760000000731e-01,3.002351863462634357e-02
1.685500000000000000e+03,6.634706720000000946e-01,3.001360954029978767e-02
1.686000000000000000e+03,6.634550820000000293e-01,2.999397069244090150e-02
1.686500000000000000e+03,6.634468879999999569e-01,2.996592545432953322e-02
1.687000000000000000e+03,6.634515920000000344e-01,2.993165949626706152e-02
1.687500000000000000e+03,6.634732620000000081e-01,2.989398959457140875e-02
1.688000000000000000e+03,6.635140680000000124e-01,2.985603508246271326e-02
1.688500000000000000e+03,6.635739860000000601e-01,2.982085898681148886e-02
1.689000000000000000e+03,6.636507919999999894e-01,2.979112574462660853e-02
1.689500000000000000e+03,6.637402900000000106e-01,2.976879208848201563e-02
1.690000000000000000e+03,6.638368040000000025e-01,2.975491426610611667e-02
1.690500000000000000e+03,6.639338560000000999e-01,2.974953431983274124e-02
1.691000000000000000e+03,6.640249480000000037e-01,2.975170973535191943e-02
1.691500000000000000e+03,6.641043599999999492e-01,2.975963537536389578e-02
1.692000000000000000e+03,6.641678380000000104e-01,2.977085474914725055e-02
1.692500000000000000e+03,6.642131160000001033e-01,2.978253326853788283e-02
1.693000000000000000e+03,6.642401680000000752e-01,2.979176138947618041e-02
1.693500000000000000e+03,6.642511719999999453e-01,2.979587740294325354e-02
1.694000000000000000e+03,6.642502279999999981e-01,2.979275734569317505e-02
1.694500000000000000e+03,6.642428360000000032e-01,2.978107364413538904e-02
1.695000000000000000e+03,6.642351919999999188e-01,2.976048393485417401e-02
1.695500000000000000e+03,6.642334439999999507e-01,2.973170805106806203e-02
1.696000000000000000e+03,6.642429220000000134e-01,2.969649394906616335e-02
1.696500000000000000e+03,6.642674879999999060e-01,2.965745103722997739e-02
1.697000000000000000e+03,6.643090200000000278e-01,2.961776324353479831e-02
1.697500000000000000e+03,6.643671780000000027e-01,2.958081021840702762e-02
1.698000000000000000e+03,6.644393779999999694e-01,2.954975530060756014e-02
1.698500000000000000e+03,6.645210919999999799e-01,2.952715479030927626e-02
1.699000000000000000e+03,6.646063620000000061e-01,2.951463613835436650e-02
1.699500000000000000e+03,6.646885179999999504e-01,2.951271341868253947e-02
1.700000000000000000e+03,6.647610159999999269e-01,2.952072927122049995e-02
1.700500000000000000e+03,6.648182559999999963e-01,2.953695505253452896e-02
1.701000000000000000e+03,6.648563339999999933e-01,2.955879494795003032e-02
1.701500000000000000e+03,6.648735420000000396e-01,2.958309512970361960e-02
1.702000000000000000e+03,6.648706079999999741e-01,2.960646795823023217e-02
1.702500000000000000e+03,6.648506519999999309e-01,2.962565871400337295e-02
1.703000000000000000e+03,6.648187760000000557e-01,2.963787169493022067e-02
1.703500000000000000e+03,6.647814859999999770e-01,2.964106726583855614e-02
1.704000000000000000e+03,6.647458939999999483e-01,2.963418899589822381e-02
1.704500000000000000e+03,6.647188539999999701e-01,2.961729182759449686e-02
1.705000000000000000e+03,6.647061700000000961e-01,2.959157471675560869e-02
1.705500000000000000e+03,6.647118920000000264e-01,2.955924266861269592e-02
1.706000000000000000e+03,6.647378359999999153e-01,2.952327511247855585e-02
1.706500000000000000e+03,6.647833779999999804e-01,2.948705163155387193e-02
1.707000000000000000e+03,6.648455259999999090e-01,2.945394107186889016e-02
1.707500000000000000e+03,6.649192779999999470e-01,2.942685164998719641e-02
1.708000000000000000e+03,6.649982319999999669e-01,2.940789074441489681e-02
1.708500000000000000e+03,6.650753520000000085e-01,2.939808386273216195e-02
1.709000000000000000e+03,6.651438440000000396e-01,2.939728928088397586e-02
1.709500000000000000e+03,6.651979700000000273e-01,2.940424097913631532e-02
1.710000000000000000e+03,6.652337720000000010e-01,2.941673036734290814e-02
1.710500000000000000e+03,6.652495280000000344e-01,2.943188212596408934e-02
1.711000000000000000e+03,6.652459940000000627e-01,2.944649011478864958e-02
1.711500000000000000e+03,6.652262599999999582e-01,2.945734683946111404e-02
1.712000000000000000e+03,6.651953919999999965e-01,2.946157916410819741e-02
1.712500000000000000e+03,6.651597780000000348e-01,2.945694346099260105e-02
1.713000000000000000e+03,6.651263819999999605e-01,2.944204678172686676e-02
1.713500000000000000e+03,6.651018759999999252e-01,2.941653052766430437e-02
1.714000000000000000e+03,6.650918560000000923e-01,2.938114974194281151e-02
1.714500000000000000e+03,6.651001859999999821e-01,2.933773558895208869e-02
1.715000000000000000e+03,6.651285219999999443e-01,2.928904853935467706e-02
1.715500000000000000e+03,6.651761139999999850e-01,2.923851887959351067e-02
1.716000000000000000e+03,6.652398859999999470e-01,2.918987361115488177e-02
1.716500000000000000e+03,6.653147560000000071e-01,2.914673294262781766e-02
1.717000000000000000e+03,6.653942280000000320e-01,2.911219935599685185e-02
1.717500000000000000e+03,6.654711360000000742e-01,2.908850456163165205e-02
1.718000000000000000e+03,6.655384659999999952e-01,2.907677380930536251e-02
1.718500000000000000e+03,6.655901480000000481e-01,2.907692325789772853e-02
1.719000000000000000e+03,6.656217760000000538e-01,2.908768972447856385e-02
1.719500000000000000e+03,6.656310800000000416e-01,2.910678952348250137e-02
1.720000000000000000e+03,6.656181899999999985e-01,2.913117647189192999e-02
1.720500000000000000e+03,6.655855800000000100e-01,2.915734788187070159e-02
1.721000000000000000e+03,6.655377799999999677e-01,2.918169037065895116e-02
1.721500000000000000e+03,6.654808159999999750e-01,2.920084244341002166e-02
1.722000000000000000e+03,6.654215319999999823e-01,2.921202004149615547e-02
1.722500000000000000e+03,6.653668139999999731e-01,2.921331289883031743e-02
1.723000000000000000e+03,6.653228559999999625e-01,2.920390920894437581e-02
1.723500000000000000e+03,6.652944659999999732e-01,2.918420332546541041e-02
1.724000000000000000e+03,6.652845960000000058e-01,2.915578369588091648e-02
1.724500000000000000e+03,6.652940259999999828e-01,2.912128300781691159e-02
1.725000000000000000e+03,6.653213420000000378e-01,2.908407570788787769e-02
1.725500000000000000e+03,6.653631260000000269e-01,2.904789533669909982e-02
1.726000000000000000e+03,6.654144140000000096e-01,2.901639142076656644e-02
1.726500000000000000e+03,6.654692840000000498e-01,2.899268523306122031e-02
1.727000000000000000e+03,6.655215939999999941e-01,2.897901360054903550e-02
1.727500000000000000e+03,6.655656779999998829e-01,2.897646488397910558e-02
1.728000000000000000e+03,6.655969940000000529e-01,2.898486498508757309e-02
1.728500000000000000e+03,6.656126099999999379e-01,2.900278826023852674e-02
1.729000000000000000e+03,6.656114819999998655e-01,2.902770934241960185e-02
1.729500000000000000e+03,6.655944820000000428e-01,2.905625902945566802e-02
1.730000000000000000e+03,6.655642399999999181e-01,2.908456397212616507e-02
1.730500000000000000e+03,6.655247739999999856e-01,2.910863087413070524e-02
1.731000000000000000e+03,6.654810360000000813e-01,2.912477384058228397e-02
1.731500000000000000e+03,6.654383640000000044e-01,2.913001847348789530e-02
1.732000000000000000e+03,6.654019300000000303e-01,2.912245551302809071e-02
1.732500000000000000e+03,6.653762439999999501e-01,2.910149494850213306e-02
1.733000000000000000e+03,6.653647140000000793e-01,2.906799316318219029e-02
1.733500000000000000e+03,6.653693199999999308e-01,2.902420571892931969e-02
1.734000000000000000e+03,6.653904059999999898e-01,2.897358236909004792e-02
1.734500000000000000e+03,6.654266680000000544e-01,2.892041001285326762e-02
1.735000000000000000e+03,6.654752719999998956e-01,2.886933923405788846e-02
1.735500000000000000e+03,6.655321360000000519e-01,2.882488774392027997e-02
1.736000000000000000e+03,6.655923880000000903e-01,2.879092768545735148e-02
1.736500000000000000e+03,6.656508559999999575e-01,2.877027685269966870e-02
1.737000000000000000e+03,6.657026099999999724e-01,2.876439147433088039e-02
1.737500000000000000e+03,6.657434640000000625e-01,2.877321577801194435e-02
1.738000000000000000e+03,6.657703520000000097e-01,2.879518766293552579e-02
1.738500000000000000e+03,6.657816240000000718e-01,2.882739608490396052e-02
1.739000000000000000e+03,6.657771540000000376e-01,2.886589216460952803e-02
1.739500000000000000e+03,6.657582959999999161e-01,2.890610166419618765e-02
1.740000000000000000e+03,6.657277340000000709e-01,2.894331815912243311e-02
1.740500000000000000e+03,6.656891820000000459e-01,2.897322783930405751e-02
1.741000000000000000e+03,6.656470320000000829e-01,2.899240717846800902e-02
1.741500000000000000e+03,6.656059279999999578e-01,2.899872877136813396e-02
1.742000000000000000e+03,6.655702940000001178e-01,2.899162726191160944e-02
1.742500000000000000e+03,6.655438959999999682e-01,2.897219394321261590e-02
1.743000000000000000e+03,6.655294320000000319e-01,2.894303940379576792e-02
1.743500000000000000e+03,6.655282599999999826e-01,2.890799556009808133e-02
1.744000000000000000e+03,6.655402180000000723e-01,2.887164120179165280e-02
1.744500000000000000e+03,6.655636740000000495e-01,2.883875138431319513e-02
1.745000000000000000e+03,6.655957420000000457e-01,2.881371396154466802e-02
1.745500000000000000e+03,6.656326299999999474e-01,2.880001963735788484e-02
1.746000000000000000e+03,6.656701359999999124e-01,2.879984568441096987e-02
1.746500000000000000e+03,6.657041460000000521e-01,2.881381645311647047e-02
1.747000000000000000e+03,6.657310899999999698e-01,2.884091768383263352e-02
1.747500000000000000e+03,6.657483379999999951e-01,2.887861105604655823e-02
1.748000000000000000e+03,6.657543980000000250e-01,2.892309352784973309e-02
1.748500000000000000e+03,6.657490099999999744e-01,2.896970039707988734e-02
1.749000000000000000e+03,6.657330839999999750e-01,2.901341296144898177e-02
1.749500000000000000e+03,6.657085260000000781e-01,2.904940181124278029e-02
1.750000000000000000e+03,6.656779520000000172e-01,2.907359141880435163e-02
1.750500000000000000e+03,6.656444259999999558e-01,2.908313956373909451e-02
1.751000000000000000e+03,6.656110839999999085e-01,2.907679320086271890e-02
1.751500000000000000e+03,6.655808599999999409e-01,2.905508516770050412e-02
1.752000000000000000e+03,6.655562040000000401e-01,2.902027624710860898e-02
1.752500000000000000e+03,6.655388660000000067e-01,2.897612230506397407e-02
1.753000000000000000e+03,6.655297840000000686e-01,2.892741658833890978e-02
1.753500000000000000e+03,6.655290660000000580e-01,2.887944259018801821e-02
1.754000000000000000e+03,6.655360519999999891e-01,2.883732701374199306e-02
1.754500000000000000e+03,6.655494720000000308e-01,2.880547224390815966e-02
1.755000000000000000e+03,6.655676440000000138e-01,2.878706593123073892e-02
1.755500000000000000e+03,6.655886960000000352e-01,2.878375372798265899e-02
1.756000000000000000e+03,6.656107580000000246e-01,2.879550496262453865e-02
1.756500000000000000e+03,6.656321200000000493e-01,2.882063984053789482e-02
1.757000000000000000e+03,6.656513419999999792e-01,2.885604576520169398e-02
1.757500000000000000e+03,6.656672900000000226e-01,2.889753110925568150e-02
1.758000000000000000e+03,6.656791739999998736e-01,2.894027478010627666e-02
1.758500000000000000e+03,6.656864959999999609e-01,2.897936965950097948e-02
1.759000000000000000e+03,6.656890719999999373e-01,2.901037541845285367e-02
1.759500000000000000e+03,6.656869720000000434e-01,2.902984972697541383e-02
1.760000000000000000e+03,6.656804899999999581e-01,2.903578387733245919e-02
1.760500000000000000e+03,6.656701320000000255e-01,2.902787575259450220e-02
1.761000000000000000e+03,6.656565460000000156e-01,2.900759895979786174e-02
1.761500000000000000e+03,6.656405139999999054e-01,2.897804108938293460e-02
1.762000000000000000e+03,6.656228939999999650e-01,2.894351172075887782e-02
1.762500000000000000e+03,6.656045900000000515e-01,2.890899546423102151e-02
1.763000000000000000e+03,6.655865180000001269e-01,2.887951374309240607e-02
1.763500000000000000e+03,6.655695859999999353e-01,2.885949471299898567e-02
1.764000000000000000e+03,6.655546579999999102e-01,2.885223730440299172e-02
1.764500000000000000e+03,6.655425119999998085e-01,2.885955188827633508e-02
1.765000000000000000e+03,6.655337780000000203e-01,2.888157238180348585e-02
1.765500000000000000e+03,6.655288400000000104e-01,2.891678617742764190e-02
1.766000000000000000e+03,6.655277720000000174e-01,2.896221278970934759e-02
1.766500000000000000e+03,6.655302240000000591e-01,2.901373588438941470e-02
1.767000000000000000e+03,6.655353699999999595e-01,2.906652601669177868e-02
1.767500000000000000e+03,6.655419200000000091e-01,2.911554902750899607e-02
1.768000000000000000e+03,6.655481540000000029e-01,2.915609175637255690e-02
1.768500000000000000e+03,6.655520859999999317e-01,2.918428903096964913e-02
1.769000000000000000e+03,6.655516580000000459e-01,2.919758478736782237e-02
1.769500000000000000e+03,6.655449919999999464e-01,2.919506771726235184e-02
1.770000000000000000e+03,6.655306199999999617e-01,2.917762601117370597e-02
1.770500000000000000e+03,6.655077320000000185e-01,2.914786867311885271e-02
1.771000000000000000e+03,6.654763620000000435e-01,2.910982374298603723e-02
1.771500000000000000e+03,6.654374840000000235e-01,2.906842561920382900e-02
1.772000000000000000e+03,6.653930299999999409e-01,2.902889569926300761e-02
1.772500000000000000e+03,6.653458020000000417e-01,2.899608249552710487e-02
1.773000000000000000e+03,6.652992600000000589e-01,2.897388179758263876e-02
1.773500000000000000e+03,6.652572359999999740e-01,2.896480751892365271e-02
1.774000000000000000e+03,6.652235220000000115e-01,2.896975439874428099e-02
1.774500000000000000e+03,6.652014699999999614e-01,2.898796853489287936e-02
1.775000000000000000e+03,6.651935439999998589e-01,2.901718640158287496e-02
1.775500000000000000e+03,6.652009359999999649e-01,2.905391757915557621e-02
1.776000000000000000e+03,6.652233339999999995e-01,2.909383659497620164e-02
1.776500000000000000e+03,6.652588120000000327e-01,2.913224262403658546e-02
1.777000000000000000e+03,6.653039579999999731e-01,2.916455164693388183e-02
1.777500000000000000e+03,6.653542019999999502e-01,2.918680494350201632e-02
1.778000000000000000e+03,6.654042559999999717e-01,2.919614176472665190e-02
1.778500000000000000e+03,6.654487500000000333e-01,2.919116973186601516e-02
1.779000000000000000e+03,6.654828059999999823e-01,2.917218691229002403e-02
1.779500000000000000e+03,6.655025800000000658e-01,2.914120626703226372e-02
1.780000000000000000e+03,6.655056919999999820e-01,2.910173491022097908e-02
1.780500000000000000e+03,6.654914699999999739e-01,2.905837114200329752e-02
1.781000000000000000e+03,6.654610220000000131e-01,2.901621588460310749e-02
1.781500000000000000e+03,6.654171019999999270e-01,2.898023117335874269e-02
1.782000000000000000e+03,6.653638359999999308e-01,2.895463983291910598e-02
1.782500000000000000e+03,6.653062960000000192e-01,2.894242900306116459e-02
1.783000000000000000e+03,6.652499919999999012e-01,2.894503925403477465e-02
1.783500000000000000e+03,6.652002940000000253e-01,2.896224934919309352e-02
1.784000000000000000e+03,6.651618540000000523e-01,2.899226157531499884e-02
1.784500000000000000e+03,6.651380860000000173e-01,2.903193551479622131e-02
1.785000000000000000e+03,6.651307519999999363e-01,2.907713804366728744e-02
1.785500000000000000e+03,6.651397180000000464e-01,2.912318577380046403e-02
1.786000000000000000e+03,6.651629159999999930e-01,2.916532539499338064e-02
1.786500000000000000e+03,6.651965539999999955e-01,2.919923732937601199e-02
1.787000000000000000e+03,6.652355239999999670e-01,2.922148231213751376e-02
1.787500000000000000e+03,6.652739859999999839e-01,2.922990165820603739e-02
1.788000000000000000e+03,6.653060580000000890e-01,2.922385558387674553e-02
1.788500000000000000e+03,6.653264520000000681e-01,2.920431975611731748e-02
1.789000000000000000e+03,6.653311399999999320e-01,2.917376487916943303e-02
1.789500000000000000e+03,6.653177579999999258e-01,2.913585460277549541e-02
1.790000000000000000e+03,6.652859380000000211e-01,2.909498220694238871e-02
1.790500000000000000e+03,6.652373639999999977e-01,2.905573510020708836e-02
1.791000000000000000e+03,6.651756840000000448e-01,2.902233596886966832e-02
1.791500000000000000e+03,6.651061940000000394e-01,2.899816144330559162e-02
1.792000000000000000e+03,6.650353819999998972e-01,2.898539225816297582e-02
1.792500000000000000e+03,6.649703179999999492e-01,2.898483029397263058e-02
1.793000000000000000e+03,6.649179179999999967e-01,2.899585217977277557e-02
1.793500000000000000e+03,6.648842179999999713e-01,2.901655197842215386e-02
1.794000000000000000e+03,6.648736380000001001e-01,2.904396121400737441e-02
1.794500000000000000e+03,6.648883800000000566e-01,2.907440406778495287e-02
1.795000000000000000e+03,6.649280840000000303e-01,2.910386916728488482e-02
1.795500000000000000e+03,6.649897379999999414e-01,2.912843974166715033e-02
1.796000000000000000e+03,6.650679040000000430e-01,2.914470510847649506e-02
1.796500000000000000e+03,6.651552900000000657e-01,2.915012845855228379e-02
1.797000000000000000e+03,6.652434780000000547e-01,2.914334501655608048e-02
1.797500000000000000e+03,6.653238760000000918e-01,2.912431805944143068e-02
1.798000000000000000e+03,6.653886019999999402e-01,2.909437278537748209e-02
1.798500000000000000e+03,6.654313020000000023e-01,2.905604514471979080e-02
1.799000000000000000e+03,6.654478299999999624e-01,2.901282091750731137e-02
1.799500000000000000e+03,6.654366200000000342e-01,2.896872669670743153e-02
1.800000000000000000e+03,6.653988739999999735e-01,2.892788797798391889e-02
1.800500000000000000e+03,6.653384360000000886e-01,2.889407133701006256e-02
1.801000000000000000e+03,6.652614540000000298e-01,2.887028959896032268e-02
1.801500000000000000e+03,6.651757799999999943e-01,2.885849539453399712e-02
1.802000000000000000e+03,6.650902260000000066e-01,2.885939976876158650e-02
1.802500000000000000e+03,6.650136380000000180e-01,2.887241763959581820e-02
1.803000000000000000e+03,6.649539740000000032e-01,2.889573698448728509e-02
1.803500000000000000e+03,6.649173959999999939e-01,2.892651703787540302e-02
1.804000000000000000e+03,6.649075500000000138e-01,2.896116435168603898e-02
1.804500000000000000e+03,6.649250999999999356e-01,2.899569182880743293e-02
1.805000000000000000e+03,6.649676279999999773e-01,2.902612995065055948e-02
1.805500000000000000e+03,6.650298740000000208e-01,2.904893201397715230e-02
1.806000000000000000e+03,6.651043520000000653e-01,2.906135689492911345e-02
1.806500000000000000e+03,6.651821819999998997e-01,2.906175272551441910e-02
1.807000000000000000e+03,6.652541080000000662e-01,2.904976433279233758e-02
1.807500000000000000e+03,6.653115140000001038e-01,2.902635291513998989e-02
1.808000000000000000e+03,6.653473479999999496e-01,2.899369569963604690e-02
1.808500000000000000e+03,6.653568699999999891e-01,2.895493965801328520e-02
1.809000000000000000e+03,6.653381560000000139e-01,2.891382403557969313e-02
1.809500000000000000e+03,6.652923320000000418e-01,2.887427150176180915e-02
1.810000000000000000e+03,6.652235020000000221e-01,2.883993393654698048e-02
1.810500000000000000e+03,6.651384080000000143e-01,2.881380353537404959e-02
1.811000000000000000e+03,6.650457739999999784e-01,2.879788407505185985e-02
1.811500000000000000e+03,6.649554699999999929e-01,2.879300106343640753e-02
1.812000000000000000e+03,6.648774440000000396e-01,2.879871814382345407e-02
1.812500000000000000e+03,6.648206520000000674e-01,2.881340840336688372e-02
1.813000000000000000e+03,6.647919860000000014e-01,2.883440992064665795e-02
1.813500000000000000e+03,6.647954520000000089e-01,2.885832824030446983e-02
1.814000000000000000e+03,6.648316579999999920e-01,2.888138725822867944e-02
1.814500000000000000e+03,6.648976940000000946e-01,2.889983690454129076e-02
1.815000000000000000e+03,6.649874660000000270e-01,2.891037932934962390e-02
1.815500000000000000e+03,6.650924059999999693e-01,2.891055088358929909e-02
1.816000000000000000e+03,6.652024360000000636e-01,2.889901483607522706e-02
1.816500000000000000e+03,6.653071099999999793e-01,2.887576200775176377e-02
1.817000000000000000e+03,6.653967320000000463e-01,2.884211716706151091e-02
1.817500000000000000e+03,6.654633640000000572e-01,2.880063141376272562e-02
1.818000000000000000e+03,6.655015979999999720e-01,2.875479620895865854e-02
1.818500000000000000e+03,6.655090759999999772e-01,2.870865336023071396e-02
1.819000000000000000e+03,6.654866879999998819e-01,2.866634987823098862e-02
1.819500000000000000e+03,6.654384639999999518e-01,2.863166465364780713e-02
1.820000000000000000e+03,6.653711639999999594e-01,2.860760201768065142e-02
1.820500000000000000e+03,6.652935880000000468e-01,2.859606595260464484e-02
1.821000000000000000e+03,6.652156780000000325e-01,2.859765822758331480e-02
1.821500000000000000e+03,6.651474260000000971e-01,2.861162032152716334e-02
1.822000000000000000e+03,6.650978220000000052e-01,2.863589668266848173e-02
1.822500000000000000e+03,6.650737999999999372e-01,2.866734927765523036e-02
1.823000000000000000e+03,6.650794420000000207e-01,2.870205852475922470e-02
1.823500000000000000e+03,6.651155159999999622e-01,2.873573447281738136e-02
1.824000000000000000e+03,6.651793379999999534e-01,2.876417023290370537e-02
1.824500000000000000e+03,6.652651080000000494e-01,2.878369396070687425e-02
1.825000000000000000e+03,6.653645519999999980e-01,2.879159511811430275e-02
1.825500000000000000e+03,6.654678179999999887e-01,2.878642466864691010e-02
1.826000000000000000e+03,6.655645639999999696e-01,2.876817335302306322e-02
1.826500000000000000e+03,6.656450279999999164e-01,2.873825339226331738e-02
1.827000000000000000e+03,6.657010400000000772e-01,2.869932418510914157e-02
1.827500000000000000e+03,6.657268840000000187e-01,2.865494719288601277e-02
1.828000000000000000e+03,6.657199040000000290e-01,2.860915952395082923e-02
1.828500000000000000e+03,6.656808439999999383e-01,2.856597945740537575e-02
1.829000000000000000e+03,6.656138919999998738e-01,2.852895525863421988e-02
1.829500000000000000e+03,6.655263160000000067e-01,2.850077391045733460e-02
1.830000000000000000e+03,6.654278679999998669e-01,2.848299324998751492e-02
1.830500000000000000e+03,6.653298060000000236e-01,2.847591734676945679e-02
1.831000000000000000e+03,6.652437439999999702e-01,2.847860169029205191e-02
1.831500000000000000e+03,6.651803859999999569e-01,2.848899123315928178e-02
1.832000000000000000e+03,6.651483459999999459e-01,2.850417263278301125e-02
1.832500000000000000e+03,6.651531200000000421e-01,2.852070680109770190e-02
1.833000000000000000e+03,6.651964280000000063e-01,2.853501863125770810e-02
1.833500000000000000e+03,6.652759700000000498e-01,2.854380127756813226e-02
1.834000000000000000e+03,6.653856439999999983e-01,2.854438564656552879e-02
1.834500000000000000e+03,6.655161960000001153e-01,2.853506303439482319e-02
1.835000000000000000e+03,6.656562120000000249e-01,2.851526156265595316e-02
1.835500000000000000e+03,6.657933659999999421e-01,2.848561394221433771e-02
1.836000000000000000e+03,6.659157299999999280e-01,2.844785644672229510e-02
1.836500000000000000e+03,6.660130880000000309e-01,2.840459647580992689e-02
1.837000000000000000e+03,6.660780619999999708e-01,2.835898755208961924e-02
1.837500000000000000e+03,6.661069279999999315e-01,2.831434315938962179e-02
1.838000000000000000e+03,6.661000759999999854e-01,2.827375780845155923e-02
1.838500000000000000e+03,6.660620380000000784e-01,2.823978426873006292e-02
1.839000000000000000e+03,6.660010560000000357e-01,2.821418847764517110e-02
1.839500000000000000e+03,6.659281919999999744e-01,2.819781512338062623e-02
1.840000000000000000e+03,6.658561280000000471e-01,2.819055695401056355e-02
1.840500000000000000e+03,6.657977059999999891e-01,2.819141991264534700e-02
1.841000000000000000e+03,6.657644539999999500e-01,2.819865768234059919e-02
1.841500000000000000e+03,6.657651700000000172e-01,2.820997907786621656e-02
1.842000000000000000e+03,6.658048599999999428e-01,2.822279411768438551e-02
1.842500000000000000e+03,6.658840879999999851e-01,2.823446519055556811e-02
1.843000000000000000e+03,6.659988140000000501e-01,2.824259798252962139e-02
1.843500000000000000e+03,6.661408100000000276e-01,2.824526106343309625e-02
1.844000000000000000e+03,6.662985340000000534e-01,2.824119495991672668e-02
1.844500000000000000e+03,6.664583920000000106e-01,2.822990892232020085e-02
1.845000000000000000e+03,6.666062560000000081e-01,2.821171940180084228e-02
1.845500000000000000e+03,6.667290259999999469e-01,2.818766085596153062e-02
1.846000000000000000e+03,6.668161519999999953e-01,2.815932708772324322e-02
1.846500000000000000e+03,6.668608099999999705e-01,2.812866946464141066e-02
1.847000000000000000e+03,6.668607759999999329e-01,2.809772879798891343e-02
1.847500000000000000e+03,6.668187440000000743e-01,2.806842930209645093e-02
1.848000000000000000e+03,6.667421119999999979e-01,2.804237884446707588e-02
1.848500000000000000e+03,6.666422479999999373e-01,2.802073849524534463e-02
1.849000000000000000e+03,6.665332740000000644e-01,2.800415757307683426e-02
1.849500000000000000e+03,6.664305239999999131e-01,2.799275366375351612e-02
1.850000000000000000e+03,6.663488379999999989e-01,2.798613909742436040e-02
1.850500000000000000e+03,6.663008720000000995e-01,2.798348623488760775e-02
1.851000000000000000e+03,6.662956620000000107e-01,2.798362012494781323e-02
1.851500000000000000e+03,6.663376039999999723e-01,2.798512338026520885e-02
1.852000000000000000e+03,6.664259240000000029e-01,2.798647606882555261e-02
1.852500000000000000e+03,6.665548040000000007e-01,2.798619162968079069e-02
1.853000000000000000e+03,6.667140499999999470e-01,2.798296621908745799e-02
1.853500000000000000e+03,6.668902820000000009e-01,2.797579777562820419e-02
1.854000000000000000e+03,6.670684680000000810e-01,2.796408107458091263e-02
1.854500000000000000e+03,6.672336779999999967e-01,2.794765379234890115e-02
1.855000000000000000e+03,6.673727520000001245e-01,2.792679301247557450e-02
1.855500000000000000e+03,6.674758159999999441e-01,2.790217930911106231e-02
1.856000000000000000e+03,6.675373560000000817e-01,2.787480226059237814e-02
1.856500000000000000e+03,6.675568139999999984e-01,2.784587923925595579e-02
1.857000000000000000e+03,6.675385979999999275e-01,2.781675519257006957e-02
1.857500000000000000e+03,6.674915280000000006e-01,2.778880703252702145e-02
1.858000000000000000e+03,6.674277859999999674e-01,2.776335096297572608e-02
1.858500000000000000e+03,6.673615020000001063e-01,2.774154567501625410e-02
1.859000000000000000e+03,6.673070879999999372e-01,2.772428927070690399e-02
1.859500000000000000e+03,6.672776040000000242e-01,2.771213175758310138e-02
1.860000000000000000e+03,6.672832579999999902e-01,2.770519230073459696e-02
1.860500000000000000e+03,6.673302080000000913e-01,2.770311350565588318e-02
1.861000000000000000e+03,6.674199240000000533e-01,2.770506962348599778e-02
1.861500000000000000e+03,6.675489839999999564e-01,2.770982778589947682e-02
1.862000000000000000e+03,6.677095079999999516e-01,2.771585543493243833e-02
1.862500000000000000e+03,6.678900659999998934e-01,2.772148405043109790e-02
1.863000000000000000e+03,6.680769960000001451e-01,2.772508101486515289e-02
1.863500000000000000e+03,6.682559519999999864e-01,2.772523660486173047e-02
1.864000000000000000e+03,6.684134959999999959e-01,2.772090717902457591e-02
1.864500000000000000e+03,6.685385820000000479e-01,2.771154415212248243e-02
1.865000000000000000e+03,6.686237119999999257e-01,2.769715413946464977e-02
1.865500000000000000e+03,6.686657139999999666e-01,2.767831823094724086e-02
1.866000000000000000e+03,6.686659879999999889e-01,2.765614365367185037e-02
1.866500000000000000e+03,6.686302960000001239e-01,2.763217365757398777e-02
1.867000000000000000e+03,6.685680560000000217e-01,2.760822396781502722e-02
1.867500000000000000e+03,6.684913140000000586e-01,2.758620596073054973e-02
1.868000000000000000e+03,6.684134219999999793e-01,2.756788805409425905e-02
1.868500000000000000e+03,6.683476159999999222e-01,2.755467849636148228e-02
1.869000000000000000e+03,6.683056099999999944e-01,2.754744529777743839e-02
1.869500000000000000e+03,6.682964080000000084e-01,2.754636108996130067e-02
1.870000000000000000e+03,6.683253419999999334e-01,2.755087766633077667e-02
1.870500000000000000e+03,6.683935779999999882e-01,2.755975532120059912e-02
1.871000000000000000e+03,6.684980320000000198e-01,2.757119121874630763e-02
1.871500000000000000e+03,6.686317980000000549e-01,2.758302474111465688e-02
1.872000000000000000e+03,6.687849620000000384e-01,2.759297836133051823e-02
1.872500000000000000e+03,6.689457699999999951e-01,2.759891655937492944e-02
1.873000000000000000e+03,6.691019659999999369e-01,2.759909752105141334e-02
1.873500000000000000e+03,6.692421779999999654e-01,2.759237361671163305e-02
1.874000000000000000e+03,6.693571560000000087e-01,2.757833541331302860e-02
1.874500000000000000e+03,6.694407319999999828e-01,2.755737723724109578e-02
1.875000000000000000e+03,6.694904439999999068e-01,2.753067575593679331e-02
1.875500000000000000e+03,6.695077199999999173e-01,2.750007911696201665e-02
1.876000000000000000e+03,6.694976619999999379e-01,2.746792038832526067e-02
1.876500000000000000e+03,6.694684440000000514e-01,2.743676798585968635e-02
1.877000000000000000e+03,6.694303960000000941e-01,2.740913902918032732e-02
1.877500000000000000e+03,6.693949099999999541e-01,2.738720733283534631e-02
1.878000000000000000e+03,6.693732060000000539e-01,2.737255922354167592e-02
1.878500000000000000e+03,6.693751420000000341e-01,2.736601270608150435e-02
1.879000000000000000e+03,6.694081659999999712e-01,2.736752392483336044e-02
1.879500000000000000e+03,6.694764940000000886e-01,2.737621418155706046e-02
1.880000000000000000e+03,6.695806659999999910e-01,2.739045788185597713e-02
1.880500000000000000e+03,6.697174439999999951e-01,2.740809093831392262e-02
1.881000000000000000e+03,6.698801640000000557e-01,2.742664059754120615e-02
1.881500000000000000e+03,6.700594020000000262e-01,2.744360498087750413e-02
1.882000000000000000e+03,6.702439959999999530e-01,2.745672972468801015e-02
1.882500000000000000e+03,6.704221439999999976e-01,2.746426089818413199e-02
1.883000000000000000e+03,6.705826480000001144e-01,2.746514356567546569e-02
1.883500000000000000e+03,6.707159759999999915e-01,2.745914341785420446e-02
1.884000000000000000e+03,6.708152080000000517e-01,2.744686924679632864e-02
1.884500000000000000e+03,6.708766360000000262e-01,2.742968917856864960e-02
1.885000000000000000e+03,6.709001139999999364e-01,2.740957036199045960e-02
1.885500000000000000e+03,6.708890339999999952e-01,2.738882540012359257e-02
1.886000000000000000e+03,6.708499680000000742e-01,2.736982046228735727e-02
1.886500000000000000e+03,6.707920439999999207e-01,2.735468941319467787e-02
1.887000000000000000e+03,6.707260460000000757e-01,2.734507573096911157e-02
1.887500000000000000e+03,6.706633739999998678e-01,2.734194890352525248e-02
1.888000000000000000e+03,6.706149260000000556e-01,2.734549558769882802e-02
1.888500000000000000e+03,6.705899920000000236e-01,2.735512150534253131e-02
1.889000000000000000e+03,6.705953200000001058e-01,2.736951533905103082e-02
1.889500000000000000e+03,6.706343880000000812e-01,2.738680240683629211e-02
1.890000000000000000e+03,6.707070500000000823e-01,2.740473636808881536e-02
1.890500000000000000e+03,6.708095119999999412e-01,2.742094948272459642e-02
1.891000000000000000e+03,6.709347379999999195e-01,2.743319327798468196e-02
1.891500000000000000e+03,6.710731840000000448e-01,2.743960470836299265e-02
1.892000000000000000e+03,6.712138100000000218e-01,2.743891972267457555e-02
1.892500000000000000e+03,6.713452739999999919e-01,2.743061981242432210e-02
1.893000000000000000e+03,6.714571499999999471e-01,2.741501130426047400e-02
1.893500000000000000e+03,6.715410619999999664e-01,2.739319101903617271e-02
1.894000000000000000e+03,6.715916180000001123e-01,2.736691061111929529e-02
1.894500000000000000e+03,6.716070379999999895e-01,2.733836807777987113e-02
1.895000000000000000e+03,6.715893960000000051e-01,2.730995138666886257e-02
1.895500000000000000e+03,6.715444879999999950e-01,2.728396542496167726e-02
1.896000000000000000e+03,6.714812660000000211e-01,2.726238623117014162e-02
1.896500000000000000e+03,6.714109699999999403e-01,2.724668730322073185e-02
1.897000000000000000e+03,6.713459299999999796e-01,2.723771075918073742e-02
1.897500000000000000e+03,6.712983040000000123e-01,2.723561917915169259e-02
1.898000000000000000e+03,6.712787259999999367e-01,2.723992146473509443e-02
1.898500000000000000e+03,6.712951059999999748e-01,2.724953733446470669e-02
1.899000000000000000e+03,6.713517119999999894e-01,2.726290698596894532e-02
1.899500000000000000e+03,6.714486120000000557e-01,2.727816566740794493e-02
1.900000000000000000e+03,6.715815579999999674e-01,2.729332152743586121e-02
1.900500000000000000e+03,6.717423700000001441e-01,2.730648906731713774e-02
1.901000000000000000e+03,6.719197399999999876e-01,2.731609684690017303e-02
1.901500000000000000e+03,6.721004040000000401e-01,2.732107658732037953e-02
1.902000000000000000e+03,6.722705119999999868e-01,2.732099266927399961e-02
1.902500000000000000e+03,6.724171020000000443e-01,2.731607597752051808e-02
1.903000000000000000e+03,6.725294779999999584e-01,2.730717478676535775e-02
1.903500000000000000e+03,6.726003240000000272e-01,2.729562781137221880e-02
1.904000000000000000e+03,6.726264939999999637e-01,2.728305199433552625e-02
1.904500000000000000e+03,6.726093380000000010e-01,2.727114731555337762e-02
1.905000000000000000e+03,6.725545379999999795e-01,2.726149354007817091e-02
1.905500000000000000e+03,6.724715319999999830e-01,2.725538037172667641e-02
1.906000000000000000e+03,6.723724799999999391e-01,2.725371108426281885e-02
1.906500000000000000e+03,6.722710119999999456e-01,2.725692069868189751e-02
1.907000000000000000e+03,6.721807359999999454e-01,2.726496092126606471e-02
1.907500000000000000e+03,6.721138260000000253e-01,2.727730655067992990e-02
1.908000000000000000e+03,6.720796919999999508e-01,2.729298824418121758e-02
1.908500000000000000e+03,6.720839679999999206e-01,2.731066442157190424e-02
1.909000000000000000e+03,6.721279119999999940e-01,2.732873783859480696e-02
1.909500000000000000e+03,6.722082540000000606e-01,2.734551234643749565e-02
1.910000000000000000e+03,6.723175899999999094e-01,2.735936750752344590e-02
1.910500000000000000e+03,6.724452000000000762e-01,2.736895927325900049e-02
1.911000000000000000e+03,6.725782660000000357e-01,2.737336428705623714e-02
1.911500000000000000e+03,6.727032900000000648e-01,2.737219789460009628e-02
1.912000000000000000e+03,6.728076119999999438e-01,2.736564348301083818e-02
1.912500000000000000e+03,6.728808219999999896e-01,2.735440606869419741e-02
1.913000000000000000e+03,6.729158760000000239e-01,2.733961283486336172e-02
1.913500000000000000e+03,6.729098980000000063e-01,2.732267409274089301e-02
1.914000000000000000e+03,6.728644420000000625e-01,2.730511411625107659e-02
1.914500000000000000e+03,6.727853280000000158e-01,2.728845253789877537e-02
1.915000000000000000e+03,6.726819780000000693e-01,2.727405599500951419e-02
1.915500000000000000e+03,6.725664140000000568e-01,2.726306476627372855e-02
1.916000000000000000e+03,6.724519219999999242e-01,2.725629397255933256e-02
1.916500000000000000e+03,6.723516860000000595e-01,2.725418318721212207e-02
1.917000000000000000e+03,6.722773440000000544e-01,2.725673896230921753e-02
1.917500000000000000e+03,6.722378140000000446e-01,2.726352160861736373e-02
1.918000000000000000e+03,6.722383579999998693e-01,2.727367212690277876e-02
1.918500000000000000e+03,6.722800740000000053e-01,2.728599053844015312e-02
1.919000000000000000e+03,6.723598699999999706e-01,2.729907132844483844e-02
1.919500000000000000e+03,6.724708320000000183e-01,2.731146391765413781e-02
1.920000000000000000e+03,6.726030459999999822e-01,2.732185371036739002e-02
1.920500000000000000e+03,6.727446699999999336e-01,2.732921304889330411e-02
1.921000000000000000e+03,6.728832200000001151e-01,2.733290617411070558e-02
1.921500000000000000e+03,6.730068519999999888e-01,2.733275073645963574e-02
1.922000000000000000e+03,6.731055479999999980e-01,2.732899357561312942e-02
1.922500000000000000e+03,6.731720520000000763e-01,2.732227957399554347e-02
1.923000000000000000e+03,6.732025220000000809e-01,2.731355672756597200e-02
1.923500000000000000e+03,6.731967719999999433e-01,2.730399677180875978e-02
1.924000000000000000e+03,6.731581500000001217e-01,2.729488780482655641e-02
1.924500000000000000e+03,6.730930459999999727e-01,2.728753610296880475e-02
1.925000000000000000e+03,6.730101499999999737e-01,2.728316199724456145e-02
1.925500000000000000e+03,6.729194580000000814e-01,2.728277478505556145e-02
1.926000000000000000e+03,6.728312320000000568e-01,2.728706336633376223e-02
1.926500000000000000e+03,6.727549440000000214e-01,2.729631394685965926e-02
1.927000000000000000e+03,6.726983439999999481e-01,2.731033755287008355e-02
1.927500000000000000e+03,6.726667539999999779e-01,2.732848197832503032e-02
1.928000000000000000e+03,6.726626540000000265e-01,2.734967054878405940e-02
1.928500000000000000e+03,6.726855300000000870e-01,2.737251282887139675e-02
1.929000000000000000e+03,6.727320620000000195e-01,2.739542359741884564e-02
1.929500000000000000e+03,6.727965519999999922e-01,2.741677311849780030e-02
1.930000000000000000e+03,6.728715619999999786e-01,2.743503153486129623e-02
1.930500000000000000e+03,6.729486919999999595e-01,2.744888680953553456e-02
1.931000000000000000e+03,6.730193979999998799e-01,2.745735704954818321e-02
1.931500000000000000e+03,6.730758119999998845e-01,2.745988231415919661e-02
1.932000000000000000e+03,6.731114699999999340e-01,2.745638912891587916e-02
1.932500000000000000e+03,6.731218820000000047e-01,2.744731640102732184e-02
1.933000000000000000e+03,6.731049399999999849e-01,2.743362898511661138e-02
1.933500000000000000e+03,6.730610839999999762e-01,2.741675002988603824e-02
1.934000000000000000e+03,6.729932739999999747e-01,2.739846435304387276e-02
1.934500000000000000e+03,6.729067119999998514e-01,2.738074526818241525e-02
1.935000000000000000e+03,6.728084179999999082e-01,2.736556518562541923e-02
1.935500000000000000e+03,6.727065840000000518e-01,2.735467953323755461e-02
1.936000000000000000e+03,6.726099079999999786e-01,2.734944758668763493e-02
1.936500000000000000e+03,6.725268480000000659e-01,2.735067882595920014e-02
1.937000000000000000e+03,6.724648720000000468e-01,2.735856325899799213e-02
1.937500000000000000e+03,6.724298579999999914e-01,2.737264767164284546e-02
1.938000000000000000e+03,6.724255219999999422e-01,2.739188929588782379e-02
1.938500000000000000e+03,6.724531019999998582e-01,2.741473777760848260e-02
1.939000000000000000e+03,6.725111299999999570e-01,2.743927062590696339e-02
1.939500000000000000e+03,6.725955200000001133e-01,2.746335424758873656e-02
1.940000000000000000e+03,6.726997960000000720e-01,2.748484362726219890e-02
1.940500000000000000e+03,6.728156180000001152e-01,2.750177744067833913e-02
1.941000000000000000e+03,6.729334679999999791e-01,2.751259381483930552e-02
1.941500000000000000e+03,6.730434879999999120e-01,2.751632933681769436e-02
1.942000000000000000e+03,6.731364159999999597e-01,2.751276060617228320e-02
1.942500000000000000e+03,6.732044800000001050e-01,2.750248015924854419e-02
1.943000000000000000e+03,6.732421920000000171e-01,2.748686333132073153e-02
1.943500000000000000e+03,6.732469500000000107e-01,2.746796059519708566e-02
1.944000000000000000e+03,6.732193559999999355e-01,2.744826672069779552e-02
1.944500000000000000e+03,6.731632199999999511e-01,2.743045933366372938e-02
1.945000000000000000e+03,6.730852300000000898e-01,2.741709373310234274e-02
1.945500000000000000e+03,6.729943459999999655e-01,2.741034158193664944e-02
1.946000000000000000e+03,6.729009019999999675e-01,2.741176578156729465e-02
1.946500000000000000e+03,6.728155639999999771e-01,2.742216283076237548e-02
1.947000000000000000e+03,6.727482080000000142e-01,2.744148400535117299e-02
1.947500000000000000e+03,6.727068640000000155e-01,2.746882090023206047e-02
1.948000000000000000e+03,6.726967999999999837e-01,2.750245805155005288e-02
1.948500000000000000e+03,6.727199019999999807e-01,2.753998471960023356e-02
1.949000000000000000e+03,6.727743719999998984e-01,2.757848192796829787e-02
1.949500000000000000e+03,6.728548880000000398e-01,2.761477407534513109e-02
1.950000000000000000e+03,6.729530879999999771e-01,2.764571889792909187e-02
1.950500000000000000e+03,6.730584860000000669e-01,2.766855875274723889e-02
1.951000000000000000e+03,6.731595880000000864e-01,2.768123230073623806e-02
1.951500000000000000e+03,6.732451779999999442e-01,2.768264950613440883e-02
1.952000000000000000e+03,6.733055719999999633e-01,2.767285252748231256e-02
1.952500000000000000e+03,6.733337160000000265e-01,2.765305006579899319e-02
1.953000000000000000e+03,6.733260199999999696e-01,2.762550020581202789e-02
1.953500000000000000e+03,6.732827959999999612e-01,2.759327968222327968e-02
1.954000000000000000e+03,6.732083180000000278e-01,2.755994275286204401e-02
1.954500000000000000e+03,6.731104060000000500e-01,2.752916400780172981e-02
1.955000000000000000e+03,6.729996679999999953e-01,2.750434997894067243e-02
1.955500000000000000e+03,6.728883839999999505e-01,2.748832346440022514e-02
1.956000000000000000e+03,6.727892399999999551e-01,2.748303830104887463e-02
1.956500000000000000e+03,6.727139519999999484e-01,2.748939375284536329e-02
1.957000000000000000e+03,6.726719820000000016e-01,2.750711657236568075e-02
1.957500000000000000e+03,6.726694820000000963e-01,2.753474735299588777e-02
1.958000000000000000e+03,6.727085859999999418e-01,2.756972303747111733e-02
1.958500000000000000e+03,6.727871239999998476e-01,2.760859364047588832e-02
1.959000000000000000e+03,6.728988340000000568e-01,2.764733693391202562e-02
1.959500000000000000e+03,6.730340220000000651e-01,2.768177986231365809e-02
1.960000000000000000e+03,6.731806079999999026e-01,2.770807635948793063e-02
1.960500000000000000e+03,6.733254580000000988e-01,2.772318071308708595e-02
1.961000000000000000e+03,6.734557719999999525e-01,2.772523649124571804e-02
1.961500000000000000e+03,6.735604899999999562e-01,2.771383760015218994e-02
1.962000000000000000e+03,6.736314259999999221e-01,2.769009461994065627e-02
1.962500000000000000e+03,6.736641399999999669e-01,2.765651523685819929e-02
1.963000000000000000e+03,6.736583539999999592e-01,2.761671697634941400e-02
1.963500000000000000e+03,6.736179399999999706e-01,2.757501264637769733e-02
1.964000000000000000e+03,6.735504759999999536e-01,2.753593245912122969e-02
1.964500000000000000e+03,6.734663999999999096e-01,2.750374042784634043e-02
1.965000000000000000e+03,6.733778360000000074e-01,2.748199761778109471e-02
1.965500000000000000e+03,6.732972740000000567e-01,2.747318751938198494e-02
1.966000000000000000e+03,6.732361879999999577e-01,2.747846513719522793e-02
1.966500000000000000e+03,6.732037679999999247e-01,2.749748993629844498e-02
1.967000000000000000e+03,6.732059059999999651e-01,2.752842406685236665e-02
1.967500000000000000e+03,6.732445799999999814e-01,2.756805994411903882e-02
1.968000000000000000e+03,6.733176419999999940e-01,2.761210766711397202e-02
1.968500000000000000e+03,6.734191340000000858e-01,2.765563416090645668e-02
1.969000000000000000e+03,6.735399839999999250e-01,2.769361575449197019e-02
1.969500000000000000e+03,6.736690659999999831e-01,2.772152676866727200e-02
1.970000000000000000e+03,6.737944579999999295e-01,2.773591274410405760e-02
1.970500000000000000e+03,6.739047380000000587e-01,2.773481743696096929e-02
1.971000000000000000e+03,6.739901980000000403e-01,2.771803991108126933e-02
1.971500000000000000e+03,6.740438239999999581e-01,2.768714448770956751e-02
1.972000000000000000e+03,6.740619519999999643e-01,2.764525925305682738e-02
1.972500000000000000e+03,6.740446220000000377e-01,2.759667231157397413e-02
1.973000000000000000e+03,6.739954780000000367e-01,2.754630500768413814e-02
1.973500000000000000e+03,6.739214020000000582e-01,2.749914778141940297e-02
1.974000000000000000e+03,6.738317659999999432e-01,2.745969471786540925e-02
1.974500000000000000e+03,6.737375199999999786e-01,2.743146134740965039e-02
1.975000000000000000e+03,6.736500800000000400e-01,2.741661117305637871e-02
1.975500000000000000e+03,6.735801900000000231e-01,2.741573290360117127e-02
1.976000000000000000e+03,6.735368659999999563e-01,2.742776917867903799e-02
1.976500000000000000e+03,6.735264860000000908e-01,2.745010922563126052e-02
1.977000000000000000e+03,6.735521580000000119e-01,2.747885769067110601e-02
1.977500000000000000e+03,6.736134379999999533e-01,2.750927048542662484e-02
1.978000000000000000e+03,6.737064060000000909e-01,2.753629693780892604e-02
1.978500000000000000e+03,6.738241199999999154e-01,2.755520161256728301e-02
1.979000000000000000e+03,6.739573720000000545e-01,2.756216088303862360e-02
1.979500000000000000e+03,6.740956620000000399e-01,2.755474878712022707e-02
1.980000000000000000e+03,6.742282720000000173e-01,2.753227092034189749e-02
1.980500000000000000e+03,6.743453500000000655e-01,2.749584133092021834e-02
1.981000000000000000e+03,6.744388540000000321e-01,2.744822482288255053e-02
1.981500000000000000e+03,6.745033339999999544e-01,2.739348554661902996e-02
1.982000000000000000e+03,6.745364359999999060e-01,2.733645421465110900e-02
1.982500000000000000e+03,6.745391139999999952e-01,2.728214842422193448e-02
1.983000000000000000e+03,6.745155499999999638e-01,2.723516249934483310e-02
1.983500000000000000e+03,6.744727359999999061e-01,2.719916408108704817e-02
1.984000000000000000e+03,6.744198100000000640e-01,2.717649812700616632e-02
1.984500000000000000e+03,6.743671140000000452e-01,2.716795783587286697e-02
1.985000000000000000e+03,6.743251420000000440e-01,2.717272984959395732e-02
1.985500000000000000e+03,6.743034020000000517e-01,2.718849113495036551e-02
1.986000000000000000e+03,6.743093440000000882e-01,2.721170834413075973e-02
1.986500000000000000e+03,6.743474780000000557e-01,2.723800979473214173e-02
1.987000000000000000e+03,6.744188180000000310e-01,2.726272109483670464e-02
1.987500000000000000e+03,6.745206620000000486e-01,2.728139444222589527e-02
1.988000000000000000e+03,6.746468580000000159e-01,2.729034163342159217e-02
1.988500000000000000e+03,6.747884199999999444e-01,2.728707233017972286e-02
1.989000000000000000e+03,6.749344940000001625e-01,2.727059427540305322e-02
1.989500000000000000e+03,6.750735239999999804e-01,2.724149665811822010e-02
1.990000000000000000e+03,6.751944860000000936e-01,2.720186420137719538e-02
1.990500000000000000e+03,6.752880680000000746e-01,2.715496748943670505e-02
1.991000000000000000e+03,6.753476600000001273e-01,2.710483534472216127e-02
1.991500000000000000e+03,6.753700420000001703e-01,2.705571028573513365e-02
1.992000000000000000e+03,6.753557719999999653e-01,2.701152038984689155e-02
1.992500000000000000e+03,6.753091640000000728e-01,2.697539381099089625e-02
1.993000000000000000e+03,6.752379099999999967e-01,2.694930390911850701e-02
1.993500000000000000e+03,6.751523280000000238e-01,2.693385535470096612e-02
1.994000000000000000e+03,6.750643519999999231e-01,2.692828853840983222e-02
1.994500000000000000e+03,6.749862999999999280e-01,2.693059147389450375e-02
1.995000000000000000e+03,6.749295520000000437e-01,2.693781164402361122e-02
1.995500000000000000e+03,6.749033100000000340e-01,2.694644007607554029e-02
1.996000000000000000e+03,6.749135559999999145e-01,2.695286336558299842e-02
1.996500000000000000e+03,6.749623519999999877e-01,2.695381498958976038e-02
1.997000000000000000e+03,6.750476040000000788e-01,2.694677608150362197e-02
1.997500000000000000e+03,6.751633139999999589e-01,2.693028168541123507e-02
1.998000000000000000e+03,6.753002800000000860e-01,2.690409550240167869e-02
1.998500000000000000e+03,6.754471779999999814e-01,2.686923283140129487e-02
1.999000000000000000e+03,6.755918760000000356e-01,2.682783158710717875e-02
1.999500000000000000e+03,6.757228140000000050e-01,2.678287908543396448e-02
2.000000000000000000e+03,6.758302860000000578e-01,2.673782509421597856e-02
2.000500000000000000e+03,6.759074919999999986e-01,2.669614220086852577e-02
2.001000000000000000e+03,6.759512699999998819e-01,2.666086799424953815e-02
2.001500000000000000e+03,6.759623820000000283e-01,2.663421648160959471e-02
2.002000000000000000e+03,6.759454259999999604e-01,2.661730022503268692e-02
2.002500000000000000e+03,6.759083240000000048e-01,2.661000975561745099e-02
2.003000000000000000e+03,6.758614179999999916e-01,2.661107201127425187e-02
2.003500000000000000e+03,6.758163379999999609e-01,2.661825193904390069e-02
2.004000000000000000e+03,6.757846680000000328e-01,2.662869488172512483e-02
2.004500000000000000e+03,6.757765880000000669e-01,2.663931969993442450e-02
2.005000000000000000e+03,6.757996519999999174e-01,2.664723269614602957e-02
2.005500000000000000e+03,6.758578579999999780e-01,2.665007971766003222e-02
2.006000000000000000e+03,6.759511059999999683e-01,2.664630781814181226e-02
2.006500000000000000e+03,6.760751720000000020e-01,2.663532261847683519e-02
2.007000000000000000e+03,6.762222019999999389e-01,2.661750588253234198e-02
2.007500000000000000e+03,6.763816160000000188e-01,2.659412285185180219e-02
2.008000000000000000e+03,6.765413860000000223e-01,2.656715556326806268e-02
2.008500000000000000e+03,6.766894319999999796e-01,2.653903161095903795e-02
2.009000000000000000e+03,6.768150019999999989e-01,2.651231729535281911e-02
2.009500000000000000e+03,6.769098880000000706e-01,2.648938960532979184e-02
2.010000000000000000e+03,6.769692839999998935e-01,2.647211047714076448e-02
2.010500000000000000e+03,6.769922779999999474e-01,2.646155411664579890e-02
2.011000000000000000e+03,6.769818819999999793e-01,2.645784083593053296e-02
2.011500000000000000e+03,6.769446700000000261e-01,2.646009236204721962e-02
2.012000000000000000e+03,6.768899939999999393e-01,2.646653290301613851e-02
2.012500000000000000e+03,6.768289439999999324e-01,2.647474473741428733e-02
2.013000000000000000e+03,6.767730979999999619e-01,2.648200746885258708e-02
2.013500000000000000e+03,6.767332219999999676e-01,2.648570168545726425e-02
2.014000000000000000e+03,6.767180440000000186e-01,2.648368163895619548e-02
2.014500000000000000e+03,6.767332840000001015e-01,2.647457553789325096e-02
2.015000000000000000e+03,6.767810380000000015e-01,2.645795452168825390e-02
2.015500000000000000e+03,6.768596099999999449e-01,2.643437681123711122e-02
2.016000000000000000e+03,6.769638040000000023e-01,2.640528660141952533e-02
2.016500000000000000e+03,6.770856559999999247e-01,2.637282917513355737e-02
2.017000000000000000e+03,6.772154779999999263e-01,2.633960474105360647e-02
2.017500000000000000e+03,6.773430700000000471e-01,2.630836579490485050e-02
2.018000000000000000e+03,6.774589579999998890e-01,2.628174676675456081e-02
2.018500000000000000e+03,6.775554759999999899e-01,2.626195929886356376e-02
2.019000000000000000e+03,6.776276200000000971e-01,2.625053710073795010e-02
2.019500000000000000e+03,6.776735240000000271e-01,2.624811320802937845e-02
2.020000000000000000e+03,6.776945919999999290e-01,2.625429520674385855e-02
2.020500000000000000e+03,6.776952359999999231e-01,2.626761651589606603e-02
2.021000000000000000e+03,6.776822980000000163e-01,2.628566858536536890e-02
2.021500000000000000e+03,6.776641820000000038e-01,2.630535095090416262e-02
2.022000000000000000e+03,6.776498679999999331e-01,2.632325833705496942e-02
2.022500000000000000e+03,6.776477880000000287e-01,2.633612329462071619e-02
2.023000000000000000e+03,6.776648359999999371e-01,2.634127226339259137e-02
2.023500000000000000e+03,6.777055140000000089e-01,2.633698545667129132e-02
2.024000000000000000e+03,6.777714299999999525e-01,2.632273941459988345e-02
2.024500000000000000e+03,6.778610860000000571e-01,2.629925551549103929e-02
2.025000000000000000e+03,6.779701379999999444e-01,2.626840125657239206e-02
2.025500000000000000e+03,6.780919300000001204e-01,2.623294063520005548e-02
2.026000000000000000e+03,6.782183719999999028e-01,2.619620363777341518e-02
2.026500000000000000e+03,6.783409079999999092e-01,2.616172476366541988e-02
2.027000000000000000e+03,6.784515379999999096e-01,2.613287472483507082e-02
2.027500000000000000e+03,6.785437259999999027e-01,2.611252770210853794e-02
2.028000000000000000e+03,6.786131060000000215e-01,2.610276445449382157e-02
2.028500000000000000e+03,6.786578739999999943e-01,2.610463219743760360e-02
2.029000000000000000e+03,6.786789239999999612e-01,2.611798972153572471e-02
2.029500000000000000e+03,6.786796240000000369e-01,2.614141969956463099e-02
2.030000000000000000e+03,6.786653639999999932e-01,2.617232472027859053e-02
2.030500000000000000e+03,6.786428580000001265e-01,2.620713211926658029e-02
2.031000000000000000e+03,6.786193160000000280e-01,2.624166914176509838e-02
2.031500000000000000e+03,6.786015860000000899e-01,2.627164904581296909e-02
2.032000000000000000e+03,6.785953040000001213e-01,2.629320967221968411e-02
2.032500000000000000e+03,6.786042580000000157e-01,2.630340509266117580e-02
2.033000000000000000e+03,6.786299259999999389e-01,2.630060521639313378e-02
2.033500000000000000e+03,6.786713699999999960e-01,2.628470056035773356e-02
2.034000000000000000e+03,6.787254099999999735e-01,2.625712292382526014e-02
2.034500000000000000e+03,6.787871299999999053e-01,2.622065666532913050e-02
2.035000000000000000e+03,6.788505619999999352e-01,2.617911655131115525e-02
2.035500000000000000e+03,6.789095660000000754e-01,2.613692302877071438e-02
2.036000000000000000e+03,6.789586499999999969e-01,2.609862964181818359e-02
2.036500000000000000e+03,6.789937040000000312e-01,2.606847116433346628e-02
2.037000000000000000e+03,6.790125419999999412e-01,2.604993907074168100e-02
2.037500000000000000e+03,6.790151620000000054e-01,2.604540763428735833e-02
2.038000000000000000e+03,6.790037159999998684e-01,2.605585203839198838e-02
2.038500000000000000e+03,6.789821839999998776e-01,2.608066213392014679e-02
2.039000000000000000e+03,6.789558760000000692e-01,2.611761485098295851e-02
2.039500000000000000e+03,6.789307239999999855e-01,2.616301348454850087e-02
2.040000000000000000e+03,6.789125220000000738e-01,2.621202329088206245e-02
2.040500000000000000e+03,6.789061980000000718e-01,2.625920205794255238e-02
2.041000000000000000e+03,6.789151620000000165e-01,2.629913123578865586e-02
2.041500000000000000e+03,6.789409020000000128e-01,2.632709562657632035e-02
2.042000000000000000e+03,6.789827259999999809e-01,2.633970405164445805e-02
2.042500000000000000e+03,6.790378639999999910e-01,2.633532254399033670e-02
2.043000000000000000e+03,6.791018020000000321e-01,2.631431249899631244e-02
2.043500000000000000e+03,6.791688580000000419e-01,2.627896506937238766e-02
2.044000000000000000e+03,6.792329120000000220e-01,2.623325468648129988e-02
2.044500000000000000e+03,6.792882160000000002e-01,2.618235458891035594e-02
2.045000000000000000e+03,6.793301360000000289e-01,2.613206116851856872e-02
2.045500000000000000e+03,6.793557380000000423e-01,2.608817362755360900e-02
2.046000000000000000e+03,6.793641540000000534e-01,2.605587754626825792e-02
2.046500000000000000e+03,6.793566699999999958e-01,2.603919724210022532e-02
2.047000000000000000e+03,6.793365060000000621e-01,2.604056837803748331e-02
2.047500000000000000e+03,6.793083660000001078e-01,2.606051730880810241e-02
2.048000000000000000e+03,6.792778200000000322e-01,2.609754284809684063e-02
2.048500000000000000e+03,6.792505759999999393e-01,2.614819881994160169e-02
2.049000000000000000e+03,6.792317779999998972e-01,2.620740235374146090e-02
2.049500000000000000e+03,6.792253320000000150e-01,2.626896744613012313e-02
2.050000000000000000e+03,6.792334659999998969e-01,2.632631009389268389e-02
2.050500000000000000e+03,6.792564319999998546e-01,2.637324072287484597e-02
2.051000000000000000e+03,6.792924320000000016e-01,2.640473776898178554e-02
2.051500000000000000e+03,6.793378419999999140e-01,2.641757983900785284e-02
2.052000000000000000e+03,6.793876020000000349e-01,2.641074806070539682e-02
2.052500000000000000e+03,6.794358220000000781e-01,2.638555328051210916e-02
2.053000000000000000e+03,6.794764779999999949e-01,2.634543745203396167e-02
2.053500000000000000e+03,6.795041800000000132e-01,2.629555656668403768e-02
2.054000000000000000e+03,6.795148459999998947e-01,2.624215321578024507e-02
2.054500000000000000e+03,6.795062480000000349e-01,2.619183542024295860e-02
2.055000000000000000e+03,6.794783439999999564e-01,2.615085431572524918e-02
2.055500000000000000e+03,6.794333299999999465e-01,2.612442803366056901e-02
2.056000000000000000e+03,6.793754260000000045e-01,2.611619093493356206e-02
2.056500000000000000e+03,6.793104119999999746e-01,2.612779413916899857e-02
2.057000000000000000e+03,6.792449899999999374e-01,2.615870110056631864e-02
2.057500000000000000e+03,6.791860259999998872e-01,2.620618889936756138e-02
2.058000000000000000e+03,6.791397740000000294e-01,2.626561325469932429e-02
2.058500000000000000e+03,6.791111860000000888e-01,2.633088086185526519e-02
2.059000000000000000e+03,6.791033479999999400e-01,2.639513179645128910e-02
2.059500000000000000e+03,6.791171519999998907e-01,2.645155914736073074e-02
2.060000000000000000e+03,6.791511599999999760e-01,2.649422730855930871e-02
2.060500000000000000e+03,6.792017840000000861e-01,2.651882543074666337e-02
2.061000000000000000e+03,6.792636599999999358e-01,2.652319481836643705e-02
2.061500000000000000e+03,6.793302640000000725e-01,2.650757918412631128e-02
2.062000000000000000e+03,6.793946360000000517e-01,2.647456226615023042e-02
2.062500000000000000e+03,6.794501939999999518e-01,2.642871712096230008e-02
2.063000000000000000e+03,6.794914800000000366e-01,2.637602059032389396e-02
2.063500000000000000e+03,6.795148200000000749e-01,2.632313539147986686e-02
2.064000000000000000e+03,6.795187400000000100e-01,2.627664781474474756e-02
2.064500000000000000e+03,6.795041480000000300e-01,2.624235505669399865e-02
2.065000000000000000e+03,6.794742380000000637e-01,2.622466485595981514e-02
2.065500000000000000e+03,6.794340859999999926e-01,2.622613746002003948e-02
2.066000000000000000e+03,6.793900619999999613e-01,2.624723906545398458e-02
2.066500000000000000e+03,6.793490600000000601e-01,2.628627554556864018e-02
2.067000000000000000e+03,6.793176620000000998e-01,2.633955423695024528e-02
2.067500000000000000e+03,6.793013460000001391e-01,2.640178529977179472e-02
2.068000000000000000e+03,6.793038379999999377e-01,2.646665477800649868e-02
2.068500000000000000e+03,6.793266239999999900e-01,2.652756389556617383e-02
2.069000000000000000e+03,6.793687979999999405e-01,2.657841178579400596e-02
2.069500000000000000e+03,6.794271199999999400e-01,2.661434120066416553e-02
2.070000000000000000e+03,6.794963800000000109e-01,2.663232417702272176e-02
2.070500000000000000e+03,6.795700080000000032e-01,2.663149172136822576e-02
2.071000000000000000e+03,6.796408080000000407e-01,2.661319661855381796e-02
2.071500000000000000e+03,6.797017960000000247e-01,2.658076033425634324e-02
2.072000000000000000e+03,6.797469680000000070e-01,2.653901791466996285e-02
2.072500000000000000e+03,6.797719880000000492e-01,2.649367461276905256e-02
2.073000000000000000e+03,6.797747000000000650e-01,2.645062392957034034e-02
2.073500000000000000e+03,6.797553400000000412e-01,2.641527964851044311e-02
2.074000000000000000e+03,6.797165480000000315e-01,2.639201185201773756e-02
2.074500000000000000e+03,6.796630820000000295e-01,2.638372847768380783e-02
2.075000000000000000e+03,6.796013100000000140e-01,2.639160298101406524e-02
2.075500000000000000e+03,6.795385240000000326e-01,2.641500250217716436e-02
2.076000000000000000e+03,6.794821479999999525e-01,2.645157448545405049e-02
2.076500000000000000e+03,6.794389100000000070e-01,2.649751666963000643e-02
2.077000000000000000e+03,6.794141080000000166e-01,2.654800415708070266e-02
2.077500000000000000e+03,6.794110159999999787e-01,2.659773353454812639e-02
2.078000000000000000e+03,6.794305360000000293e-01,2.664153764715480183e-02
2.078500000000000000e+03,6.794711060000000469e-01,2.667498711216044482e-02
2.079000000000000000e+03,6.795289019999998237e-01,2.669490169358531076e-02
2.079500000000000000e+03,6.795983359999999696e-01,2.669970029142547732e-02
2.080000000000000000e+03,6.796726980000000751e-01,2.668952713260977841e-02
2.080500000000000000e+03,6.797449980000001002e-01,2.666617383611969913e-02
2.081000000000000000e+03,6.798087539999999596e-01,2.663277266640343144e-02
2.081500000000000000e+03,6.798587620000000609e-01,2.659338298762368644e-02
2.082000000000000000e+03,6.798916440000000172e-01,2.655248847647853974e-02
2.082500000000000000e+03,6.799062660000000369e-01,2.651449017787209719e-02
2.083000000000000000e+03,6.799038079999999429e-01,2.648327334139426170e-02
2.083500000000000000e+03,6.798876640000000027e-01,2.646184672420192480e-02
2.084000000000000000e+03,6.798630460000000264e-01,2.645211439577006482e-02
2.084500000000000000e+03,6.798363939999999550e-01,2.645475042987320211e-02
2.085000000000000000e+03,6.798146500000000758e-01,2.646918520521458068e-02
2.085500000000000000e+03,6.798044219999999083e-01,2.649370836146752728e-02
2.086000000000000000e+03,6.798111679999999657e-01,2.652566729886137245e-02
2.086500000000000000e+03,6.798385140000000604e-01,2.656173698819877180e-02
2.087000000000000000e+03,6.798877260000000256e-01,2.659828335461793605e-02
2.087500000000000000e+03,6.799575040000001014e-01,2.663173667282526386e-02
2.088000000000000000e+03,6.800440779999999963e-01,2.665898421020695963e-02
2.088500000000000000e+03,6.801416319999999960e-01,2.667767182812667490e-02
2.089000000000000000e+03,6.802429759999999437e-01,2.668644244105358374e-02
2.089500000000000000e+03,6.803404439999999331e-01,2.668502154291290188e-02
2.090000000000000000e+03,6.804267619999999628e-01,2.667417634219647685e-02
2.090500000000000000e+03,6.804959339999999690e-01,2.665556897071184178e-02
2.091000000000000000e+03,6.805438959999999815e-01,2.663151266660864283e-02
2.091500000000000000e+03,6.805689639999998874e-01,2.660468921450363788e-02
2.092000000000000000e+03,6.805720060000000071e-01,2.657786836951311557e-02
2.092500000000000000e+03,6.805563019999999463e-01,2.655364617321139681e-02
2.093000000000000000e+03,6.805271919999998920e-01,2.653422826124369679e-02
2.093500000000000000e+03,6.804914960000000290e-01,2.652127774643307442e-02
2.094000000000000000e+03,6.804567400000000044e-01,2.651580304818524497e-02
2.094500000000000000e+03,6.804303419999999658e-01,2.651810370359300797e-02
2.095000000000000000e+03,6.804187780000000574e-01,2.652775012836848523e-02
2.095500000000000000e+03,6.804268159999999899e-01,2.654363624493479012e-02
2.096000000000000000e+03,6.804569600000001106e-01,2.656407223521931732e-02
2.096500000000000000e+03,6.805091219999999108e-01,2.658694158713378886e-02
2.097000000000000000e+03,6.805806460000000113e-01,2.660991261343178399e-02
2.097500000000000000e+03,6.806666139999999476e-01,2.663067659809541590e-02
2.098000000000000000e+03,6.807604539999999593e-01,2.664717637138400153e-02
2.098500000000000000e+03,6.808547560000000054e-01,2.665781322347607687e-02
2.099000000000000000e+03,6.809421759999999546e-01,2.666158165567632590e-02
2.099500000000000000e+03,6.810163339999999454e-01,2.665813556181801866e-02
2.100000000000000000e+03,6.810725359999999506e-01,2.664777122629068476e-02
2.100500000000000000e+03,6.811083120000001045e-01,2.663136233666002842e-02
2.101000000000000000e+03,6.811237040000001075e-01,2.661024075643522030e-02
2.101500000000000000e+03,6.811212379999999067e-01,2.658607161589230869e-02
2.102000000000000000e+03,6.811056519999999503e-01,2.656070765454138574e-02
2.102500000000000000e+03,6.810833840000000139e-01,2.653606058437773738e-02
2.103000000000000000e+03,6.810618920000000021e-01,2.651395682500470863e-02
2.103500000000000000e+03,6.810488359999999908e-01,2.649600713632123059e-02
2.104000000000000000e+03,6.810512359999999488e-01,2.648346264093644209e-02
2.104500000000000000e+03,6.810746659999999952e-01,2.647708281107524070e-02
2.105000000000000000e+03,6.811225939999999701e-01,2.647704070001054635e-02
2.105500000000000000e+03,6.811959379999998898e-01,2.648286451118409685e-02
2.106000000000000000e+03,6.812929260000000209e-01,2.649346440952666734e-02
2.106500000000000000e+03,6.814092359999998072e-01,2.650723727713689276e-02
2.107000000000000000e+03,6.815385079999999318e-01,2.652222251937390307e-02
2.107500000000000000e+03,6.816730320000000676e-01,2.653632123515227426e-02
2.108000000000000000e+03,6.818046459999999032e-01,2.654749986984717217e-02
2.108500000000000000e+03,6.819256499999999388e-01,2.655400218486510255e-02
2.109000000000000000e+03,6.820296559999998731e-01,2.655448416169434861e-02
2.109500000000000000e+03,6.821122739999999629e-01,2.654812580677561387e-02
2.110000000000000000e+03,6.821715339999998573e-01,2.653467836193621615e-02
2.110500000000000000e+03,6.822080560000000071e-01,2.651446583850646313e-02
2.111000000000000000e+03,6.822249060000000753e-01,2.648834994207672350e-02
2.111500000000000000e+03,6.822272120000000273e-01,2.645767909149465691e-02
2.112000000000000000e+03,6.822215540000000633e-01,2.642416912338069884e-02
2.112500000000000000e+03,6.822152040000000195e-01,2.638977326390709935e-02
2.113000000000000000e+03,6.822153220000000129e-01,2.635651108321556205e-02
2.113500000000000000e+03,6.822281679999999682e-01,2.632627590209948507e-02
2.114000000000000000e+03,6.822584060000000949e-01,2.630063555095154063e-02
2.114500000000000000e+03,6.823086179999999779e-01,2.628066641987401864e-02
2.115000000000000000e+03,6.823790520000000415e-01,2.626684309458037631e-02
2.115500000000000000e+03,6.824676359999999331e-01,2.625898995828107596e-02
2.116000000000000000e+03,6.825702200000000053e-01,2.625631746998728644e-02
2.116500000000000000e+03,6.826811239999999170e-01,2.625752420512900837e-02
2.117000000000000000e+03,6.827937880000000126e-01,2.626094252023760539e-02
2.117500000000000000e+03,6.829015240000000375e-01,2.626472377823391505e-02
2.118000000000000000e+03,6.829982780000000142e-01,2.626700182302682193e-02
2.118500000000000000e+03,6.830792980000000014e-01,2.626608002194377733e-02
2.119000000000000000e+03,6.831416260000000573e-01,2.626056005251745443e-02
2.119500000000000000e+03,6.831843920000000292e-01,2.624946113834022987e-02
2.120000000000000000e+03,6.832088439999999263e-01,2.623231780976714028e-02
2.120500000000000000e+03,6.832181760000001214e-01,2.620921454656083976e-02
2.121000000000000000e+03,6.832171160000000132e-01,2.618079288870575963e-02
2.121500000000000000e+03,6.832113739999999824e-01,2.614820009783437940e-02
2.122000000000000000e+03,6.832070199999999982e-01,2.611298483659901457e-02
2.122500000000000000e+03,6.832098340000000158e-01,2.607695011527395509e-02
2.123000000000000000e+03,6.832247220000000620e-01,2.604197346437024663e-02
2.123500000000000000e+03,6.832552460000000938e-01,2.600980760107185485e-02
2.124000000000000000e+03,6.833033040000000558e-01,2.598192650569171661e-02
2.124500000000000000e+03,6.833689859999999561e-01,2.595937822847623269e-02
2.125000000000000000e+03,6.834506280000001155e-01,2.594269091241449901e-02
2.125500000000000000e+03,6.835450399999999371e-01,2.593185657664449223e-02
2.126000000000000000e+03,6.836478759999999877e-01,2.592632392658755086e-02
2.126500000000000000e+03,6.837541240000000187e-01,2.592505927567064633e-02
2.127000000000000000e+03,6.838586479999999579e-01,2.592662972798574078e-02
2.127500000000000000e+03,6.839567379999998975e-01,2.592932621595274087e-02
2.128000000000000000e+03,6.840445800000001242e-01,2.593130475189187739e-02
2.128500000000000000e+03,6.841196139999999870e-01,2.593075463506694725e-02
2.129000000000000000e+03,6.841807380000000105e-01,2.592608271390248881e-02
2.129500000000000000e+03,6.842283300000000512e-01,2.591606990197644483e-02
2.130000000000000000e+03,6.842641019999999852e-01,2.590002514429133249e-02
2.130500000000000000e+03,6.842908220000001318e-01,2.587787000317055136e-02
2.131000000000000000e+03,6.843118980000000295e-01,2.585016673290202113e-02
2.131500000000000000e+03,6.843309840000000310e-01,2.581806115011516661e-02
2.132000000000000000e+03,6.843515460000000328e-01,2.578317872622276630e-02
2.132500000000000000e+03,6.843764979999999998e-01,2.574744338274897321e-02
2.133000000000000000e+03,6.844079419999999914e-01,2.571288632187963136e-02
2.133500000000000000e+03,6.844470000000000276e-01,2.568143985854355604e-02
2.134000000000000000e+03,6.844937559999999532e-01,2.565474459499949775e-02
2.134500000000000000e+03,6.845473220000000136e-01,2.563399286126283316e-02
2.135000000000000000e+03,6.846059579999999034e-01,2.561980072168719771e-02
2.135500000000000000e+03,6.846673220000000226e-01,2.561212812343469092e-02
2.136000000000000000e+03,6.847287260000000098e-01,2.561027448605610046e-02
2.136500000000000000e+03,6.847874499999999642e-01,2.561290663298679965e-02
2.137000000000000000e+03,6.848410420000000665e-01,2.561818500971397780e-02
2.137500000000000000e+03,6.848875980000000974e-01,2.562393427480710167e-02
2.138000000000000000e+03,6.849259700000001061e-01,2.562787842108667918e-02
2.138500000000000000e+03,6.849558800000000724e-01,2.562789428931824126e-02
2.139000000000000000e+03,6.849779340000000660e-01,2.562225153026185739e-02
2.139500000000000000e+03,6.849935019999999763e-01,2.560983681092060191e-02
2.140000000000000000e+03,6.850045540000000432e-01,2.559027717331986695e-02
2.140500000000000000e+03,6.850133880000000008e-01,2.556400564451107027e-02
2.141000000000000000e+03,6.850223399999999518e-01,2.553220580424594641e-02
2.141500000000000000e+03,6.850335640000000392e-01,2.549669350261981812e-02
2.142000000000000000e+03,6.850487839999999107e-01,2.545972982130693951e-02
2.142500000000000000e+03,6.850691740000000030e-01,2.542377928469971571e-02
2.143000000000000000e+03,6.850952939999999103e-01,2.539128356616273535e-02
2.143500000000000000e+03,6.851270819999999429e-01,2.536441935555403676e-02
2.144000000000000000e+03,6.851639200000000374e-01,2.534488171544108451e-02
2.144500000000000000e+03,6.852047340000000375e-01,2.533371091546294043e-02
2.145000000000000000e+03,6.852481320000000098e-01,2.533116200116477743e-02
2.145500000000000000e+03,6.852925780000000966e-01,2.533665180218518803e-02
2.146000000000000000e+03,6.853365740000000317e-01,2.534877704936368270e-02
2.146500000000000000e+03,6.853788619999999776e-01,2.536543765700985387e-02
2.147000000000000000e+03,6.854185720000000037e-01,2.538404203013171906e-02
2.147500000000000000e+03,6.854553620000001235e-01,2.540179438914038842e-02
2.148000000000000000e+03,6.854894400000000054e-01,2.541599646737719570e-02
2.148500000000000000e+03,6.855215059999999472e-01,2.542437397370318763e-02
2.149000000000000000e+03,6.855526059999998978e-01,2.542532762080375319e-02
2.149500000000000000e+03,6.855839099999999631e-01,2.541812249449888761e-02
2.150000000000000000e+03,6.856164599999999831e-01,2.540295982443227171e-02
2.150500000000000000e+03,6.856509619999999749e-01,2.538094740185272216e-02
2.151000000000000000e+03,6.856876200000000532e-01,2.535396440526213949e-02
2.151500000000000000e+03,6.857260800000000156e-01,2.532446952645722726e-02
2.152000000000000000e+03,6.857654720000000426e-01,2.529522526395986542e-02
2.152500000000000000e+03,6.858045160000000307e-01,2.526902458156737863e-02
2.153000000000000000e+03,6.858416960000000007e-01,2.524838124751973417e-02
2.153500000000000000e+03,6.858754499999999421e-01,2.523525330381270332e-02
2.154000000000000000e+03,6.859043960000000828e-01,2.523080169449586768e-02
2.154500000000000000e+03,6.859274659999999857e-01,2.523522515617081588e-02
2.155000000000000000e+03,6.859441040000000545e-01,2.524769480280479247e-02
2.155500000000000000e+03,6.859543479999999915e-01,2.526641404821217129e-02
2.156000000000000000e+03,6.859589000000000381e-01,2.528881165664076391e-02
2.156500000000000000e+03,6.859591179999998678e-01,2.531182726260440552e-02
2.157000000000000000e+03,6.859569139999999177e-01,2.533228415072071721e-02
2.157500000000000000e+03,6.859545639999999889e-01,2.534727051059119246e-02
2.158000000000000000e+03,6.859544379999999997e-01,2.535448691738514254e-02
2.158500000000000000e+03,6.859587019999999757e-01,2.535252550936776053e-02
2.159000000000000000e+03,6.859689839999999483e-01,2.534102383712122375e-02
2.159500000000000000e+03,6.859861379999999675e-01,2.532071232905255473e-02
2.160000000000000000e+03,6.860100539999999247e-01,2.529333533901027137e-02
2.160500000000000000e+03,6.860396760000000427e-01,2.526146404337455131e-02
2.161000000000000000e+03,6.860730900000000521e-01,2.522823229590789862e-02
2.161500000000000000e+03,6.861077819999999994e-01,2.519702241919060184e-02
2.162000000000000000e+03,6.861409540000000806e-01,2.517111102288288257e-02
2.162500000000000000e+03,6.861698979999999448e-01,2.515330116721727766e-02
2.163000000000000000e+03,6.861923479999999520e-01,2.514561654840370350e-02
2.163500000000000000e+03,6.862067920000000099e-01,2.514902239140407239e-02
2.164000000000000000e+03,6.862126859999999606e-01,2.516329873690342778e-02
2.164500000000000000e+03,6.862105759999999055e-01,2.518701664634333606e-02
2.165000000000000000e+03,6.862020839999999344e-01,2.521768107003112894e-02
2.165500000000000000e+03,6.861897999999999609e-01,2.525203200049790792e-02
2.166000000000000000e+03,6.861770299999999656e-01,2.528641475041745745e-02
2.166500000000000000e+03,6.861674680000000581e-01,2.531722439281691023e-02
2.167000000000000000e+03,6.861647640000000381e-01,2.534132671719549132e-02
2.167500000000000000e+03,6.861720620000000270e-01,2.535641309228306439e-02
2.168000000000000000e+03,6.861915979999999582e-01,2.536124346898184154e-02
2.168500000000000000e+03,6.862243239999999966e-01,2.535576679352660040e-02
2.169000000000000000e+03,6.862697079999999783e-01,2.534109814906318481e-02
2.169500000000000000e+03,6.863257220000000824e-01,2.531938159722142007e-02
2.170000000000000000e+03,6.863890159999999074e-01,2.529354532490939861e-02
2.170500000000000000e+03,6.864552760000000031e-01,2.526698896964942737e-02
2.171000000000000000e+03,6.865197060000000073e-01,2.524319818811824462e-02
2.171500000000000000e+03,6.865776300000000498e-01,2.522536632462112766e-02
2.172000000000000000e+03,6.866250419999999632e-01,2.521600090524076312e-02
2.172500000000000000e+03,6.866590880000000841e-01,2.521661108672404450e-02
2.173000000000000000e+03,6.866784339999998377e-01,2.522748605439760136e-02
2.173500000000000000e+03,6.866834299999999836e-01,2.524763270449310870e-02
2.174000000000000000e+03,6.866760720000000262e-01,2.527489263208202233e-02
2.174500000000000000e+03,6.866597800000000529e-01,2.530621388824352488e-02
2.175000000000000000e+03,6.866390100000000496e-01,2.533804041373898322e-02
2.175500000000000000e+03,6.866187539999999423e-01,2.536680005824909490e-02
2.176000000000000000e+03,6.866039400000000237e-01,2.538933787614183063e-02
2.176500000000000000e+03,6.865988859999999638e-01,2.540332152509520644e-02
2.177000000000000000e+03,6.866067699999999219e-01,2.540749951087021077e-02
2.177500000000000000e+03,6.866292339999999772e-01,2.540183233327875448e-02
2.178000000000000000e+03,6.866661460000000883e-01,2.538748390217875767e-02
2.178500000000000000e+03,6.867156059999999229e-01,2.536668043544653209e-02
2.179000000000000000e+03,6.867741059999999953e-01,2.534245959438182969e-02
2.179500000000000000e+03,6.868369479999999472e-01,2.531835277758534564e-02
2.180000000000000000e+03,6.868987819999998745e-01,2.529799625091173204e-02
2.180500000000000000e+03,6.869542479999999340e-01,2.528472455096978169e-02
2.181000000000000000e+03,6.869986359999999959e-01,2.528117761283255743e-02
2.181500000000000000e+03,6.870284319999999667e-01,2.528895499987482420e-02
2.182000000000000000e+03,6.870417300000000171e-01,2.530838905547072235e-02
2.182500000000000000e+03,6.870384219999999820e-01,2.533845114166302995e-02
2.183000000000000000e+03,6.870202100000000200e-01,2.537684172520233636e-02
2.183500000000000000e+03,6.869903580000000787e-01,2.542025990830354409e-02
2.184000000000000000e+03,6.869533019999999324e-01,2.546480076396208381e-02
2.184500000000000000e+03,6.869141860000000932e-01,2.550643497662984788e-02
2.185000000000000000e+03,6.868782759999999543e-01,2.554149364619669529e-02
2.185500000000000000e+03,6.868504579999999970e-01,2.556708130424851372e-02
2.186000000000000000e+03,6.868347679999999844e-01,2.558139100794157642e-02
2.186500000000000000e+03,6.868339740000000138e-01,2.558387139293573712e-02
2.187000000000000000e+03,6.868493659999999057e-01,2.557524864164463854e-02
2.187500000000000000e+03,6.868806039999999502e-01,2.555744468363289543e-02
2.188000000000000000e+03,6.869258159999999114e-01,2.553335491864564336e-02
2.188500000000000000e+03,6.869818000000000868e-01,2.550655935103810640e-02
2.189000000000000000e+03,6.870444079999999953e-01,2.548095509804907538e-02
2.189500000000000000e+03,6.871090279999999550e-01,2.546034103016718217e-02
2.190000000000000000e+03,6.871711100000000849e-01,2.544799698682079572e-02
2.190500000000000000e+03,6.872266519999999934e-01,2.544628530438684810e-02
2.191000000000000000e+03,6.872726119999998939e-01,2.545634487055563333e-02
2.191500000000000000e+03,6.873071600000000281e-01,2.547790804519024788e-02
2.192000000000000000e+03,6.873297959999999929e-01,2.550932740422660189e-02
2.192500000000000000e+03,6.873412859999999958e-01,2.554775219072582051e-02
2.193000000000000000e+03,6.873434819999999501e-01,2.558951958986244515e-02
2.193500000000000000e+03,6.873390499999999514e-01,2.563060363142136838e-02
2.194000000000000000e+03,6.873311579999999976e-01,2.566712078299771688e-02
2.194500000000000000e+03,6.873231300000000044e-01,2.569577434507918506e-02
2.195000000000000000e+03,6.873181360000001350e-01,2.571419982250304145e-02
2.195500000000000000e+03,6.873188919999998481e-01,2.572118672063350778e-02
2.196000000000000000e+03,6.873273940000000914e-01,2.571675718146470072e-02
2.196500000000000000e+03,6.873447200000000201e-01,2.570213606333606945e-02
2.197000000000000000e+03,6.873709060000000592e-01,2.567961375464018411e-02
2.197500000000000000e+03,6.874049139999999225e-01,2.565231918052665247e-02
2.198000000000000000e+03,6.874447399999998876e-01,2.562393744067077359e-02
2.198500000000000000e+03,6.874875999999999765e-01,2.559832024712383608e-02
2.199000000000000000e+03,6.875302380000000158e-01,2.557910597405592401e-02
2.199500000000000000e+03,6.875692639999999578e-01,2.556929658398536531e-02
2.200000000000000000e+03,6.876015019999999200e-01,2.557088714875833252e-02
2.200500000000000000e+03,6.876242740000000353e-01,2.558460283384337772e-02
2.201000000000000000e+03,6.876356340000000511e-01,2.560978457692461574e-02
2.201500000000000000e+03,6.876345180000000834e-01,2.564444678728073496e-02
2.202000000000000000e+03,6.876207979999999775e-01,2.568553923753312887e-02
2.202500000000000000e+03,6.875952840000000288e-01,2.572930861648338105e-02
2.203000000000000000e+03,6.875596780000000630e-01,2.577175256089065183e-02
2.203500000000000000e+03,6.875164719999999896e-01,2.580908149859489562e-02
2.204000000000000000e+03,6.874688099999999302e-01,2.583809068543977891e-02
2.204500000000000000e+03,6.874203140000000323e-01,2.585649034549634961e-02
2.205000000000000000e+03,6.873748020000000070e-01,2.586308352456091753e-02
2.205500000000000000e+03,6.873359980000000036e-01,2.585788088191767753e-02
2.206000000000000000e+03,6.873071980000000636e-01,2.584209514290557522e-02
2.206500000000000000e+03,6.872909460000000692e-01,2.581805348767264585e-02
2.207000000000000000e+03,6.872887560000000562e-01,2.578899853946884160e-02
2.207500000000000000e+03,6.873009760000000634e-01,2.575880241589319913e-02
2.208000000000000000e+03,6.873267119999999508e-01,2.573157260106236424e-02
2.208500000000000000e+03,6.873639279999999019e-01,2.571117747188708669e-02
2.209000000000000000e+03,6.874096119999999477e-01,2.570078540227854411e-02
2.209500000000000000e+03,6.874600140000000081e-01,2.570242632261837690e-02
2.210000000000000000e+03,6.875109760000001069e-01,2.571669319480296770e-02
2.210500000000000000e+03,6.875582199999998867e-01,2.574263134059706637e-02
2.211000000000000000e+03,6.875977200000000789e-01,2.577785120302253027e-02
2.211500000000000000e+03,6.876260379999999950e-01,2.581882300153618900e-02
2.212000000000000000e+03,6.876406580000000712e-01,2.586132152490536878e-02
2.212500000000000000e+03,6.876402899999999319e-01,2.590094892604187515e-02
2.213000000000000000e+03,6.876250859999999410e-01,2.593363225078481119e-02
2.213500000000000000e+03,6.875967219999999935e-01,2.595605349974942910e-02
2.214000000000000000e+03,6.875583400000000456e-01,2.596598156163463719e-02
2.214500000000000000e+03,6.875142739999999808e-01,2.596248437255621599e-02
2.215000000000000000e+03,6.874696100000000643e-01,2.594601140356972424e-02
2.215500000000000000e+03,6.874296419999998964e-01,2.591837268422234400e-02
2.216000000000000000e+03,6.873992580000000130e-01,2.588259268644920244e-02
2.216500000000000000e+03,6.873823439999999785e-01,2.584264428751372258e-02
2.217000000000000000e+03,6.873813360000000650e-01,2.580304834528113211e-02
2.217500000000000000e+03,6.873969120000000821e-01,2.576839708446033647e-02
2.218000000000000000e+03,6.874279039999999785e-01,2.574280367111293766e-02
2.218500000000000000e+03,6.874713499999999256e-01,2.572937145772492482e-02
2.219000000000000000e+03,6.875227740000000587e-01,2.572977634701214059e-02
2.219500000000000000e+03,6.875765879999999886e-01,2.574402605433333269e-02
2.220000000000000000e+03,6.876266080000000835e-01,2.577044212633718134e-02
2.220500000000000000e+03,6.876666739999999223e-01,2.580589141836405268e-02
2.221000000000000000e+03,6.876912980000000619e-01,2.584619515216375618e-02
2.221500000000000000e+03,6.876963039999999250e-01,2.588666865601473022e-02
2.222000000000000000e+03,6.876793680000000686e-01,2.592269428045153312e-02
2.222500000000000000e+03,6.876403679999999463e-01,2.595024557431844722e-02
2.223000000000000000e+03,6.875815480000000424e-01,2.596632700016029971e-02
2.223500000000000000e+03,6.875073499999999616e-01,2.596925981096784644e-02
2.224000000000000000e+03,6.874240240000000224e-01,2.595884668373396251e-02
2.224500000000000000e+03,6.873389779999999893e-01,2.593638452135385228e-02
2.225000000000000000e+03,6.872599980000000386e-01,2.590455826212317153e-02
2.225500000000000000e+03,6.871944059999999244e-01,2.586717177906750278e-02
2.226000000000000000e+03,6.871483079999999299e-01,2.582879754327994937e-02
2.226500000000000000e+03,6.871259619999999790e-01,2.579427437146399743e-02
2.227000000000000000e+03,6.871293599999999113e-01,2.576814584344573264e-02
2.227500000000000000e+03,6.871580319999999187e-01,2.575409825866756611e-02
2.228000000000000000e+03,6.872090899999999669e-01,2.575444912946304316e-02
2.228500000000000000e+03,6.872774839999999941e-01,2.576979509223669904e-02
2.229000000000000000e+03,6.873564699999999972e-01,2.579888247362566861e-02
2.229500000000000000e+03,6.874382580000000242e-01,2.583872560017741807e-02
2.230000000000000000e+03,6.875147860000000444e-01,2.588496349698462748e-02
2.230500000000000000e+03,6.875785500000001216e-01,2.593242009712765084e-02
2.231000000000000000e+03,6.876234240000000941e-01,2.597574544166665611e-02
2.231500000000000000e+03,6.876453559999999854e-01,2.601006845999421363e-02
2.232000000000000000e+03,6.876428420000000319e-01,2.603158608199650226e-02
2.232500000000000000e+03,6.876171199999999706e-01,2.603796222904587385e-02
2.233000000000000000e+03,6.875720520000000446e-01,2.602858820035719445e-02
2.233500000000000000e+03,6.875137140000000535e-01,2.600461022792316043e-02
2.234000000000000000e+03,6.874496940000000000e-01,2.596881077945976252e-02
2.234500000000000000e+03,6.873883119999999458e-01,2.592529187343806801e-02
2.235000000000000000e+03,6.873376920000000556e-01,2.587904383327587626e-02
2.235500000000000000e+03,6.873049559999999669e-01,2.583540949521558397e-02
2.236000000000000000e+03,6.872954599999999692e-01,2.579949660237191439e-02
2.236500000000000000e+03,6.873122480000001255e-01,2.577557098865849994e-02
2.237000000000000000e+03,6.873557120000000076e-01,2.576654284062113165e-02
2.237500000000000000e+03,6.874234720000000909e-01,2.577358185220253797e-02
2.238000000000000000e+03,6.875105699999999320e-01,2.579594408587461765e-02
2.238500000000000000e+03,6.876099019999999395e-01,2.583103948546967496e-02
2.239000000000000000e+03,6.877128900000000211e-01,2.587475074108193385e-02
2.239500000000000000e+03,6.878103740000000021e-01,2.592194462259005475e-02
2.240000000000000000e+03,6.878935680000000108e-01,2.596714028164409313e-02
2.240500000000000000e+03,6.879550539999998993e-01,2.600517484560325304e-02
2.241000000000000000e+03,6.879895579999999455e-01,2.603184765554154498e-02
2.241500000000000000e+03,6.879945680000000285e-01,2.604439136389874107e-02
2.242000000000000000e+03,6.879705819999999417e-01,2.604176419339009063e-02
2.242500000000000000e+03,6.879210580000000297e-01,2.602471468917833333e-02
2.243000000000000000e+03,6.878520439999998848e-01,2.599566381673868234e-02
2.243500000000000000e+03,6.877715359999999611e-01,2.595839331050915633e-02
2.244000000000000000e+03,6.876886719999999453e-01,2.591761516811304927e-02
2.244500000000000000e+03,6.876128700000000427e-01,2.587845418381069448e-02
2.245000000000000000e+03,6.875528720000000371e-01,2.584589346717064071e-02
2.245500000000000000e+03,6.875159539999999847e-01,2.582422877004937611e-02
2.246000000000000000e+03,6.875071480000001234e-01,2.581657306735449936e-02
2.246500000000000000e+03,6.875287840000000594e-01,2.582450245311003825e-02
2.247000000000000000e+03,6.875801839999999832e-01,2.584783045913343832e-02
2.247500000000000000e+03,6.876577059999999797e-01,2.588460114917102636e-02
2.248000000000000000e+03,6.877550720000000783e-01,2.593129806501236201e-02
2.248500000000000000e+03,6.878640240000000183e-01,2.598323041289488447e-02
2.249000000000000000e+03,6.879751720000000237e-01,2.603509651647777784e-02
2.249500000000000000e+03,6.880789899999999459e-01,2.608160631630574919e-02
2.250000000000000000e+03,6.881668519999999400e-01,2.611810687206393353e-02
2.250500000000000000e+03,6.882319380000000431e-01,2.614112537535548050e-02
2.251000000000000000e+03,6.882699560000000716e-01,2.614875016445310230e-02
2.251500000000000000e+03,6.882795739999999496e-01,2.614080490697304193e-02
2.252000000000000000e+03,6.882625619999999111e-01,2.611884481606784741e-02
2.252500000000000000e+03,6.882235800000000570e-01,2.608594007642526733e-02
2.253000000000000000e+03,6.881697219999999282e-01,2.604631922129678478e-02
2.253500000000000000e+03,6.881097880000000000e-01,2.600488837212254489e-02
2.254000000000000000e+03,6.880533979999999827e-01,2.596669855125548904e-02
2.254500000000000000e+03,6.880100260000000523e-01,2.593641138840097060e-02
2.255000000000000000e+03,6.879880019999999874e-01,2.591777647759032147e-02
2.255500000000000000e+03,6.879936160000000855e-01,2.591323859177767364e-02
2.256000000000000000e+03,6.880303860000001048e-01,2.592365598973445789e-02
2.256500000000000000e+03,6.880986319999999878e-01,2.594819563007136343e-02
2.257000000000000000e+03,6.881953359999999353e-01,2.598442389680202455e-02
2.257500000000000000e+03,6.883143760000000055e-01,2.602858806828803329e-02
2.258000000000000000e+03,6.884471320000000727e-01,2.607605418317377258e-02
2.258500000000000000e+03,6.885833540000000363e-01,2.612187048701251901e-02
2.259000000000000000e+03,6.887122280000000929e-01,2.616134007183832863e-02
2.259500000000000000e+03,6.888235360000000140e-01,2.619058697535806349e-02
2.260000000000000000e+03,6.889087540000000676e-01,2.620697848669578667e-02
2.260500000000000000e+03,6.889619619999999278e-01,2.620940774398276482e-02
2.261000000000000000e+03,6.889804899999999455e-01,2.619836956588920268e-02
2.261500000000000000e+03,6.889651800000000659e-01,2.617586317262698622e-02
2.262000000000000000e+03,6.889203239999999173e-01,2.614513626999228485e-02
2.262500000000000000e+03,6.888532019999999978e-01,2.611029879412266747e-02
2.263000000000000000e+03,6.887733099999999720e-01,2.607586473808298430e-02
2.263500000000000000e+03,6.886913740000000228e-01,2.604626991839648770e-02
2.264000000000000000e+03,6.886182520000000418e-01,2.602540364724384783e-02
2.264500000000000000e+03,6.885637780000000152e-01,2.601619682933909578e-02
2.265000000000000000e+03,6.885357720000000459e-01,2.602030014792785714e-02
2.265500000000000000e+03,6.885392200000000074e-01,2.603791050282453293e-02
2.266000000000000000e+03,6.885757800000000817e-01,2.606771664684827752e-02
2.266500000000000000e+03,6.886436420000000558e-01,2.610702992926854787e-02
2.267000000000000000e+03,6.887377180000000543e-01,2.615207577971916802e-02
2.267500000000000000e+03,6.888502440000000560e-01,2.619841154015175103e-02
2.268000000000000000e+03,6.889715920000000215e-01,2.624142603506741944e-02
2.268500000000000000e+03,6.890913760000000332e-01,2.627688467963992455e-02
2.269000000000000000e+03,6.891995480000000507e-01,2.630139883572115214e-02
2.269500000000000000e+03,6.892875339999999795e-01,2.631279438528843009e-02
2.270000000000000000e+03,6.893491679999999011e-01,2.631033883687899227e-02
2.270500000000000000e+03,6.893813559999999452e-01,2.629478975113559713e-02
2.271000000000000000e+03,6.893844039999998952e-01,2.626826003117918931e-02
2.271500000000000000e+03,6.893619859999999822e-01,2.623397794322615204e-02
2.272000000000000000e+03,6.893206840000000168e-01,2.619591973833322943e-02
2.272500000000000000e+03,6.892692840000000931e-01,2.615837861089609709e-02
2.273000000000000000e+03,6.892177780000000586e-01,2.612551529713250109e-02
2.273500000000000000e+03,6.891762619999999284e-01,2.610093643043279871e-02
2.274000000000000000e+03,6.891538699999999462e-01,2.608730427940917501e-02
2.274500000000000000e+03,6.891577540000000113e-01,2.608607138040520274e-02
2.275000000000000000e+03,6.891923799999999378e-01,2.609730548223418087e-02
2.275500000000000000e+03,6.892590259999999969e-01,2.611968987613378160e-02
2.276000000000000000e+03,6.893556820000000807e-01,2.615065519584193129e-02
2.276500000000000000e+03,6.894772540000000394e-01,2.618668559715960423e-02
2.277000000000000000e+03,6.896160959999999562e-01,2.622371928207601482e-02
2.277500000000000000e+03,6.897627940000000679e-01,2.625762554432418613e-02
2.278000000000000000e+03,6.899071240000000937e-01,2.628469965805668371e-02
2.278500000000000000e+03,6.900391260000000582e-01,2.630206702126063056e-02
2.279000000000000000e+03,6.901500940000000472e-01,2.630799997749080563e-02
2.279500000000000000e+03,6.902334919999999485e-01,2.630208813041320925e-02
2.280000000000000000e+03,6.902855920000000589e-01,2.628524366471582732e-02
2.280500000000000000e+03,6.903058140000000176e-01,2.625956731962135818e-02
2.281000000000000000e+03,6.902967439999999621e-01,2.622809036327284141e-02
2.281500000000000000e+03,6.902637659999999453e-01,2.619443263170889019e-02
2.282000000000000000e+03,6.902144620000000286e-01,2.616241857537398435e-02
2.282500000000000000e+03,6.901577420000000185e-01,2.613566810098306992e-02
2.283000000000000000e+03,6.901029080000000704e-01,2.611722470071609070e-02
2.283500000000000000e+03,6.900586880000000312e-01,2.610923515211914514e-02
2.284000000000000000e+03,6.900324099999999294e-01,2.611272317042997657e-02
2.284500000000000000e+03,6.900293400000000466e-01,2.612745764913934621e-02
2.285000000000000000e+03,6.900522419999999268e-01,2.615199738586833356e-02
2.285500000000000000e+03,6.901012420000001146e-01,2.618382795095923476e-02
2.286000000000000000e+03,6.901738660000000802e-01,2.621965275787944971e-02
2.286500000000000000e+03,6.902653300000000103e-01,2.625575820914185718e-02
2.287000000000000000e+03,6.903690580000000354e-01,2.628843389917197293e-02
2.287500000000000000e+03,6.904772799999999711e-01,2.631437510047539632e-02
2.288000000000000000e+03,6.905818179999999584e-01,2.633102674137762639e-02
2.288500000000000000e+03,6.906748540000000602e-01,2.633684426463629366e-02
2.289000000000000000e+03,6.907497339999999486e-01,2.633141566219610041e-02
2.289500000000000000e+03,6.908016339999999422e-01,2.631546788792279296e-02
2.290000000000000000e+03,6.908280920000000602e-01,2.629077395468633685e-02
2.290500000000000000e+03,6.908292620000000550e-01,2.625993074137770306e-02
2.291000000000000000e+03,6.908079220000000742e-01,2.622608811414569446e-02
2.291500000000000000e+03,6.907692140000000203e-01,2.619262881722729877e-02
2.292000000000000000e+03,6.907201159999999396e-01,2.616282751210724858e-02
2.292500000000000000e+03,6.906687839999998690e-01,2.613951358632915153e-02
2.293000000000000000e+03,6.906237280000000478e-01,2.612480207485033679e-02
2.293500000000000000e+03,6.905930460000000437e-01,2.611987213939217373e-02
2.294000000000000000e+03,6.905836439999999410e-01,2.612485703431668624e-02
2.294500000000000000e+03,6.906006000000000089e-01,2.613883608508726919e-02
2.295000000000000000e+03,6.906466420000000328e-01,2.615995475270311080e-02
2.295500000000000000e+03,6.907218640000000187e-01,2.618562077159593271e-02
2.296000000000000000e+03,6.908235740000000513e-01,2.621279862912554923e-02
2.296500000000000000e+03,6.909464440000000485e-01,2.623833182680743517e-02
2.297000000000000000e+03,6.910829000000000555e-01,2.625927680995100363e-02
2.297500000000000000e+03,6.912237420000000299e-01,2.627320522670567246e-02
2.298000000000000000e+03,6.913589960000000589e-01,2.627844717621813722e-02
2.298500000000000000e+03,6.914789219999999403e-01,2.627424945615449217e-02
2.299000000000000000e+03,6.915750119999999335e-01,2.626085461941736129e-02
2.299500000000000000e+03,6.916409439999999798e-01,2.623945757803056861e-02
2.300000000000000000e+03,6.916732740000000046e-01,2.621210333401606876e-02
2.300500000000000000e+03,6.916718859999999580e-01,2.618146353724092740e-02
2.301000000000000000e+03,6.916400260000001854e-01,2.615058696754981454e-02
2.301500000000000000e+03,6.915840020000000310e-01,2.612258113971958201e-02
2.302000000000000000e+03,6.915125560000000560e-01,2.610031195331860565e-02
2.302500000000000000e+03,6.914359620000001261e-01,2.608610317564533099e-02
2.303000000000000000e+03,6.913649680000000242e-01,2.608149789030787119e-02
2.303500000000000000e+03,6.913096999999999159e-01,2.608708064986555927e-02
2.304000000000000000e+03,6.912785900000000261e-01,2.610239986614486252e-02
2.304500000000000000e+03,6.912774699999999495e-01,2.612600325713828123e-02
2.305000000000000000e+03,6.913088860000000668e-01,2.615555172974096121e-02
2.305500000000000000e+03,6.913717780000000479e-01,2.618806292761138160e-02
2.306000000000000000e+03,6.914614639999999701e-01,2.622020273619476982e-02
2.306500000000000000e+03,6.915700659999999278e-01,2.624862504189860724e-02
2.307000000000000000e+03,6.916873119999999986e-01,2.627031622729338392e-02
2.307500000000000000e+03,6.918016080000000123e-01,2.628291372650383775e-02
2.308000000000000000e+03,6.919013480000000271e-01,2.628494966696939134e-02
2.308500000000000000e+03,6.919762360000000223e-01,2.627601306873525791e-02
2.309000000000000000e+03,6.920185180000000269e-01,2.625680356225189305e-02
2.309500000000000000e+03,6.920239319999998973e-01,2.622907003078881263e-02
2.310000000000000000e+03,6.919922520000000299e-01,2.619544314803480892e-02
2.310500000000000000e+03,6.919274180000000163e-01,2.615917165057092195e-02
2.311000000000000000e+03,6.918371500000001229e-01,2.612380123093268822e-02
2.311500000000000000e+03,6.917321459999999922e-01,2.609279934432419748e-02
2.312000000000000000e+03,6.916249640000000642e-01,2.606918353119859130e-02
2.312500000000000000e+03,6.915286520000000214e-01,2.605518313467387534e-02
2.313000000000000000e+03,6.914553639999999612e-01,2.605197038582084471e-02
2.313500000000000000e+03,6.914150159999998824e-01,2.605950620849051963e-02
2.314000000000000000e+03,6.914141940000000375e-01,2.607651502877246161e-02
2.314500000000000000e+03,6.914553860000000052e-01,2.610060774364124717e-02
2.315000000000000000e+03,6.915366560000000273e-01,2.612853716397409848e-02
2.315500000000000000e+03,6.916518019999999822e-01,2.615656700998841844e-02
2.316000000000000000e+03,6.917909599999999548e-01,2.618088156133670588e-02
2.316500000000000000e+03,6.919416700000000642e-01,2.619804035693452243e-02
2.317000000000000000e+03,6.920902219999998106e-01,2.620535733809965795e-02
2.317500000000000000e+03,6.922231799999999380e-01,2.620121965309211987e-02
2.318000000000000000e+03,6.923288619999999893e-01,2.618528032973935563e-02
2.318500000000000000e+03,6.923986560000000567e-01,2.615850377290081588e-02
2.319000000000000000e+03,6.924279540000001232e-01,2.612307975534310100e-02
2.319500000000000000e+03,6.924166560000000192e-01,2.608220987395462945e-02
2.320000000000000000e+03,6.923691240000000580e-01,2.603977037475535203e-02
2.320500000000000000e+03,6.922936600000000329e-01,2.599990528506132895e-02
2.321000000000000000e+03,6.922015239999999014e-01,2.596655917332494137e-02
2.321500000000000000e+03,6.921056320000000817e-01,2.594302584405149686e-02
2.322000000000000000e+03,6.920191079999999939e-01,2.593154212810210024e-02
2.322500000000000000e+03,6.919537959999999543e-01,2.593299538452020769e-02
2.323000000000000000e+03,6.919189579999999173e-01,2.594678436501050151e-02
2.323500000000000000e+03,6.919202640000000626e-01,2.597086708124656321e-02
2.324000000000000000e+03,6.919591960000001096e-01,2.600198750107664963e-02
2.324500000000000000e+03,6.920329179999999969e-01,2.603606459687607746e-02
2.325000000000000000e+03,6.921346039999999311e-01,2.606866394217561070e-02
2.325500000000000000e+03,6.922542459999998510e-01,2.609553355827133603e-02
2.326000000000000000e+03,6.923797740000000589e-01,2.611307684033321169e-02
2.326500000000000000e+03,6.924984020000000129e-01,2.611877721636588975e-02
2.327000000000000000e+03,6.925980839999998917e-01,2.611145822776115080e-02
2.327500000000000000e+03,6.926688000000000844e-01,2.609139921780968818e-02
2.328000000000000000e+03,6.927036999999999223e-01,2.606031203671800925e-02
2.328500000000000000e+03,6.926998159999999682e-01,2.602113987580397317e-02
2.329000000000000000e+03,6.926583880000000137e-01,2.597775245307749892e-02
2.329500000000000000e+03,6.925847119999999357e-01,2.593453116372135617e-02
2.330000000000000000e+03,6.924875280000000188e-01,2.589589241468044298e-02
2.330500000000000000e+03,6.923780680000000132e-01,2.586578786416167397e-02
2.331000000000000000e+03,6.922688279999998917e-01,2.584723127020733396e-02
2.331500000000000000e+03,6.921722260000000571e-01,2.584192379937504114e-02
2.332000000000000000e+03,6.920993220000000168e-01,2.585001611546371841e-02
2.332500000000000000e+03,6.920586720000001524e-01,2.587005514070840617e-02
2.333000000000000000e+03,6.920554960000000477e-01,2.589914013303560789e-02
2.333500000000000000e+03,6.920911880000000238e-01,2.593326639059750915e-02
2.334000000000000000e+03,6.921632380000000140e-01,2.596780390347119133e-02
2.334500000000000000e+03,6.922655199999999676e-01,2.599806764418925026e-02
2.335000000000000000e+03,6.923890059999999735e-01,2.601987586123818974e-02
2.335500000000000000e+03,6.925227200000000360e-01,2.603003444085216431e-02
2.336000000000000000e+03,6.926549080000000691e-01,2.602669784308767054e-02
2.336500000000000000e+03,6.927743219999999980e-01,2.600956223279323257e-02
2.337000000000000000e+03,6.928713780000000932e-01,2.597989164814133375e-02
2.337500000000000000e+03,6.929392159999999690e-01,2.594036289172696810e-02
2.338000000000000000e+03,6.929743820000000554e-01,2.589478696905718469e-02
2.338500000000000000e+03,6.929771760000000835e-01,2.584769944624368265e-02
2.339000000000000000e+03,6.929515420000000869e-01,2.580389833834402860e-02
2.339500000000000000e+03,6.929045560000000048e-01,2.576790998595415022e-02
2.340000000000000000e+03,6.928455760000000740e-01,2.574349687928169025e-02
2.340500000000000000e+03,6.927851420000000759e-01,2.573319813857021313e-02
2.341000000000000000e+03,6.927337540000000349e-01,2.573801408869041615e-02
2.341500000000000000e+03,6.927007360000000391e-01,2.575723959103548219e-02
2.342000000000000000e+03,6.926932040000000068e-01,2.578852664622131169e-02
2.342500000000000000e+03,6.927153059999999751e-01,2.582814066581382711e-02
2.343000000000000000e+03,6.927677919999999379e-01,2.587142426893991945e-02
2.343500000000000000e+03,6.928479179999998960e-01,2.591336507105579043e-02
2.344000000000000000e+03,6.929497439999999786e-01,2.594921191822625525e-02
2.344500000000000000e+03,6.930647540000001161e-01,2.597503738527695560e-02
2.345000000000000000e+03,6.931827799999998874e-01,2.598818132687106403e-02
2.345500000000000000e+03,6.932930880000001128e-01,2.598751029841207122e-02
2.346000000000000000e+03,6.933855899999999961e-01,2.597348514411899553e-02
2.346500000000000000e+03,6.934519919999999615e-01,2.594805783900490728e-02
2.347000000000000000e+03,6.934867220000000554e-01,2.591439887686560958e-02
2.347500000000000000e+03,6.934875940000000405e-01,2.587653563396278070e-02
2.348000000000000000e+03,6.934560599999999297e-01,2.583890788194946608e-02
2.348500000000000000e+03,6.933970400000000200e-01,2.580588825232586758e-02
2.349000000000000000e+03,6.933183539999999700e-01,2.578132474709214292e-02
2.349500000000000000e+03,6.932298240000001055e-01,2.576811257404888061e-02
2.350000000000000000e+03,6.931422019999999851e-01,2.576785037767185399e-02
2.350500000000000000e+03,6.930659740000001401e-01,2.578064061571813323e-02
2.351000000000000000e+03,6.930102839999999764e-01,2.580505238541060814e-02
2.351500000000000000e+03,6.929819739999999451e-01,2.583826299901302928e-02
2.352000000000000000e+03,6.929848859999999666e-01,2.587640070000531839e-02
2.352500000000000000e+03,6.930195300000000502e-01,2.591502497282146059e-02
2.353000000000000000e+03,6.930830279999999899e-01,2.594969707942685472e-02
2.353500000000000000e+03,6.931694640000000129e-01,2.597652069046423040e-02
2.354000000000000000e+03,6.932705699999999194e-01,2.599262484685915114e-02
2.354500000000000000e+03,6.933766540000000367e-01,2.599647365852656225e-02
2.355000000000000000e+03,6.934777399999999536e-01,2.598798837173299861e-02
2.355500000000000000e+03,6.935647259999999648e-01,2.596851502331288045e-02
2.356000000000000000e+03,6.936304939999999863e-01,2.594060680978985470e-02
2.356500000000000000e+03,6.936707240000000718e-01,2.590770884514926459e-02
2.357000000000000000e+03,6.936844159999999704e-01,2.587378585474236700e-02
2.357500000000000000e+03,6.936739599999999228e-01,2.584289746314583774e-02
2.358000000000000000e+03,6.936448139999999984e-01,2.581878686498390377e-02
2.358500000000000000e+03,6.936047619999999858e-01,2.580449204911391958e-02
2.359000000000000000e+03,6.935629460000000135e-01,2.580199643525081521e-02
2.359500000000000000e+03,6.935287119999999916e-01,2.581199448898930521e-02
2.360000000000000000e+03,6.935104979999999752e-01,2.583376272889053790e-02
2.360500000000000000e+03,6.935148040000000957e-01,2.586521334298436808e-02
2.361000000000000000e+03,6.935454439999999554e-01,2.590312048358374072e-02
2.361500000000000000e+03,6.936030480000000553e-01,2.594352091422699735e-02
2.362000000000000000e+03,6.936849959999999982e-01,2.598222504637634142e-02
2.362500000000000000e+03,6.937856740000001299e-01,2.601538516198840731e-02
2.363000000000000000e+03,6.938970760000000570e-01,2.603998699498996303e-02
2.363500000000000000e+03,6.940097160000000542e-01,2.605422251603406111e-02
2.364000000000000000e+03,6.941136999999999446e-01,2.605767490438948980e-02
2.364500000000000000e+03,6.941999020000000353e-01,2.605130837378793682e-02
2.365000000000000000e+03,6.942610219999999499e-01,2.603727149316231726e-02
2.365500000000000000e+03,6.942924740000000483e-01,2.601859652384165555e-02
2.366000000000000000e+03,6.942929240000000890e-01,2.599879686021885211e-02
2.366500000000000000e+03,6.942644399999998717e-01,2.598147677304698047e-02
2.367000000000000000e+03,6.942122439999999228e-01,2.596991517997750132e-02
2.367500000000000000e+03,6.941440580000000082e-01,2.596672462810382248e-02
2.368000000000000000e+03,6.940691720000000675e-01,2.597354441368263100e-02
2.368500000000000000e+03,6.939973600000000076e-01,2.599083802422402084e-02
2.369000000000000000e+03,6.939377600000000701e-01,2.601779693394215554e-02
2.369500000000000000e+03,6.938978299999999377e-01,2.605239233811378063e-02
2.370000000000000000e+03,6.938825640000000350e-01,2.609160202944571863e-02
2.370500000000000000e+03,6.938939680000000276e-01,2.613175141657087669e-02
2.371000000000000000e+03,6.939309019999999606e-01,2.616901583082528043e-02
2.371500000000000000e+03,6.939892840000000396e-01,2.619992484896294799e-02
2.372000000000000000e+03,6.940626160000000766e-01,2.622185061778032136e-02
2.372500000000000000e+03,6.941427599999998588e-01,2.623335450163283636e-02
2.373000000000000000e+03,6.942209240000000170e-01,2.623436154303904200e-02
2.373500000000000000e+03,6.942886839999999893e-01,2.622613200657343893e-02
2.374000000000000000e+03,6.943389919999999327e-01,2.621104213704873384e-02
2.374500000000000000e+03,6.943670080000000633e-01,2.619225700403240639e-02
2.375000000000000000e+03,6.943706560000000305e-01,2.617331702388533965e-02
2.375500000000000000e+03,6.943508879999999994e-01,2.615773423539457729e-02
2.376000000000000000e+03,6.943115579999999953e-01,2.614860413940817141e-02
2.376500000000000000e+03,6.942589819999999134e-01,2.614829692611439493e-02
2.377000000000000000e+03,6.942011940000000214e-01,2.615820264827872776e-02
2.377500000000000000e+03,6.941470259999998893e-01,2.617856801835397387e-02
2.378000000000000000e+03,6.941050979999999759e-01,2.620843685038090620e-02
2.378500000000000000e+03,6.940828559999999703e-01,2.624569531216358956e-02
2.379000000000000000e+03,6.940857359999998977e-01,2.628726374272940050e-02
2.379500000000000000e+03,6.941165679999998783e-01,2.632942825662330094e-02
2.380000000000000000e+03,6.941752600000000717e-01,2.636828058813182538e-02
2.380500000000000000e+03,6.942587720000000795e-01,2.640022449933928511e-02
2.381000000000000000e+03,6.943614519999999901e-01,2.642247958284960063e-02
2.381500000000000000e+03,6.944755879999999770e-01,2.643348505189078990e-02
2.382000000000000000e+03,6.945922400000000829e-01,2.643314010221656934e-02
2.382500000000000000e+03,6.947021360000000811e-01,2.642283031842398988e-02
2.383000000000000000e+03,6.947966840000000532e-01,2.640524979467730182e-02
2.383500000000000000e+03,6.948688620000000871e-01,2.638405022414269316e-02
2.384000000000000000e+03,6.949139559999999438e-01,2.636337221171763945e-02
2.384500000000000000e+03,6.949300519999999093e-01,2.634734309330818286e-02
2.385000000000000000e+03,6.949182180000000875e-01,2.633960455759034106e-02
2.385500000000000000e+03,6.948823539999999799e-01,2.634291071523448685e-02
2.386000000000000000e+03,6.948287680000000410e-01,2.635882766440066777e-02
2.386500000000000000e+03,6.947654399999999564e-01,2.638756191356185499e-02
2.387000000000000000e+03,6.947011939999999663e-01,2.642790932172285612e-02
2.387500000000000000e+03,6.946447719999999659e-01,2.647732428824586814e-02
2.388000000000000000e+03,6.946039199999999303e-01,2.653215564171217816e-02
2.388500000000000000e+03,6.945846159999999880e-01,2.658798623151734444e-02
2.389000000000000000e+03,6.945904799999998991e-01,2.664010982335602781e-02
2.389500000000000000e+03,6.946223999999999732e-01,2.668408152114983001e-02
2.390000000000000000e+03,6.946784599999999976e-01,2.671626319394275126e-02
2.390500000000000000e+03,6.947541099999999803e-01,2.673431952219617810e-02
2.391000000000000000e+03,6.948426659999999977e-01,2.673754374225306360e-02
2.391500000000000000e+03,6.949359659999999606e-01,2.672698921697889973e-02
2.392000000000000000e+03,6.950252480000000954e-01,2.670534281075537253e-02
2.392500000000000000e+03,6.951021199999999345e-01,2.667661110670169547e-02
2.393000000000000000e+03,6.951594500000000121e-01,2.664561343531482787e-02
2.393500000000000000e+03,6.951921999999999269e-01,2.661740410695603853e-02
2.394000000000000000e+03,6.951979859999999345e-01,2.659670110858122771e-02
2.394500000000000000e+03,6.951773879999999517e-01,2.658735581275437077e-02
2.395000000000000000e+03,6.951338980000000278e-01,2.659197361715474536e-02
2.395500000000000000e+03,6.950735940000000168e-01,2.661164622611641301e-02
2.396000000000000000e+03,6.950045339999999516e-01,2.664584634576213848e-02
2.396500000000000000e+03,6.949359280000000361e-01,2.669247695665211487e-02
2.397000000000000000e+03,6.948772519999999453e-01,2.674804728571796367e-02
2.397500000000000000e+03,6.948372999999999911e-01,2.680799376754720159e-02
2.398000000000000000e+03,6.948232999999999215e-01,2.686713944295447687e-02
2.398500000000000000e+03,6.948401760000001426e-01,2.692023734664119802e-02
2.399000000000000000e+03,6.948900080000000035e-01,2.696257217266658651e-02
2.399500000000000000e+03,6.949717460000000013e-01,2.699054146496094111e-02
2.400000000000000000e+03,6.950812280000000509e-01,2.700213861104736046e-02
2.400500000000000000e+03,6.952115240000000806e-01,2.699724975557094356e-02
2.401000000000000000e+03,6.953535480000000435e-01,2.697772958148599021e-02
2.401500000000000000e+03,6.954969699999999921e-01,2.694720664809230684e-02
2.402000000000000000e+03,6.956312420000000385e-01,2.691067215403591603e-02
2.402500000000000000e+03,6.957466799999998397e-01,2.687387994359914309e-02
2.403000000000000000e+03,6.958354780000000073e-01,2.684267440127482279e-02
2.403500000000000000e+03,6.958924859999999768e-01,2.682230965987169105e-02
2.404000000000000000e+03,6.959157440000000028e-01,2.681684919400329978e-02
2.404500000000000000e+03,6.959066339999999684e-01,2.682872710423746601e-02
2.405000000000000000e+03,6.958697060000000878e-01,2.685848112161678958e-02
2.405500000000000000e+03,6.958121919999998850e-01,2.690467044587526585e-02
2.406000000000000000e+03,6.957432580000000311e-01,2.696401254477964402e-02
2.406500000000000000e+03,6.956730679999999500e-01,2.703168134412312767e-02
2.407000000000000000e+03,6.956117920000000066e-01,2.710180125386197486e-02
2.407500000000000000e+03,6.955685640000000003e-01,2.716804089739828856e-02
2.408000000000000000e+03,6.955505800000000294e-01,2.722431934028305550e-02
2.408500000000000000e+03,6.955623060000000191e-01,2.726550034199952052e-02
2.409000000000000000e+03,6.956050259999999597e-01,2.728802153933821556e-02
2.409500000000000000e+03,6.956766099999999176e-01,2.729035448064022831e-02
2.410000000000000000e+03,6.957717399999999719e-01,2.727323379843247728e-02
2.410500000000000000e+03,6.958824019999999555e-01,2.723959927903077394e-02
2.411000000000000000e+03,6.959987340000000078e-01,2.719426790352896459e-02
2.411500000000000000e+03,6.961100980000000105e-01,2.714336518004527993e-02
2.412000000000000000e+03,6.962062279999999825e-01,2.709360510227652730e-02
2.412500000000000000e+03,6.962783540000000437e-01,2.705150747758147331e-02
2.413000000000000000e+03,6.963201580000000224e-01,2.702266404443136663e-02
2.413500000000000000e+03,6.963284620000000924e-01,2.701112339674978727e-02
2.414000000000000000e+03,6.963035779999999786e-01,2.701895959330473385e-02
2.414500000000000000e+03,6.962492880000000772e-01,2.704608131709258442e-02
2.415000000000000000e+03,6.961724820000000369e-01,2.709023252621254110e-02
2.415500000000000000e+03,6.960824820000000024e-01,2.714724719129132935e-02
2.416000000000000000e+03,6.959901520000000286e-01,2.721149127342848209e-02
2.416500000000000000e+03,6.959067960000000497e-01,2.727645657679340571e-02
2.417000000000000000e+03,6.958430860000001106e-01,2.733547705051341328e-02
2.417500000000000000e+03,6.958079459999999550e-01,2.738246484362000591e-02
2.418000000000000000e+03,6.958076499999999998e-01,2.741262093003895423e-02
2.418500000000000000e+03,6.958451199999999837e-01,2.742299251267100654e-02
2.419000000000000000e+03,6.959195879999999779e-01,2.741284143471256485e-02
2.419500000000000000e+03,6.960266280000000361e-01,2.738374009002740236e-02
2.420000000000000000e+03,6.961585660000000342e-01,2.733940530513248590e-02
2.420500000000000000e+03,6.963052540000000956e-01,2.728526035104477873e-02
2.421000000000000000e+03,6.964551420000000270e-01,2.722781441954887777e-02
2.421500000000000000e+03,6.965964119999999982e-01,2.717391445131035754e-02
2.422000000000000000e+03,6.967182259999999960e-01,2.712997582865464552e-02
2.422500000000000000e+03,6.968117839999999896e-01,2.710127698079198288e-02
2.423000000000000000e+03,6.968711519999999382e-01,2.709139195183986326e-02
2.423500000000000000e+03,6.968938000000000077e-01,2.710181670130380749e-02
2.424000000000000000e+03,6.968807900000000277e-01,2.713181471621608012e-02
2.424500000000000000e+03,6.968365840000000366e-01,2.717848781886872053e-02
2.425000000000000000e+03,6.967685639999998681e-01,2.723710097339740108e-02
2.425500000000000000e+03,6.966862239999999096e-01,2.730156865580632766e-02
2.426000000000000000e+03,6.966002280000000990e-01,2.736511928286177939e-02
2.426500000000000000e+03,6.965213160000001125e-01,2.742103607458817177e-02
2.427000000000000000e+03,6.964592219999999889e-01,2.746340014991741768e-02
2.427500000000000000e+03,6.964216860000000953e-01,2.748776473341760229e-02
2.428000000000000000e+03,6.964136720000000391e-01,2.749164517379697539e-02
2.428500000000000000e+03,6.964368539999998831e-01,2.747480762717704680e-02
2.429000000000000000e+03,6.964894699999999439e-01,2.743927991797433935e-02
2.429500000000000000e+03,6.965665380000000129e-01,2.738910374301437023e-02
2.430000000000000000e+03,6.966603900000000182e-01,2.732986816095369503e-02
2.430500000000000000e+03,6.967615219999999665e-01,2.726805864719697436e-02
2.431000000000000000e+03,6.968596060000000758e-01,2.721031744717518353e-02
2.431500000000000000e+03,6.969445619999999897e-01,2.716272091964948635e-02
2.432000000000000000e+03,6.970076200000000499e-01,2.713010760907686586e-02
2.432500000000000000e+03,6.970421760000000688e-01,2.711557736319155157e-02
2.433000000000000000e+03,6.970444799999999663e-01,2.712016565906189003e-02
2.433500000000000000e+03,6.970140039999999093e-01,2.714276403007577845e-02
2.434000000000000000e+03,6.969534940000000622e-01,2.718026367499138188e-02
2.434500000000000000e+03,6.968687540000000347e-01,2.722793555472421967e-02
2.435000000000000000e+03,6.967680840000000098e-01,2.727995416262032208e-02
2.435500000000000000e+03,6.966615179999999796e-01,2.733007564688860053e-02
2.436000000000000000e+03,6.965598560000000328e-01,2.737232562351519377e-02
2.436500000000000000e+03,6.964736220000000699e-01,2.740166583134123063e-02
2.437000000000000000e+03,6.964120000000000310e-01,2.741453944518347161e-02
2.437500000000000000e+03,6.963819140000000463e-01,2.740923987870815329e-02
2.438000000000000000e+03,6.963873120000000361e-01,2.738608199755368511e-02
2.438500000000000000e+03,6.964287639999999779e-01,2.734733080936412736e-02
2.439000000000000000e+03,6.965033919999999990e-01,2.729693243666683408e-02
2.439500000000000000e+03,6.966051639999999434e-01,2.724003939848649095e-02
2.440000000000000000e+03,6.967255059999999389e-01,2.718244273059203242e-02
2.440500000000000000e+03,6.968541600000000003e-01,2.712991473699871356e-02
2.441000000000000000e+03,6.969802179999999847e-01,2.708757298899061236e-02
2.441500000000000000e+03,6.970931800000000900e-01,2.705933633037735722e-02
2.442000000000000000e+03,6.971839620000001014e-01,2.704749948349984001e-02
2.442500000000000000e+03,6.972457839999999241e-01,2.705251956605678881e-02
2.443000000000000000e+03,6.972747939999999200e-01,2.707300394139014812e-02
2.443500000000000000e+03,6.972704239999999443e-01,2.710589269902149989e-02
2.444000000000000000e+03,6.972354320000000438e-01,2.714683657038760578e-02
2.444500000000000000e+03,6.971756080000000022e-01,2.719071855790194947e-02
2.445000000000000000e+03,6.970991760000000426e-01,2.723220107051916444e-02
2.445500000000000000e+03,6.970159200000000110e-01,2.726632857863908396e-02
2.446000000000000000e+03,6.969361720000000204e-01,2.728903048189149777e-02
2.446500000000000000e+03,6.968696760000000490e-01,2.729754087542035634e-02
2.447000000000000000e+03,6.968245659999999786e-01,2.729065114093387479e-02
2.447500000000000000e+03,6.968064940000000540e-01,2.726881487219303193e-02
2.448000000000000000e+03,6.968180299999999772e-01,2.723405446617892592e-02
2.448500000000000000e+03,6.968584260000000308e-01,2.718972644829451349e-02
2.449000000000000000e+03,6.969237240000000222e-01,2.714010760337561001e-02
2.449500000000000000e+03,6.970072279999999232e-01,2.708991946795346120e-02
2.450000000000000000e+03,6.971002499999998658e-01,2.704376729529688050e-02
2.450500000000000000e+03,6.971930440000000395e-01,2.700562824387957306e-02
2.451000000000000000e+03,6.972758519999999738e-01,2.697839873290951845e-02
2.451500000000000000e+03,6.973399100000000628e-01,2.696358166251898794e-02
2.452000000000000000e+03,6.973783859999999057e-01,2.696116599596586755e-02
2.452500000000000000e+03,6.973870759999999391e-01,2.696967273528650885e-02
2.453000000000000000e+03,6.973648820000001303e-01,2.698639248703584362e-02
2.453500000000000000e+03,6.973139580000000670e-01,2.700776455898568421e-02
2.454000000000000000e+03,6.972395020000000665e-01,2.702982758297533400e-02
2.454500000000000000e+03,6.971492759999999844e-01,2.704870236889278176e-02
2.455000000000000000e+03,6.970527859999998688e-01,2.706102296565920939e-02
2.455500000000000000e+03,6.969602719999999918e-01,2.706430849810824782e-02
2.456000000000000000e+03,6.968816399999999689e-01,2.705718531114923928e-02
2.456500000000000000e+03,6.968253739999999974e-01,2.703950931479871117e-02
2.457000000000000000e+03,6.967976580000001530e-01,2.701231571429398362e-02
2.457500000000000000e+03,6.968017520000000520e-01,2.697767573855936254e-02
2.458000000000000000e+03,6.968377080000000001e-01,2.693839536025177325e-02
2.458500000000000000e+03,6.969024419999999553e-01,2.689767497365848012e-02
2.459000000000000000e+03,6.969901519999999184e-01,2.685871121553068397e-02
2.459500000000000000e+03,6.970929900000000234e-01,2.682430102485206663e-02
2.460000000000000000e+03,6.972019219999999740e-01,2.679654652849343746e-02
2.460500000000000000e+03,6.973076760000000984e-01,2.677662140716478845e-02
2.461000000000000000e+03,6.974016780000000804e-01,2.676470648780654785e-02
2.461500000000000000e+03,6.974768680000000831e-01,2.676004036933696262e-02
2.462000000000000000e+03,6.975283959999999395e-01,2.676109914547077084e-02
2.462500000000000000e+03,6.975540199999999968e-01,2.676586461054415722e-02
2.463000000000000000e+03,6.975543159999999521e-01,2.677211166311962640e-02
2.463500000000000000e+03,6.975325239999999871e-01,2.677772372528191072e-02
2.464000000000000000e+03,6.974941419999998171e-01,2.678090781829629841e-02
2.464500000000000000e+03,6.974462779999999196e-01,2.678038997714641406e-02
2.465000000000000000e+03,6.973968060000000913e-01,2.677549607742470833e-02
2.465500000000000000e+03,6.973534519999999848e-01,2.676616696499712830e-02
2.466000000000000000e+03,6.973229279999999530e-01,2.675290982705963785e-02
2.466500000000000000e+03,6.973101919999999954e-01,2.673668278469215273e-02
2.467000000000000000e+03,6.973179700000000647e-01,2.671874903687203665e-02
2.467500000000000000e+03,6.973465140000000284e-01,2.670048510802089381e-02
2.468000000000000000e+03,6.973936619999999698e-01,2.668318972571521314e-02
2.468500000000000000e+03,6.974551639999999608e-01,2.666790722065017979e-02
2.469000000000000000e+03,6.975251799999999669e-01,2.665527501324136198e-02
2.469500000000000000e+03,6.975969340000000019e-01,2.664545488977521082e-02
2.470000000000000000e+03,6.976634420000000780e-01,2.663811776167777576e-02
2.470500000000000000e+03,6.977182239999999425e-01,2.663253050434855745e-02
2.471000000000000000e+03,6.977559720000000576e-01,2.662769363508495427e-02
2.471500000000000000e+03,6.977730819999999889e-01,2.662251723661352570e-02
2.472000000000000000e+03,6.977680200000000443e-01,2.661600406980036554e-02
2.472500000000000000e+03,6.977414779999999705e-01,2.660741322753142069e-02
2.473000000000000000e+03,6.976962560000000702e-01,2.659634017450006327e-02
2.473500000000000000e+03,6.976369580000000292e-01,2.658277213091636559e-02
2.474000000000000000e+03,6.975694920000000687e-01,2.656704332522408230e-02
2.474500000000000000e+03,6.975003960000000225e-01,2.654978025210463430e-02
2.475000000000000000e+03,6.974361940000000093e-01,2.653179725790444365e-02
2.475500000000000000e+03,6.973827320000001162e-01,2.651397907166244336e-02
2.476000000000000000e+03,6.973446439999999580e-01,2.649717144653305351e-02
2.476500000000000000e+03,6.973250039999999705e-01,2.648206832627628821e-02
2.477000000000000000e+03,6.973251039999999179e-01,2.646909910989313913e-02
2.477500000000000000e+03,6.973444860000000967e-01,2.645834636604498663e-02
2.478000000000000000e+03,6.973810720000001018e-01,2.644950212613562945e-02
2.478500000000000000e+03,6.974314719999999967e-01,2.644186597075750059e-02
2.479000000000000000e+03,6.974913920000000989e-01,2.643442971782280354e-02
2.479500000000000000e+03,6.975560999999999012e-01,2.642601185571537975e-02
2.480000000000000000e+03,6.976209199999999777e-01,2.641545044167918979e-02
2.480500000000000000e+03,6.976816780000000273e-01,2.640181003798458548e-02
2.481000000000000000e+03,6.977350979999999980e-01,2.638456027672896054e-02
2.481500000000000000e+03,6.977790440000000149e-01,2.636370492179552702e-02
2.482000000000000000e+03,6.978126279999999904e-01,2.633980812086591725e-02
2.482500000000000000e+03,6.978361560000000408e-01,2.631394702925914098e-02
2.483000000000000000e+03,6.978509640000000180e-01,2.628757275431959847e-02
2.483500000000000000e+03,6.978591460000000968e-01,2.626232328195499469e-02
2.484000000000000000e+03,6.978632499999999350e-01,2.623983375485922434e-02
2.484500000000000000e+03,6.978659819999999403e-01,2.622154585857237527e-02
2.485000000000000000e+03,6.978699200000000324e-01,2.620853801956853774e-02
2.485500000000000000e+03,6.978773140000000819e-01,2.620142211424516740e-02
2.486000000000000000e+03,6.978899140000000001e-01,2.620024715021512449e-02
2.486500000000000000e+03,6.979088399999999748e-01,2.620447913434417742e-02
2.487000000000000000e+03,6.979345139999999503e-01,2.621299293152474022e-02
2.487500000000000000e+03,6.979666520000000762e-01,2.622415186084335950e-02
2.488000000000000000e+03,6.980042839999999194e-01,2.623594774155806053e-02
2.488500000000000000e+03,6.980458539999998546e-01,2.624617270139717115e-02
2.489000000000000000e+03,6.980893839999999795e-01,2.625269086849815400e-02
2.489500000000000000e+03,6.981326319999999752e-01,2.625367812543194512e-02
2.490000000000000000e+03,6.981733420000000301e-01,2.624786961000937641e-02
2.490500000000000000e+03,6.982093999999999800e-01,2.623473486011665759e-02
2.491000000000000000e+03,6.982389959999999451e-01,2.621455482612637319e-02
2.491500000000000000e+03,6.982607419999999898e-01,2.618839520232967011e-02
2.492000000000000000e+03,6.982737040000001061e-01,2.615797195117172333e-02
2.492500000000000000e+03,6.982774619999999599e-01,2.612544967760218120e-02
2.493000000000000000e+03,6.982721060000001145e-01,2.609319314653623864e-02
2.493500000000000000e+03,6.982582400000000300e-01,2.606350737092591463e-02
2.494000000000000000e+03,6.982370060000000489e-01,2.603840348332892712e-02
2.494500000000000000e+03,6.982100719999999594e-01,2.601938114975592756e-02
2.495000000000000000e+03,6.981795859999999632e-01,2.600726856223595229e-02
2.495500000000000000e+03,6.981480879999999445e-01,2.600211060429467522e-02
2.496000000000000000e+03,6.981183740000000970e-01,2.600313302224533871e-02
2.496500000000000000e+03,6.980933019999999711e-01,2.600876787827297032e-02
2.497000000000000000e+03,6.980755560000000415e-01,2.601679679369438281e-02
2.497500000000000000e+03,6.980674199999999940e-01,2.602456726404821577e-02
2.498000000000000000e+03,6.980705860000000484e-01,2.602929806868534493e-02
2.498500000000000000e+03,6.980859899999999341e-01,2.602843392255093855e-02
2.499000000000000000e+03,6.981136980000000047e-01,2.602000434688210920e-02
2.499500000000000000e+03,6.981528740000000344e-01,2.600290942694194474e-02
2.500000000000000000e+03,6.982018220000000275e-01,2.597712865426861362e-02
2.500500000000000000e+03,6.982580400000000242e-01,2.594376518335551537e-02
2.501000000000000000e+03,6.983183939999999534e-01,2.590494427829167015e-02
2.501500000000000000e+03,6.983793319999999083e-01,2.586359111026799440e-02
2.502000000000000000e+03,6.984371259999999637e-01,2.582309080129787868e-02
2.502500000000000000e+03,6.984882339999999301e-01,2.578689969978431584e-02
2.503000000000000000e+03,6.985296340000000104e-01,2.575814809885419027e-02
2.503500000000000000e+03,6.985591719999999505e-01,2.573928506864387594e-02
2.504000000000000000e+03,6.985758559999999395e-01,2.573177444310411482e-02
2.504500000000000000e+03,6.985800340000000164e-01,2.573592516462748156e-02
2.505000000000000000e+03,6.985734499999999292e-01,2.575080156188483405e-02
2.505500000000000000e+03,6.985591280000000847e-01,2.577431265745207256e-02
2.506000000000000000e+03,6.985410959999999170e-01,2.580339301325943954e-02
2.506500000000000000e+03,6.985239560000000569e-01,2.583434956209980024e-02
2.507000000000000000e+03,6.985123719999999370e-01,2.586326159366957728e-02
2.507500000000000000e+03,6.985105499999999523e-01,2.588646085722050641e-02
2.508000000000000000e+03,6.985216879999999184e-01,2.590097816175470496e-02
2.508500000000000000e+03,6.985475999999998242e-01,2.590493019931921354e-02
2.509000000000000000e+03,6.985883980000000548e-01,2.589777097275542186e-02
2.509500000000000000e+03,6.986424500000000259e-01,2.588036199318355726e-02
2.510000000000000000e+03,6.987064400000000397e-01,2.585487530624562547e-02
2.510500000000000000e+03,6.987756619999999641e-01,2.582451664707247421e-02
2.511000000000000000e+03,6.988444700000000509e-01,2.579311929107488272e-02
2.511500000000000000e+03,6.989068560000000208e-01,2.576467039952821947e-02
2.512000000000000000e+03,6.989570720000000126e-01,2.574283682703235737e-02
2.512500000000000000e+03,6.989903339999999909e-01,2.573051247588503676e-02
2.513000000000000000e+03,6.990033839999999499e-01,2.572949087133566751e-02
2.513500000000000000e+03,6.989949859999999848e-01,2.574023651308988969e-02
2.514000000000000000e+03,6.989661459999998439e-01,2.576181435884001766e-02
2.514500000000000000e+03,6.989201260000000859e-01,2.579198769552447021e-02
2.515000000000000000e+03,6.988621659999999514e-01,2.582743887807879488e-02
2.515500000000000000e+03,6.987989299999999293e-01,2.586414218094057818e-02
2.516000000000000000e+03,6.987377940000000232e-01,2.589782501318414407e-02
2.516500000000000000e+03,6.986860220000000732e-01,2.592446778234557339e-02
2.517000000000000000e+03,6.986499280000000311e-01,2.594080763821789495e-02
2.517500000000000000e+03,6.986341820000000480e-01,2.594476458762160279e-02
2.518000000000000000e+03,6.986412840000000291e-01,2.593572065576059058e-02
2.518500000000000000e+03,6.986713099999999343e-01,2.591463978077390359e-02
2.519000000000000000e+03,6.987219100000000571e-01,2.588397159782033011e-02
2.519500000000000000e+03,6.987885800000001035e-01,2.584738205712795028e-02
2.520000000000000000e+03,6.988651380000000524e-01,2.580931384085586103e-02
2.520500000000000000e+03,6.989444040000000191e-01,2.577446884694108500e-02
2.521000000000000000e+03,6.990189520000000822e-01,2.574725867741250659e-02
2.521500000000000000e+03,6.990819320000000170e-01,2.573129813580543601e-02
2.522000000000000000e+03,6.991278579999999909e-01,2.572899578586181069e-02
2.522500000000000000e+03,6.991532379999998437e-01,2.574128835642893603e-02
2.523000000000000000e+03,6.991570379999999529e-01,2.576755293323627904e-02
2.523500000000000000e+03,6.991408460000000380e-01,2.580565766751656206e-02
2.524000000000000000e+03,6.991087100000000776e-01,2.585221508124245157e-02
2.524500000000000000e+03,6.990667099999998690e-01,2.590293694271752351e-02
2.525000000000000000e+03,6.990222099999999772e-01,2.595311087516388379e-02
2.525500000000000000e+03,6.989829819999999749e-01,2.599812144463295449e-02
2.526000000000000000e+03,6.989562559999999980e-01,2.603398282818277995e-02
2.526500000000000000e+03,6.989478680000000832e-01,2.605780070660212305e-02
2.527000000000000000e+03,6.989615700000000320e-01,2.606811553882904323e-02
2.527500000000000000e+03,6.989986139999999626e-01,2.606508483937479068e-02
2.528000000000000000e+03,6.990576200000000462e-01,2.605047189117521561e-02
2.528500000000000000e+03,6.991347159999999894e-01,2.602742358898142011e-02
2.529000000000000000e+03,6.992239739999999149e-01,2.600010189162277677e-02
2.529500000000000000e+03,6.993180060000000475e-01,2.597316896673114786e-02
2.530000000000000000e+03,6.994087419999999167e-01,2.595123646387804961e-02
2.530500000000000000e+03,6.994882500000000336e-01,2.593832256400074865e-02
2.531000000000000000e+03,6.995495959999999958e-01,2.593739577484612327e-02
2.531500000000000000e+03,6.995876180000000222e-01,2.595005341901272800e-02
2.532000000000000000e+03,6.995995160000000324e-01,2.597636239967570509e-02
2.532500000000000000e+03,6.995852299999999468e-01,2.601488069692095215e-02
2.533000000000000000e+03,6.995474940000000474e-01,2.606281858846076424e-02
2.533500000000000000e+03,6.994915800000001127e-01,2.611637011655811025e-02
2.534000000000000000e+03,6.994246880000000166e-01,2.617111229326322605e-02
2.534500000000000000e+03,6.993551539999999234e-01,2.622247987138812131e-02
2.535000000000000000e+03,6.992914599999999758e-01,2.626625298196433311e-02
2.535500000000000000e+03,6.992412960000000677e-01,2.629899258007530050e-02
2.536000000000000000e+03,6.992106919999999670e-01,2.631843071987811575e-02
2.536500000000000000e+03,6.992034080000000262e-01,2.632371464766749755e-02
2.537000000000000000e+03,6.992205760000000936e-01,2.631550382743024982e-02
2.537500000000000000e+03,6.992606419999999323e-01,2.629591671513399273e-02
2.538000000000000000e+03,6.993196459999999615e-01,2.626829885039258169e-02
2.538500000000000000e+03,6.993916740000000187e-01,2.623685265230409069e-02
2.539000000000000000e+03,6.994695679999999305e-01,2.620617329578249499e-02
2.539500000000000000e+03,6.995457120000001527e-01,2.618074450558032298e-02
2.540000000000000000e+03,6.996128839999999904e-01,2.616444025301698645e-02
2.540500000000000000e+03,6.996650360000000735e-01,2.616012550986607926e-02
2.541000000000000000e+03,6.996980180000000882e-01,2.616936080293086678e-02
2.541500000000000000e+03,6.997100119999999368e-01,2.619227275894140880e-02
2.542000000000000000e+03,6.997017700000001117e-01,2.622756912367403895e-02
2.542500000000000000e+03,6.996765200000000240e-01,2.627270125270086271e-02
2.543000000000000000e+03,6.996395480000000555e-01,2.632414973593702814e-02
2.543500000000000000e+03,6.995975839999999391e-01,2.637778723512164067e-02
2.544000000000000000e+03,6.995579579999999797e-01,2.642931807226614124e-02
2.544500000000000000e+03,6.995277059999999159e-01,2.647470104921537809e-02
2.545000000000000000e+03,6.995127720000000604e-01,2.651058599137811819e-02
2.545500000000000000e+03,6.995173000000000085e-01,2.653466307189917411e-02
2.546000000000000000e+03,6.995431939999999793e-01,2.654592804619035698e-02
2.546500000000000000e+03,6.995899559999999573e-01,2.654481572454075664e-02
2.547000000000000000e+03,6.996547600000001532e-01,2.653317860513813506e-02
2.547500000000000000e+03,6.997328099999999829e-01,2.651409747749373935e-02
2.548000000000000000e+03,6.998178920000001080e-01,2.649156770248533438e-02
2.548500000000000000e+03,6.999030660000000736e-01,2.647003740127422400e-02
2.549000000000000000e+03,6.999814540000000029e-01,2.645391856030192279e-02
2.549500000000000000e+03,7.000469700000000461e-01,2.644707452020506749e-02
2.550000000000000000e+03,7.000950020000000773e-01,2.645238143298602948e-02
2.550500000000000000e+03,7.001228999999999925e-01,2.647140692430513878e-02
2.551000000000000000e+03,7.001302299999999645e-01,2.650423419048888660e-02
2.551500000000000000e+03,7.001187979999999866e-01,2.654945669769483846e-02
2.552000000000000000e+03,7.000923980000000046e-01,2.660432705658864402e-02
2.552500000000000000e+03,7.000563480000000505e-01,2.666504248981190622e-02
2.553000000000000000e+03,7.000168519999998562e-01,2.672715232479890707e-02
2.553500000000000000e+03,6.999803019999999432e-01,2.678600809335899419e-02
2.554000000000000000e+03,6.999525439999999543e-01,2.683725193955253940e-02
2.554500000000000000e+03,6.999382320000000490e-01,2.687727725657054062e-02
2.555000000000000000e+03,6.999403560000000413e-01,2.690360202645337290e-02
2.555500000000000000e+03,6.999598759999999809e-01,2.691514493298349103e-02
2.556000000000000000e+03,6.999956839999998959e-01,2.691235301999336804e-02
2.556500000000000000e+03,7.000447000000000752e-01,2.689715404200043042e-02
2.557000000000000000e+03,7.001022500000001481e-01,2.687276445625402452e-02
2.557500000000000000e+03,7.001625999999999683e-01,2.684333172398165740e-02
2.558000000000000000e+03,7.002196379999999776e-01,2.681349265232811641e-02
2.558500000000000000e+03,7.002676340000000277e-01,2.678785611032593467e-02
2.559000000000000000e+03,7.003019320000000159e-01,2.677050694228602645e-02
2.559500000000000000e+03,7.003195599999998411e-01,2.676455270342322987e-02
2.560000000000000000e+03,7.003195879999999374e-01,2.677179657720236278e-02
2.560500000000000000e+03,7.003032719999999767e-01,2.679254990313844481e-02
2.561000000000000000e+03,7.002738840000000131e-01,2.682561555981420598e-02
2.561500000000000000e+03,7.002363320000000169e-01,2.686843837461387607e-02
2.562000000000000000e+03,7.001965639999999658e-01,2.691739467969003763e-02
2.562500000000000000e+03,7.001608499999998347e-01,2.696823923098854575e-02
2.563000000000000000e+03,7.001350700000000815e-01,2.701657231828124076e-02
2.563500000000000000e+03,7.001240300000000083e-01,2.705835341320088003e-02
2.564000000000000000e+03,7.001308999999998894e-01,2.709036240558623104e-02
2.564500000000000000e+03,7.001568419999999460e-01,2.711055636661214088e-02
2.565000000000000000e+03,7.002008539999999837e-01,2.711828494895291222e-02
2.565500000000000000e+03,7.002598599999999562e-01,2.711435874760364378e-02
2.566000000000000000e+03,7.003290019999999227e-01,2.710095258434274887e-02
2.566500000000000000e+03,7.004021959999999769e-01,2.708134808700604981e-02
2.567000000000000000e+03,7.004728239999999939e-01,2.705958083821894539e-02
2.567500000000000000e+03,7.005345480000000347e-01,2.704000312800322256e-02
2.568000000000000000e+03,7.005820919999999896e-01,2.702679243098511652e-02
2.568500000000000000e+03,7.006119400000000441e-01,2.702350681584701417e-02
2.569000000000000000e+03,7.006228099999999293e-01,2.703267367106109917e-02
2.569500000000000000e+03,7.006158120000000045e-01,2.705550802655428203e-02
2.570000000000000000e+03,7.005943279999999884e-01,2.709174077235798617e-02
2.570500000000000000e+03,7.005635539999999217e-01,2.713964603986050023e-02
2.571000000000000000e+03,7.005298140000000284e-01,2.719621135069380524e-02
2.571500000000000000e+03,7.004997800000000163e-01,2.725746567205266854e-02
2.572000000000000000e+03,7.004796220000000240e-01,2.731892365051346097e-02
2.572500000000000000e+03,7.004742680000000110e-01,2.737607545872242434e-02
2.573000000000000000e+03,7.004868060000000174e-01,2.742488568724007689e-02
2.573500000000000000e+03,7.005180799999999319e-01,2.746220755868488891e-02
2.574000000000000000e+03,7.005665580000000059e-01,2.748610140873464572e-02
2.574500000000000000e+03,7.006284420000000734e-01,2.749599427326341120e-02
2.575000000000000000e+03,7.006979960000000451e-01,2.749270602642882658e-02
2.575500000000000000e+03,7.007681319999999880e-01,2.747832977680964017e-02
2.576000000000000000e+03,7.008311620000000630e-01,2.745597945357901998e-02
2.576500000000000000e+03,7.008796999999999944e-01,2.742947875527296242e-02
2.577000000000000000e+03,7.009075680000000919e-01,2.740295487346802034e-02
2.577500000000000000e+03,7.009106559999999098e-01,2.738044206073187575e-02
2.578000000000000000e+03,7.008875439999999735e-01,2.736546898940809061e-02
2.578500000000000000e+03,7.008398259999999436e-01,2.736068999601976026e-02
2.579000000000000000e+03,7.007720779999999650e-01,2.736762617012030580e-02
2.579500000000000000e+03,7.006913559999998764e-01,2.738649881553126622e-02
2.580000000000000000e+03,7.006064679999999267e-01,2.741622133367296182e-02
2.580500000000000000e+03,7.005269060000000048e-01,2.745453881028519713e-02
2.581000000000000000e+03,7.004617479999999397e-01,2.749831716695266479e-02
2.581500000000000000e+03,7.004186060000000547e-01,2.754391919598817365e-02
2.582000000000000000e+03,7.004027099999998729e-01,2.758764473019959321e-02
2.582500000000000000e+03,7.004163460000001340e-01,2.762614170365970678e-02
2.583000000000000000e+03,7.004585239999999713e-01,2.765679114377201514e-02
2.583500000000000000e+03,7.005251080000001185e-01,2.767794014791624679e-02
2.584000000000000000e+03,7.006091699999998923e-01,2.768905504401639531e-02
2.584500000000000000e+03,7.007017540000000100e-01,2.769072676326437416e-02
2.585000000000000000e+03,7.007927859999999454e-01,2.768458517452240808e-02
2.585500000000000000e+03,7.008722300000000960e-01,2.767310070940172048e-02
2.586000000000000000e+03,7.009312199999999660e-01,2.765934198190334037e-02
2.586500000000000000e+03,7.009631899999998472e-01,2.764667093887670721e-02
2.587000000000000000e+03,7.009647239999999835e-01,2.763840633267746968e-02
2.587500000000000000e+03,7.009360879999999572e-01,2.763750479220680734e-02
2.588000000000000000e+03,7.008812979999999859e-01,2.764622894571255526e-02
2.588500000000000000e+03,7.008077000000000334e-01,2.766589821456516204e-02
2.589000000000000000e+03,7.007251159999999812e-01,2.769671584549792537e-02
2.589500000000000000e+03,7.006446319999999339e-01,2.773771398575690730e-02
2.590000000000000000e+03,7.005772300000000508e-01,2.778683646976693594e-02
2.590500000000000000e+03,7.005324240000000424e-01,2.784114068515092244e-02
2.591000000000000000e+03,7.005170900000000644e-01,2.789711378619425669e-02
2.591500000000000000e+03,7.005346639999999736e-01,2.795102990921383493e-02
2.592000000000000000e+03,7.005847020000001146e-01,2.799934850739699277e-02
2.592500000000000000e+03,7.006629659999999982e-01,2.803905222755729773e-02
2.593000000000000000e+03,7.007618460000000216e-01,2.806793776734203827e-02
2.593500000000000000e+03,7.008712160000000191e-01,2.808480449366358364e-02
2.594000000000000000e+03,7.009794900000000384e-01,2.808956063465696193e-02
2.594500000000000000e+03,7.010748620000000209e-01,2.808321149232640909e-02
2.595000000000000000e+03,7.011466159999999448e-01,2.806778447665108853e-02
2.595500000000000000e+03,7.011863259999999709e-01,2.804613929041867293e-02
2.596000000000000000e+03,7.011888840000000123e-01,2.802172565413050404e-02
2.596500000000000000e+03,7.011531920000000362e-01,2.799825842056758926e-02
2.597000000000000000e+03,7.010824280000000908e-01,2.797935794974383897e-02
2.597500000000000000e+03,7.009838019999999892e-01,2.796816440064513881e-02
2.598000000000000000e+03,7.008678379999999652e-01,2.796699774354486495e-02
2.598500000000000000e+03,7.007471659999999769e-01,2.797709065746947776e-02
2.599000000000000000e+03,7.006350859999999070e-01,2.799842645385836049e-02
2.599500000000000000e+03,7.005439940000000032e-01,2.802974212733156875e-02
2.600000000000000000e+03,7.004839080000000440e-01,2.806866833797881308e-02
2.600500000000000000e+03,7.004613259999998842e-01,2.811200621413464940e-02
2.601000000000000000e+03,7.004785000000000039e-01,2.815608850126789450e-02
2.601500000000000000e+03,7.005332380000000025e-01,2.819720401831293105e-02
2.602000000000000000e+03,7.006192119999999912e-01,2.823199097485587158e-02
2.602500000000000000e+03,7.007267140000000838e-01,2.825780432953958060e-02
2.603000000000000000e+03,7.008437759999999184e-01,2.827297919892057462e-02
2.603500000000000000e+03,7.009574579999999777e-01,2.827701281979064923e-02
2.604000000000000000e+03,7.010552939999999955e-01,2.827061451965441966e-02
2.604500000000000000e+03,7.011266420000000776e-01,2.825565461182830487e-02
2.605000000000000000e+03,7.011638920000000663e-01,2.823498740393900336e-02
2.605500000000000000e+03,7.011633640000000112e-01,2.821217426059405634e-02
2.606000000000000000e+03,7.011258139999999583e-01,2.819112672133034653e-02
2.606500000000000000e+03,7.010564240000001224e-01,2.817567854034497971e-02
2.607000000000000000e+03,7.009642719999999994e-01,2.816916975452407254e-02
2.607500000000000000e+03,7.008613159999999009e-01,2.817404429329564697e-02
2.608000000000000000e+03,7.007609760000000909e-01,2.819156331727359563e-02
2.608500000000000000e+03,7.006765159999999160e-01,2.822163405130550043e-02
2.609000000000000000e+03,7.006194359999999843e-01,2.826279970685010787e-02
2.609500000000000000e+03,7.005980800000000119e-01,2.831239568394787465e-02
2.610000000000000000e+03,7.006166620000000567e-01,2.836684232219835802e-02
2.610500000000000000e+03,7.006748160000000336e-01,2.842202737338446819e-02
2.611000000000000000e+03,7.007676939999999410e-01,2.847374427410112249e-02
2.611500000000000000e+03,7.008865899999999760e-01,2.851813769257908679e-02
2.612000000000000000e+03,7.010199539999999452e-01,2.855207678373126307e-02
2.612500000000000000e+03,7.011547000000000196e-01,2.857345925620207241e-02
2.613000000000000000e+03,7.012776119999999391e-01,2.858141126347865310e-02
2.613500000000000000e+03,7.013767319999999472e-01,2.857635338665755545e-02
2.614000000000000000e+03,7.014426400000000061e-01,2.855994552639640194e-02
2.614500000000000000e+03,7.014694299999999494e-01,2.853492724970206618e-02
2.615000000000000000e+03,7.014553639999999701e-01,2.850481528576822784e-02
2.615500000000000000e+03,7.014030879999999524e-01,2.847356770561855141e-02
2.616000000000000000e+03,7.013194100000000875e-01,2.844515244151751485e-02
2.616500000000000000e+03,7.012145459999999941e-01,2.842313527465304898e-02
2.617000000000000000e+03,7.011010100000000245e-01,2.841030491517170659e-02
2.617500000000000000e+03,7.009921919999999584e-01,2.840838623231130636e-02
2.618000000000000000e+03,7.009008140000000386e-01,2.841784865041944649e-02
2.618500000000000000e+03,7.008374560000000253e-01,2.843789737930347769e-02
2.619000000000000000e+03,7.008093300000000081e-01,2.846655474306698796e-02
2.619500000000000000e+03,7.008195059999999810e-01,2.850090110816157207e-02
2.620000000000000000e+03,7.008666160000001089e-01,2.853739124729582147e-02
2.620500000000000000e+03,7.009451040000000965e-01,2.857223079729995230e-02
2.621000000000000000e+03,7.010459500000000288e-01,2.860177920148779251e-02
2.621500000000000000e+03,7.011577680000000701e-01,2.862292526176726110e-02
2.622000000000000000e+03,7.012681299999999895e-01,2.863339587088387095e-02
2.622500000000000000e+03,7.013649419999998802e-01,2.863199898946813121e-02
2.623000000000000000e+03,7.014377880000000065e-01,2.861875527076927772e-02
2.623500000000000000e+03,7.014790320000001689e-01,2.859490424872803901e-02
2.624000000000000000e+03,7.014846599999999821e-01,2.856280275713098116e-02
2.624500000000000000e+03,7.014547199999998650e-01,2.852570117316732823e-02
2.625000000000000000e+03,7.013933299999999260e-01,2.848743783288660777e-02
2.625500000000000000e+03,7.013082619999999601e-01,2.845205542860223050e-02
2.626000000000000000e+03,7.012100880000000647e-01,2.842340191443687089e-02
2.626500000000000000e+03,7.011110020000000942e-01,2.840475557451065808e-02
2.627000000000000000e+03,7.010234399999999422e-01,2.839847618639105425e-02
2.627500000000000000e+03,7.009586220000000312e-01,2.840576744970207956e-02
2.628000000000000000e+03,7.009252379999999505e-01,2.842655336033537636e-02
2.628500000000000000e+03,7.009284780000000215e-01,2.845945520179108540e-02
2.629000000000000000e+03,7.009694100000000150e-01,2.850193383606153957e-02
2.629500000000000000e+03,7.010449460000000022e-01,2.855051435690723546e-02
2.630000000000000000e+03,7.011482420000000326e-01,2.860113622495115068e-02
2.630500000000000000e+03,7.012695820000000024e-01,2.864955038449477215e-02
2.631000000000000000e+03,7.013975099999999463e-01,2.869174159406134850e-02
2.631500000000000000e+03,7.015201359999998498e-01,2.872432610463064931e-02
2.632000000000000000e+03,7.016264160000000860e-01,2.874489128189295847e-02
2.632500000000000000e+03,7.017073160000000254e-01,2.875222113108873156e-02
2.633000000000000000e+03,7.017566840000000195e-01,2.874641693082140986e-02
2.633500000000000000e+03,7.017718199999999351e-01,2.872885820161965448e-02
2.634000000000000000e+03,7.017536779999999919e-01,2.870206183073201883e-02
2.634500000000000000e+03,7.017067120000000102e-01,2.866940455202678442e-02
2.635000000000000000e+03,7.016383400000000270e-01,2.863478546955765605e-02
2.635500000000000000e+03,7.015581159999999539e-01,2.860222949447535287e-02
2.636000000000000000e+03,7.014766660000000265e-01,2.857548033550628280e-02
2.636500000000000000e+03,7.014045060000000387e-01,2.855762545832962393e-02
2.637000000000000000e+03,7.013508579999999659e-01,2.855077704532651278e-02
2.637500000000000000e+03,7.013226200000000077e-01,2.855583665456959061e-02
2.638000000000000000e+03,7.013236120000000406e-01,2.857239112578703957e-02
2.638500000000000000e+03,7.013541699999999990e-01,2.859872431855063971e-02
2.639000000000000000e+03,7.014111920000001277e-01,2.863197965759307906e-02
2.639500000000000000e+03,7.014885699999999780e-01,2.866846354253833884e-02
2.640000000000000000e+03,7.015779480000000623e-01,2.870403885124432619e-02
2.640500000000000000e+03,7.016697559999999223e-01,2.873458638583521393e-02
2.641000000000000000e+03,7.017542879999998373e-01,2.875647668265940080e-02
2.641500000000000000e+03,7.018228179999999039e-01,2.876698256242013127e-02
2.642000000000000000e+03,7.018685059999999476e-01,2.876459155326033246e-02
2.642500000000000000e+03,7.018871239999999734e-01,2.874918474309950608e-02
2.643000000000000000e+03,7.018774979999999886e-01,2.872206192785719744e-02
2.643500000000000000e+03,7.018416419999999878e-01,2.868581458333916562e-02
2.644000000000000000e+03,7.017845360000000143e-01,2.864408706277066924e-02
2.644500000000000000e+03,7.017136560000001300e-01,2.860121790984827828e-02
2.645000000000000000e+03,7.016381899999999394e-01,2.856183592311758654e-02
2.645500000000000000e+03,7.015680739999999860e-01,2.853040500540162533e-02
2.646000000000000000e+03,7.015129099999999340e-01,2.851078971082912292e-02
2.646500000000000000e+03,7.014808799999998623e-01,2.850583290750911478e-02
2.647000000000000000e+03,7.014778319999999123e-01,2.851705273238634708e-02
2.647500000000000000e+03,7.015065779999999362e-01,2.854442725385874027e-02
2.648000000000000000e+03,7.015665660000000026e-01,2.858634903736055957e-02
2.648500000000000000e+03,7.016539280000000378e-01,2.863976315508028753e-02
2.649000000000000000e+03,7.017619339999999761e-01,2.870047209374412475e-02
2.649500000000000000e+03,7.018817580000000778e-01,2.876358234585538187e-02
2.650000000000000000e+03,7.020034799999999020e-01,2.882404195345838332e-02
2.650500000000000000e+03,7.021171779999999529e-01,2.887718782798186223e-02
2.651000000000000000e+03,7.022140040000000027e-01,2.891923138545534136e-02
2.651500000000000000e+03,7.022871179999998770e-01,2.894763859630340719e-02
2.652000000000000000e+03,7.023323900000000286e-01,2.896135491194412256e-02
2.652500000000000000e+03,7.023487920000001106e-01,2.896086312713338703e-02
2.653000000000000000e+03,7.023384900000000375e-01,2.894808895674981508e-02
2.653500000000000000e+03,7.023065960000000052e-01,2.892616947873632299e-02
2.654000000000000000e+03,7.022605579999999792e-01,2.889911770295790563e-02
2.654500000000000000e+03,7.022093739999999418e-01,2.887140546461733348e-02
2.655000000000000000e+03,7.021625700000001524e-01,2.884750229240288025e-02
2.655500000000000000e+03,7.021291039999999484e-01,2.883141379818142044e-02
2.656000000000000000e+03,7.021163440000000033e-01,2.882624493753645212e-02
2.656500000000000000e+03,7.021291880000000152e-01,2.883384335674596746e-02
2.657000000000000000e+03,7.021694519999999162e-01,2.885457499565473663e-02
2.657500000000000000e+03,7.022356579999999848e-01,2.888724440164678817e-02
2.658000000000000000e+03,7.023231659999999987e-01,2.892922626982764520e-02
2.658500000000000000e+03,7.024247260000000548e-01,2.897674748321101348e-02
2.659000000000000000e+03,7.025313159999999613e-01,2.902531431960101230e-02
2.659500000000000000e+03,7.026332099999998970e-01,2.907024156360434389e-02
2.660000000000000000e+03,7.027211300000000271e-01,2.910717462333590674e-02
2.660500000000000000e+03,7.027873079999999995e-01,2.913257999483815849e-02
2.661000000000000000e+03,7.028264100000000125e-01,2.914412621254014457e-02
2.661500000000000000e+03,7.028361419999999971e-01,2.914093274780278631e-02
2.662000000000000000e+03,7.028175319999999671e-01,2.912366833291136353e-02
2.662500000000000000e+03,7.027748259999999636e-01,2.909450247128253161e-02
2.663000000000000000e+03,7.027150260000000204e-01,2.905692612026496147e-02
2.663500000000000000e+03,7.026471299999998976e-01,2.901542797721395200e-02
2.664000000000000000e+03,7.025811640000000358e-01,2.897508675241138726e-02
2.664500000000000000e+03,7.025270279999998868e-01,2.894107981677279326e-02
2.665000000000000000e+03,7.024934279999999198e-01,2.891816013234874486e-02
2.665500000000000000e+03,7.024868539999999939e-01,2.891015486601041656e-02
2.666000000000000000e+03,7.025108359999999719e-01,2.891953505548812073e-02
2.666500000000000000e+03,7.025655219999998868e-01,2.894712352077704817e-02
2.667000000000000000e+03,7.026476480000000135e-01,2.899197735624191655e-02
2.667500000000000000e+03,7.027509120000000609e-01,2.905147058190505477e-02
2.668000000000000000e+03,7.028666980000000120e-01,2.912155450565858880e-02
2.668500000000000000e+03,7.029851160000000210e-01,2.919719829706911990e-02
2.669000000000000000e+03,7.030961519999999743e-01,2.927290762947598948e-02
2.669500000000000000e+03,7.031908420000000381e-01,2.934329333393823069e-02
2.670000000000000000e+03,7.032623279999998811e-01,2.940361673388930050e-02
2.670500000000000000e+03,7.033066160000001066e-01,2.945026989263843306e-02
2.671000000000000000e+03,7.033230079999999163e-01,2.948111270315613430e-02
2.671500000000000000e+03,7.033140999999999421e-01,2.949569810544751952e-02
2.672000000000000000e+03,7.032854400000000394e-01,2.949530555402232398e-02
2.672500000000000000e+03,7.032447899999999530e-01,2.948280685179043362e-02
2.673000000000000000e+03,7.032012140000000189e-01,2.946236090502551974e-02
2.673500000000000000e+03,7.031639579999999778e-01,2.943895643068286661e-02
2.674000000000000000e+03,7.031414139999999646e-01,2.941785742532886452e-02
2.674500000000000000e+03,7.031401280000000309e-01,2.940401208921044132e-02
2.675000000000000000e+03,7.031640780000000257e-01,2.940147598934097356e-02
2.675500000000000000e+03,7.032142120000000052e-01,2.941295234944215839e-02
2.676000000000000000e+03,7.032883540000000044e-01,2.943948970122710340e-02
2.676500000000000000e+03,7.033814760000000055e-01,2.948036635134316380e-02
2.677000000000000000e+03,7.034862539999998665e-01,2.953317335165468738e-02
2.677500000000000000e+03,7.035939140000000425e-01,2.959409418686110779e-02
2.678000000000000000e+03,7.036952680000000404e-01,2.965830450247406228e-02
2.678500000000000000e+03,7.037817560000000361e-01,2.972049932846798637e-02
2.679000000000000000e+03,7.038464399999999621e-01,2.977544100954878509e-02
2.679500000000000000e+03,7.038848199999998556e-01,2.981852973627756656e-02
2.680000000000000000e+03,7.038952979999999471e-01,2.984631036403249948e-02
2.680500000000000000e+03,7.038793560000000671e-01,2.985687377899912814e-02
2.681000000000000000e+03,7.038413119999999967e-01,2.985011770871656006e-02
2.681500000000000000e+03,7.037877839999999718e-01,2.982781439656894892e-02
2.682000000000000000e+03,7.037268839999999415e-01,2.979347139247447152e-02
2.682500000000000000e+03,7.036672880000000019e-01,2.975197519220958500e-02
2.683000000000000000e+03,7.036172939999999487e-01,2.970907460033643532e-02
2.683500000000000000e+03,7.035839360000000209e-01,2.967073844442207758e-02
2.684000000000000000e+03,7.035723099999999786e-01,2.964249583316847306e-02
2.684500000000000000e+03,7.035851039999999612e-01,2.962882725756615931e-02
2.685000000000000000e+03,7.036223980000000378e-01,2.963268697816811431e-02
2.685500000000000000e+03,7.036817380000000011e-01,2.965521758750749512e-02
2.686000000000000000e+03,7.037584580000000312e-01,2.969566405508781287e-02
2.686500000000000000e+03,7.038462020000000319e-01,2.975149155630407716e-02
2.687000000000000000e+03,7.039376379999999767e-01,2.981867735002800834e-02
2.687500000000000000e+03,7.040252579999999316e-01,2.989215394812095791e-02
2.688000000000000000e+03,7.041022120000000051e-01,2.996632613841249820e-02
2.688500000000000000e+03,7.041630560000000649e-01,3.003565411682132882e-02
2.689000000000000000e+03,7.042043599999999737e-01,3.009522323630994117e-02
2.689500000000000000e+03,7.042250780000000043e-01,3.014127067617908620e-02
2.690000000000000000e+03,7.042266140000000840e-01,3.017159737504838263e-02
2.690500000000000000e+03,7.042126200000000669e-01,3.018580454550003414e-02
2.691000000000000000e+03,7.041885059999999363e-01,3.018534439759079299e-02
2.691500000000000000e+03,7.041607560000000543e-01,3.017332835959046777e-02
2.692000000000000000e+03,7.041361459999999628e-01,3.015413410779897024e-02
2.692500000000000000e+03,7.041209960000001100e-01,3.013286035008867769e-02
2.693000000000000000e+03,7.041204679999999438e-01,3.011468635847058817e-02
2.693500000000000000e+03,7.041380499999999598e-01,3.010424193246790878e-02
2.694000000000000000e+03,7.041752260000000430e-01,3.010507399003374898e-02
2.694500000000000000e+03,7.042313359999999856e-01,3.011925733347695089e-02
2.695000000000000000e+03,7.043036639999999959e-01,3.014721293414809530e-02
2.695500000000000000e+03,7.043876579999999166e-01,3.018771422917829877e-02
2.696000000000000000e+03,7.044773659999999937e-01,3.023808060826308278e-02
2.696500000000000000e+03,7.045659659999999880e-01,3.029449547507229515e-02
2.697000000000000000e+03,7.046464420000000395e-01,3.035245225337177694e-02
2.697500000000000000e+03,7.047122940000000169e-01,3.040721316554817130e-02
2.698000000000000000e+03,7.047582480000000871e-01,3.045431017150272007e-02
2.698500000000000000e+03,7.047808759999999451e-01,3.049000842467588027e-02
2.699000000000000000e+03,7.047790199999999228e-01,3.051170033700120743e-02
2.699500000000000000e+03,7.047539560000000147e-01,3.051819060220504684e-02
2.700000000000000000e+03,7.047093259999999137e-01,3.050983961863690253e-02
2.700500000000000000e+03,7.046507020000000177e-01,3.048853520251036328e-02
2.701000000000000000e+03,7.045849939999999645e-01,3.045748896533421665e-02
2.701500000000000000e+03,7.045197060000001343e-01,3.042087513254206066e-02
2.702000000000000000e+03,7.044621239999999673e-01,3.038336000232719561e-02
2.702500000000000000e+03,7.044186119999999995e-01,3.034957741291523237e-02
2.703000000000000000e+03,7.043939980000000212e-01,3.032362891091818294e-02
2.703500000000000000e+03,7.043911400000000267e-01,3.030865562414834444e-02
2.704000000000000000e+03,7.044107019999999997e-01,3.030656286739562624e-02
2.704500000000000000e+03,7.044511159999999883e-01,3.031787664451678077e-02
2.705000000000000000e+03,7.045087160000000903e-01,3.034177902919827502e-02
2.705500000000000000e+03,7.045781039999999829e-01,3.037626354674676302e-02
2.706000000000000000e+03,7.046526539999999894e-01,3.041841168546733157e-02
2.706500000000000000e+03,7.047251979999999971e-01,3.046473674952786953e-02
2.707000000000000000e+03,7.047887879999999994e-01,3.051155356483235478e-02
2.707500000000000000e+03,7.048375119999999994e-01,3.055534458156958927e-02
2.708000000000000000e+03,7.048672160000000186e-01,3.059312689736087484e-02
2.708500000000000000e+03,7.048760299999999868e-01,3.062272716616157298e-02
2.709000000000000000e+03,7.048646799999999102e-01,3.064299587920883000e-02
2.709500000000000000e+03,7.048363639999999375e-01,3.065391706905311320e-02
2.710000000000000000e+03,7.047964119999999832e-01,3.065657543455864095e-02
2.710500000000000000e+03,7.047515919999999268e-01,3.065302857533386272e-02
2.711000000000000000e+03,7.047092999999999829e-01,3.064604179879793291e-02
2.711500000000000000e+03,7.046766599999999547e-01,3.063875424551690957e-02
2.712000000000000000e+03,7.046597100000000502e-01,3.063430496465489178e-02
2.712500000000000000e+03,7.046627159999999668e-01,3.063544443913269327e-02
2.713000000000000000e+03,7.046877400000000069e-01,3.064422464505619711e-02
2.713500000000000000e+03,7.047344020000000375e-01,3.066176511723441717e-02
2.714000000000000000e+03,7.047998960000000368e-01,3.068813730470547341e-02
2.714500000000000000e+03,7.048792479999999028e-01,3.072239026345238364e-02
2.715000000000000000e+03,7.049657480000000032e-01,3.076267332860546308e-02
2.715500000000000000e+03,7.050516120000001052e-01,3.080647082990574381e-02
2.716000000000000000e+03,7.051287559999999122e-01,3.085088540275199298e-02
2.716500000000000000e+03,7.051896360000000641e-01,3.089295788922365865e-02
2.717000000000000000e+03,7.052281219999999573e-01,3.092996440222222851e-02
2.717500000000000000e+03,7.052402139999999209e-01,3.095967623036465985e-02
2.718000000000000000e+03,7.052245360000000129e-01,3.098057631180327690e-02
2.718500000000000000e+03,7.051825499999998526e-01,3.099196940051035173e-02
2.719000000000000000e+03,7.051184139999999712e-01,3.099403660852963552e-02
2.719500000000000000e+03,7.050384880000000187e-01,3.098778700776571096e-02
2.720000000000000000e+03,7.049506200000000833e-01,3.097492829297864708e-02
2.720500000000000000e+03,7.048632559999999936e-01,3.095767426951104989e-02
2.721000000000000000e+03,7.047845320000000191e-01,3.093850940880756711e-02
2.721500000000000000e+03,7.047214239999999297e-01,3.091991179502161236e-02
2.722000000000000000e+03,7.046791040000000006e-01,3.090410499419011386e-02
2.722500000000000000e+03,7.046604740000000922e-01,3.089281573251498672e-02
2.723000000000000000e+03,7.046659520000000398e-01,3.088712945711779082e-02
2.723500000000000000e+03,7.046934999999999727e-01,3.088741869067711948e-02
2.724000000000000000e+03,7.047388260000000404e-01,3.089337933163716424e-02
2.724500000000000000e+03,7.047958439999999491e-01,3.090413398111352752e-02
2.725000000000000000e+03,7.048572459999998818e-01,3.091844274651192603e-02
2.725500000000000000e+03,7.049152599999999325e-01,3.093489468549569590e-02
2.726000000000000000e+03,7.049624500000000182e-01,3.095213127181002319e-02
2.726500000000000000e+03,7.049925399999998898e-01,3.096900282876734536e-02
2.727000000000000000e+03,7.050011619999999590e-01,3.098469500571426546e-02
2.727500000000000000e+03,7.049863579999999796e-01,3.099876607743014267e-02
2.728000000000000000e+03,7.049488899999999392e-01,3.101113847008490909e-02
2.728500000000000000e+03,7.048921559999999920e-01,3.102203518310453489e-02
2.729000000000000000e+03,7.048218379999999783e-01,3.103189637547959512e-02
2.729500000000000000e+03,7.047452400000000505e-01,3.104127408524301468e-02
2.730000000000000000e+03,7.046704879999999838e-01,3.105072950742403595e-02
2.730500000000000000e+03,7.046055859999998949e-01,3.106073501234276821e-02
2.731000000000000000e+03,7.045575779999999622e-01,3.107159558018277382e-02
2.731500000000000000e+03,7.045317819999998843e-01,3.108339042552136708e-02
2.732000000000000000e+03,7.045312579999999381e-01,3.109593817019665196e-02
2.732500000000000000e+03,7.045564960000000321e-01,3.110882538211731316e-02
2.733000000000000000e+03,7.046053420000000234e-01,3.112147272211782459e-02
2.733500000000000000e+03,7.046731780000000667e-01,3.113323817512922420e-02
2.734000000000000000e+03,7.047533440000000038e-01,3.114357671937867736e-02
2.734500000000000000e+03,7.048377440000000993e-01,3.115217341843848353e-02
2.735000000000000000e+03,7.049176000000001441e-01,3.115905368378137433e-02
2.735500000000000000e+03,7.049843460000000395e-01,3.116463368862443586e-02
2.736000000000000000e+03,7.050304979999999500e-01,3.116966772560600396e-02
2.736500000000000000e+03,7.050504820000000894e-01,3.117513765829116323e-02
2.737000000000000000e+03,7.050412759999999945e-01,3.118204271081507356e-02
2.737500000000000000e+03,7.050027759999999422e-01,3.119119988526678974e-02
2.738000000000000000e+03,7.049378640000000251e-01,3.120303161306390780e-02
2.738500000000000000e+03,7.048520899999999312e-01,3.121743375158951214e-02
2.739000000000000000e+03,7.047530920000000254e-01,3.123372413197045283e-02
2.739500000000000000e+03,7.046497659999999552e-01,3.125068563112202297e-02
2.740000000000000000e+03,7.045513139999999286e-01,3.126669598520454008e-02
2.740500000000000000e+03,7.044662999999999897e-01,3.127991999324359479e-02
2.741000000000000000e+03,7.044017859999999187e-01,3.128854627803241001e-02
2.741500000000000000e+03,7.043626579999999748e-01,3.129101462254064991e-02
2.742000000000000000e+03,7.043511840000000745e-01,3.128625602936481453e-02
2.742500000000000000e+03,7.043668039999999575e-01,3.127388782758239172e-02
2.743000000000000000e+03,7.044061900000000431e-01,3.125434649282064770e-02
2.743500000000000000e+03,7.044635540000000473e-01,3.122897043271049070e-02
2.744000000000000000e+03,7.045311800000000346e-01,3.119997229237889136e-02
2.744500000000000000e+03,7.046001919999999030e-01,3.117029599895377451e-02
2.745000000000000000e+03,7.046614319999999765e-01,3.114337763464864600e-02
2.745500000000000000e+03,7.047064480000000408e-01,3.112277454068698018e-02
2.746000000000000000e+03,7.047284420000000660e-01,3.111174537437113793e-02
2.746500000000000000e+03,7.047230820000001117e-01,3.111280294966983079e-02
2.747000000000000000e+03,7.046890620000000327e-01,3.112732373981232092e-02
2.747500000000000000e+03,7.046283040000000941e-01,3.115530033387298517e-02
2.748000000000000000e+03,7.045458199999999893e-01,3.119524299935969719e-02
2.748500000000000000e+03,7.044491600000000187e-01,3.124430173164653018e-02
2.749000000000000000e+03,7.043475920000000778e-01,3.129855793196699432e-02
2.749500000000000000e+03,7.042511040000000166e-01,3.135346431313157378e-02
2.750000000000000000e+03,7.041692960000000001e-01,3.140435279152631320e-02
2.750500000000000000e+03,7.041103760000000378e-01,3.144697453283186450e-02
2.751000000000000000e+03,7.040802800000000028e-01,3.147795640691322672e-02
2.751500000000000000e+03,7.040820500000000148e-01,3.149521235907021960e-02
2.752000000000000000e+03,7.041154580000000829e-01,3.149818004483741912e-02
2.752500000000000000e+03,7.041769820000000069e-01,3.148793145854891090e-02
2.753000000000000000e+03,7.042600799999999550e-01,3.146711953964153458e-02
2.753500000000000000e+03,7.043557799999999869e-01,3.143974218905586093e-02
2.754000000000000000e+03,7.044535560000000363e-01,3.141075654082923357e-02
2.754500000000000000e+03,7.045424160000000047e-01,3.138556184465501886e-02
2.755000000000000000e+03,7.046120800000000850e-01,3.136937498915718520e-02
2.755500000000000000e+03,7.046541699999999686e-01,3.136658813011036079e-02
2.756000000000000000e+03,7.046631620000000096e-01,3.138018049554899130e-02
2.756500000000000000e+03,7.046370779999999723e-01,3.141126599584415091e-02
2.757000000000000000e+03,7.045777359999999545e-01,3.145887730049351516e-02
2.757500000000000000e+03,7.044905339999999461e-01,3.151998950295439861e-02
2.758000000000000000e+03,7.043838340000000420e-01,3.158982884668252306e-02
2.758500000000000000e+03,7.042679700000000764e-01,3.166240330564232958e-02
2.759000000000000000e+03,7.041541100000000553e-01,3.173117887393674119e-02
2.759500000000000000e+03,7.040530019999999833e-01,3.178981905503071304e-02
2.760000000000000000e+03,7.039738360000000750e-01,3.183292379625025231e-02
2.760500000000000000e+03,7.039232999999999185e-01,3.185663517078254903e-02
2.761000000000000000e+03,7.039048980000000011e-01,3.185909653112425910e-02
2.761500000000000000e+03,7.039186159999999415e-01,3.184070246373163493e-02
2.762000000000000000e+03,7.039609180000000466e-01,3.180412360857400728e-02
2.762500000000000000e+03,7.040251320000000534e-01,3.175408426389704497e-02
2.763000000000000000e+03,7.041021600000000324e-01,3.169692073971411977e-02
2.763500000000000000e+03,7.041814580000000934e-01,3.163994681311891460e-02
2.764000000000000000e+03,7.042522439999999717e-01,3.159067459715677456e-02
2.764500000000000000e+03,7.043047319999999889e-01,3.155597663362367383e-02
2.765000000000000000e+03,7.043313180000000395e-01,3.154128835179967338e-02
2.765500000000000000e+03,7.043274840000000037e-01,3.154994720686971066e-02
2.766000000000000000e+03,7.042923620000000051e-01,3.158277331805779686e-02
2.766500000000000000e+03,7.042288140000000363e-01,3.163793167641534843e-02
2.767000000000000000e+03,7.041430819999999757e-01,3.171114028193001977e-02
2.767500000000000000e+03,7.040439999999998921e-01,3.179614529839239201e-02
2.768000000000000000e+03,7.039419479999999840e-01,3.188545196091068651e-02
2.768500000000000000e+03,7.038476200000000071e-01,3.197115214292330782e-02
2.769000000000000000e+03,7.037708480000000044e-01,3.204581648385704251e-02
2.769500000000000000e+03,7.037195179999999883e-01,3.210329272837497000e-02
2.770000000000000000e+03,7.036987380000000458e-01,3.213937481831054266e-02
2.770500000000000000e+03,7.037103359999999919e-01,3.215227444765277748e-02
2.771000000000000000e+03,7.037526819999999628e-01,3.214282754477029019e-02
2.771500000000000000e+03,7.038208799999999821e-01,3.211444291543946034e-02
2.772000000000000000e+03,7.039073099999999528e-01,3.207277052354005897e-02
2.772500000000000000e+03,7.040024639999999945e-01,3.202510503383753510e-02
2.773000000000000000e+03,7.040959799999999547e-01,3.197959479228621588e-02
2.773500000000000000e+03,7.041778259999998957e-01,3.194432077077528909e-02
2.774000000000000000e+03,7.042394439999999367e-01,3.192633849973130350e-02
2.774500000000000000e+03,7.042746899999999810e-01,3.193083970429512475e-02
2.775000000000000000e+03,7.042805500000000052e-01,3.196050645662158046e-02
2.775500000000000000e+03,7.042574019999999768e-01,3.201515756211976288e-02
2.776000000000000000e+03,7.042088899999999763e-01,3.209175274932891953e-02
2.776500000000000000e+03,7.041413940000000871e-01,3.218470833996769226e-02
2.777000000000000000e+03,7.040631779999999562e-01,3.228652191397618498e-02
2.777500000000000000e+03,7.039833699999998862e-01,3.238859654920354936e-02
2.778000000000000000e+03,7.039108579999999726e-01,3.248216283356964579e-02
2.778500000000000000e+03,7.038533019999999585e-01,3.255923423768784103e-02
2.779000000000000000e+03,7.038163240000000487e-01,3.261345952668922438e-02
2.779500000000000000e+03,7.038029640000000864e-01,3.264082154043149164e-02
2.780000000000000000e+03,7.038134240000000208e-01,3.264010492151726839e-02
2.780500000000000000e+03,7.038451719999999634e-01,3.261307267101942048e-02
2.781000000000000000e+03,7.038933119999999377e-01,3.256432488411351023e-02
2.781500000000000000e+03,7.039511920000000034e-01,3.250085294963215438e-02
2.782000000000000000e+03,7.040112199999999376e-01,3.243129643298876125e-02
2.782500000000000000e+03,7.040657539999999326e-01,3.236499157336496929e-02
2.783000000000000000e+03,7.041079780000000232e-01,3.231093599715943038e-02
2.783500000000000000e+03,7.041326999999999448e-01,3.227675504737767542e-02
2.784000000000000000e+03,7.041368980000000111e-01,3.226782858492548145e-02
2.784500000000000000e+03,7.041200260000000100e-01,3.228670224867485200e-02
2.785000000000000000e+03,7.040840120000000368e-01,3.233281202284537387e-02
2.785500000000000000e+03,7.040329180000000076e-01,3.240259037716605728e-02
2.786000000000000000e+03,7.039723979999999992e-01,3.248990350883752820e-02
2.786500000000000000e+03,7.039089940000000656e-01,3.258678044017658537e-02
2.787000000000000000e+03,7.038493179999999461e-01,3.268431624183094908e-02
2.787500000000000000e+03,7.037993599999999850e-01,3.277367168696421196e-02
2.788000000000000000e+03,7.037638099999999897e-01,3.284704721709837821e-02
2.788500000000000000e+03,7.037456699999999898e-01,3.289854172245314234e-02
2.789000000000000000e+03,7.037460199999999721e-01,3.292480526047206896e-02
2.789500000000000000e+03,7.037640119999999389e-01,3.292543079526635830e-02
2.790000000000000000e+03,7.037971000000000643e-01,3.290300963973309678e-02
2.790500000000000000e+03,7.038414000000000614e-01,3.286286718167010651e-02
2.791000000000000000e+03,7.038921919999999721e-01,3.281247906810828840e-02
2.791500000000000000e+03,7.039444859999999249e-01,3.276063929072410563e-02
2.792000000000000000e+03,7.039935099999998780e-01,3.271645411785513435e-02
2.792500000000000000e+03,7.040352660000001039e-01,3.268830210389285507e-02
2.793000000000000000e+03,7.040668420000000260e-01,3.268286409250976271e-02
2.793500000000000000e+03,7.040866780000000213e-01,3.270434846056765460e-02
2.794000000000000000e+03,7.040946200000000044e-01,3.275400357197590095e-02
2.794500000000000000e+03,7.040918259999999762e-01,3.282997639879545182e-02
2.795000000000000000e+03,7.040805200000000985e-01,3.292750183590868046e-02
2.795500000000000000e+03,7.040636619999999235e-01,3.303942637729950782e-02
2.796000000000000000e+03,7.040445319999999452e-01,3.315696383708938849e-02
2.796500000000000000e+03,7.040263199999999832e-01,3.327063242987186170e-02
2.797000000000000000e+03,7.040117560000000996e-01,3.337126157218147510e-02
2.797500000000000000e+03,7.040028560000000102e-01,3.345095671845300239e-02
2.798000000000000000e+03,7.040006880000000411e-01,3.350394496369649838e-02
2.798500000000000000e+03,7.040053720000000181e-01,3.352721796942739058e-02
2.799000000000000000e+03,7.040161400000000125e-01,3.352084747528692038e-02
2.799500000000000000e+03,7.040315040000000302e-01,3.348801023912313657e-02
2.800000000000000000e+03,7.040494919999999990e-01,3.343465387158993385e-02
2.800500000000000000e+03,7.040679360000000608e-01,3.336886024573008924e-02
2.801000000000000000e+03,7.040847219999999407e-01,3.329995269233672339e-02
2.801500000000000000e+03,7.040980000000001127e-01,3.323747387232323103e-02
2.802000000000000000e+03,7.041063480000000485e-01,3.319014372769926030e-02
2.802500000000000000e+03,7.041088780000001046e-01,3.316489237644883181e-02
2.803000000000000000e+03,7.041052679999999508e-01,3.316612787659065781e-02
2.803500000000000000e+03,7.040957500000001312e-01,3.319527303225129622e-02
2.804000000000000000e+03,7.040810699999999756e-01,3.325065579533900695e-02
2.804500000000000000e+03,7.040623759999999898e-01,3.332772186296726474e-02
2.805000000000000000e+03,7.040411140000000234e-01,3.341957735303509314e-02
2.805500000000000000e+03,7.040188699999999633e-01,3.351775548896883394e-02
2.806000000000000000e+03,7.039972219999999226e-01,3.361317454250467573e-02
2.806500000000000000e+03,7.039775899999999309e-01,3.369713587538708532e-02
2.807000000000000000e+03,7.039611179999999413e-01,3.376229289957265872e-02
2.807500000000000000e+03,7.039485979999999810e-01,3.380348145856819364e-02
2.808000000000000000e+03,7.039404420000000551e-01,3.381830232450564605e-02
2.808500000000000000e+03,7.039367159999999624e-01,3.380740179161251940e-02
2.809000000000000000e+03,7.039372040000000386e-01,3.377440978464917032e-02
2.809500000000000000e+03,7.039415100000000480e-01,3.372554278425225760e-02
2.810000000000000000e+03,7.039491140000000424e-01,3.366890845916133829e-02
2.810500000000000000e+03,7.039594119999998956e-01,3.361359114765534450e-02
2.811000000000000000e+03,7.039717739999998836e-01,3.356862525653570017e-02
2.811500000000000000e+03,7.039854999999999308e-01,3.354198959536345420e-02
2.812000000000000000e+03,7.039998580000000894e-01,3.353971042710914702e-02
2.812500000000000000e+03,7.040141020000000305e-01,3.356520040683288325e-02
2.813000000000000000e+03,7.040275340000000659e-01,3.361887501578028625e-02
2.813500000000000000e+03,7.040395659999999500e-01,3.369810496837255531e-02
2.814000000000000000e+03,7.040497980000000044e-01,3.379747265406444351e-02
2.814500000000000000e+03,7.040580220000001166e-01,3.390935497222725276e-02
2.815000000000000000e+03,7.040642480000001147e-01,3.402470313145544017e-02
2.815500000000000000e+03,7.040686019999999878e-01,3.413401351496692798e-02
2.816000000000000000e+03,7.040712659999999179e-01,3.422833568819794864e-02
2.816500000000000000e+03,7.040723840000000511e-01,3.430024834660991284e-02
2.817000000000000000e+03,7.040719920000000354e-01,3.434466947295743144e-02
2.817500000000000000e+03,7.040700380000000091e-01,3.435942951645884480e-02
2.818000000000000000e+03,7.040664299999999098e-01,3.434550145544334326e-02
2.818500000000000000e+03,7.040610899999999450e-01,3.430689500010077747e-02
2.819000000000000000e+03,7.040540840000000244e-01,3.425020301843020171e-02
2.819500000000000000e+03,7.040456140000000973e-01,3.418384573497305901e-02
2.820000000000000000e+03,7.040360559999999657e-01,3.411713641783517548e-02
2.820500000000000000e+03,7.040258640000000012e-01,3.405924051915287798e-02
2.821000000000000000e+03,7.040155300000000560e-01,3.401817831268878767e-02
2.821500000000000000e+03,7.040054519999999760e-01,3.399996699972772374e-02
2.822000000000000000e+03,7.039959079999998925e-01,3.400799557684801300e-02
2.822500000000000000e+03,7.039869939999999771e-01,3.404267626594177643e-02
2.823000000000000000e+03,7.039786339999999365e-01,3.410142930581072651e-02
2.823500000000000000e+03,7.039705659999999643e-01,3.417897872958253203e-02
2.824000000000000000e+03,7.039623819999999421e-01,3.426795397288659450e-02
2.824500000000000000e+03,7.039534799999999093e-01,3.435971292750566314e-02
2.825000000000000000e+03,7.039431320000000269e-01,3.444533556456510354e-02
2.825500000000000000e+03,7.039305040000000124e-01,3.451665190249200710e-02
2.826000000000000000e+03,7.039147679999999685e-01,3.456719062147883131e-02
2.826500000000000000e+03,7.038952560000000247e-01,3.459292383088665573e-02
2.827000000000000000e+03,7.038716499999999598e-01,3.459273285502042355e-02
2.827500000000000000e+03,7.038441920000000351e-01,3.456850541239472191e-02
2.828000000000000000e+03,7.038137979999999905e-01,3.452489309215922564e-02
2.828500000000000000e+03,7.037821060000000184e-01,3.446874316407019800e-02
2.829000000000000000e+03,7.037513499999998867e-01,3.440829375112678529e-02
2.829500000000000000e+03,7.037241320000000577e-01,3.435226338378205568e-02
2.830000000000000000e+03,7.037030600000000469e-01,3.430888634829350886e-02
2.830500000000000000e+03,7.036903740000000074e-01,3.428504608662624048e-02
2.831000000000000000e+03,7.036876220000000126e-01,3.428555713350701223e-02
2.831500000000000000e+03,7.036953719999999857e-01,3.431266897081125533e-02
2.832000000000000000e+03,7.037130799999999908e-01,3.436582298476626579e-02
2.832500000000000000e+03,7.037390880000000681e-01,3.444169244297373700e-02
2.833000000000000000e+03,7.037707319999999545e-01,3.453452705072553724e-02
2.833500000000000000e+03,7.038045719999999061e-01,3.463675971405327098e-02
2.834000000000000000e+03,7.038367080000000886e-01,3.473983471503072629e-02
2.834500000000000000e+03,7.038631819999998651e-01,3.483517238325761073e-02
2.835000000000000000e+03,7.038803879999999680e-01,3.491513563659755237e-02
2.835500000000000000e+03,7.038854979999999983e-01,3.497388510250777627e-02
2.836000000000000000e+03,7.038768440000000570e-01,3.500799395102760503e-02
2.836500000000000000e+03,7.038541919999999896e-01,3.501677244722625065e-02
2.837000000000000000e+03,7.038188599999999351e-01,3.500224529749827729e-02
2.837500000000000000e+03,7.037736579999999131e-01,3.496883244322054884e-02
2.838000000000000000e+03,7.037225980000000325e-01,3.492277550996446961e-02
2.838500000000000000e+03,7.036704620000000521e-01,3.487142086033424154e-02
2.839000000000000000e+03,7.036222220000000194e-01,3.482242781768330603e-02
2.839500000000000000e+03,7.035824000000000522e-01,3.478299150752375835e-02
2.840000000000000000e+03,7.035544779999999276e-01,3.475911980848627597e-02
2.840500000000000000e+03,7.035404399999999336e-01,3.475505051210082269e-02
2.841000000000000000e+03,7.035404699999999734e-01,3.477281226728404229e-02
2.841500000000000000e+03,7.035528920000000408e-01,3.481200263523622634e-02
2.842000000000000000e+03,7.035743060000000382e-01,3.486981057250148480e-02
2.842500000000000000e+03,7.035999939999999508e-01,3.494130416383919857e-02
2.843000000000000000e+03,7.036244339999999653e-01,3.501998789241918264e-02
2.843500000000000000e+03,7.036419659999999521e-01,3.509856062827813178e-02
2.844000000000000000e+03,7.036474799999999918e-01,3.516978798536309764e-02
2.844500000000000000e+03,7.036370799999999148e-01,3.522736376639969136e-02
2.845000000000000000e+03,7.036086239999999048e-01,3.526663346968655910e-02
2.845500000000000000e+03,7.035620439999999975e-01,3.528508381049329928e-02
2.846000000000000000e+03,7.034994900000000051e-01,3.528255507464431867e-02
2.846500000000000000e+03,7.034251539999999414e-01,3.526114728156255068e-02
2.847000000000000000e+03,7.033448780000000067e-01,3.522491693087343584e-02
2.847500000000000000e+03,7.032655319999999710e-01,3.517936338169203037e-02
2.848000000000000000e+03,7.031942820000000038e-01,3.513084637856501297e-02
2.848500000000000000e+03,7.031377440000000645e-01,3.508594861148299493e-02
2.849000000000000000e+03,7.031012420000000152e-01,3.505084841683299424e-02
2.849500000000000000e+03,7.030881380000000291e-01,3.503074881988555572e-02
2.850000000000000000e+03,7.030994080000000368e-01,3.502936315580820054e-02
2.850500000000000000e+03,7.031334940000000255e-01,3.504854723163778468e-02
2.851000000000000000e+03,7.031863999999999892e-01,3.508806937688108835e-02
2.851500000000000000e+03,7.032521559999999061e-01,3.514561676833324183e-02
2.852000000000000000e+03,7.033234520000000156e-01,3.521701299893254672e-02
2.852500000000000000e+03,7.033924860000000390e-01,3.529669929230926789e-02
2.853000000000000000e+03,7.034518440000000483e-01,3.537835764067215338e-02
2.853500000000000000e+03,7.034953299999999743e-01,3.545565844049804183e-02
2.854000000000000000e+03,7.035186639999999603e-01,3.552295042398007086e-02
2.854500000000000000e+03,7.035198659999999382e-01,3.557586196974664439e-02
2.855000000000000000e+03,7.034994620000000198e-01,3.561169975915210589e-02
2.855500000000000000e+03,7.034603180000000844e-01,3.562963244578329358e-02
2.856000000000000000e+03,7.034072620000000331e-01,3.563065446239788159e-02
2.856500000000000000e+03,7.033465120000000903e-01,3.561738927897711154e-02
2.857000000000000000e+03,7.032849719999999527e-01,3.559376027357132738e-02
2.857500000000000000e+03,7.032294680000000797e-01,3.556457245727684402e-02
2.858000000000000000e+03,7.031859999999999777e-01,3.553504264909358723e-02
2.858500000000000000e+03,7.031590800000000474e-01,3.551029959041827194e-02
2.859000000000000000e+03,7.031512300000000160e-01,3.549488417996894685e-02
2.859500000000000000e+03,7.031626739999999876e-01,3.549226713951258994e-02
2.860000000000000000e+03,7.031912959999999657e-01,3.550447180207511044e-02
2.860500000000000000e+03,7.032328640000000686e-01,3.553181568729433387e-02
2.861000000000000000e+03,7.032815119999999975e-01,3.557285763211585905e-02
2.861500000000000000e+03,7.033304140000000704e-01,3.562455100947795050e-02
2.862000000000000000e+03,7.033725840000000229e-01,3.568261060756127562e-02
2.862500000000000000e+03,7.034016720000000333e-01,3.574203571334170354e-02
2.863000000000000000e+03,7.034126520000000271e-01,3.579771640023082097e-02
2.863500000000000000e+03,7.034023379999999603e-01,3.584501383895930676e-02
2.864000000000000000e+03,7.033696640000000055e-01,3.588027626334398118e-02
2.864500000000000000e+03,7.033157540000000152e-01,3.590119003626530969e-02
2.865000000000000000e+03,7.032437700000000458e-01,3.590697581917071113e-02
2.865500000000000000e+03,7.031585719999999817e-01,3.589841469586149691e-02
2.866000000000000000e+03,7.030662920000000371e-01,3.587772432577370635e-02
2.866500000000000000e+03,7.029737499999999528e-01,3.584833059463131411e-02
2.867000000000000000e+03,7.028878580000000875e-01,3.581452077837163350e-02
2.867500000000000000e+03,7.028149580000000451e-01,3.578103657849257546e-02
2.868000000000000000e+03,7.027602039999999439e-01,3.575261165795438206e-02
2.868500000000000000e+03,7.027270279999999758e-01,3.573348249202298876e-02
2.869000000000000000e+03,7.027167560000000535e-01,3.572694768977564828e-02
2.869500000000000000e+03,7.027284799999999887e-01,3.573497942947357481e-02
2.870000000000000000e+03,7.027591580000001059e-01,3.575800326437976462e-02
2.870500000000000000e+03,7.028039839999999927e-01,3.579483580928560782e-02
2.871000000000000000e+03,7.028569900000000148e-01,3.584282633408070184e-02
2.871500000000000000e+03,7.029117099999999674e-01,3.589818957375262576e-02
2.872000000000000000e+03,7.029619159999999090e-01,3.595645500570399805e-02
2.872500000000000000e+03,7.030022280000001178e-01,3.601300016276002408e-02
2.873000000000000000e+03,7.030285979999999491e-01,3.606355476538043725e-02
2.873500000000000000e+03,7.030386279999999433e-01,3.610466178429558304e-02
2.874000000000000000e+03,7.030317119999999198e-01,3.613398636712954887e-02
2.874500000000000000e+03,7.030089760000000076e-01,3.615051796867046335e-02
2.875000000000000000e+03,7.029731599999999858e-01,3.615462862793573234e-02
2.875500000000000000e+03,7.029283219999999943e-01,3.614796832754883088e-02
2.876000000000000000e+03,7.028794279999999173e-01,3.613328592287108620e-02
2.876500000000000000e+03,7.028318879999999602e-01,3.611412060285511955e-02
2.877000000000000000e+03,7.027909600000000756e-01,3.609442043086065477e-02
2.877500000000000000e+03,7.027611759999999874e-01,3.607812016496862728e-02
2.878000000000000000e+03,7.027457619999999405e-01,3.606869609866225623e-02
2.878500000000000000e+03,7.027462440000000754e-01,3.606877487420297873e-02
2.879000000000000000e+03,7.027621979999999491e-01,3.607980961176118079e-02
2.879500000000000000e+03,7.027912960000000098e-01,3.610190799077766383e-02
2.880000000000000000e+03,7.028295580000000209e-01,3.613382170279951650e-02
2.880500000000000000e+03,7.028718360000000276e-01,3.617311379280855471e-02
2.881000000000000000e+03,7.029123840000000012e-01,3.621647236879546594e-02
2.881500000000000000e+03,7.029454939999999485e-01,3.626012347602522445e-02
2.882000000000000000e+03,7.029660899999999879e-01,3.630030284060024870e-02
2.882500000000000000e+03,7.029702039999999874e-01,3.633367148863828056e-02
2.883000000000000000e+03,7.029553539999999767e-01,3.635768125513762217e-02
2.883500000000000000e+03,7.029207939999999599e-01,3.637080690348244716e-02
2.884000000000000000e+03,7.028675800000000473e-01,3.637266084283001522e-02
2.884500000000000000e+03,7.027985640000000700e-01,3.636397714251626140e-02
2.885000000000000000e+03,7.027181620000000351e-01,3.634649481556033457e-02
2.885500000000000000e+03,7.026320019999999777e-01,3.632274879160460324e-02
2.886000000000000000e+03,7.025464420000000487e-01,3.629579252421324953e-02
2.886500000000000000e+03,7.024678999999999229e-01,3.626890510172329357e-02
2.887000000000000000e+03,7.024022220000000205e-01,3.624523189381719662e-02
2.887500000000000000e+03,7.023540179999999689e-01,3.622750563483103509e-02
2.888000000000000000e+03,7.023261620000000871e-01,3.621775798006088981e-02
2.888500000000000000e+03,7.023195080000000923e-01,3.621711698491714843e-02
2.889000000000000000e+03,7.023328479999999541e-01,3.622572605329483358e-02
2.889500000000000000e+03,7.023631119999999006e-01,3.624274232820556829e-02
2.890000000000000000e+03,7.024057740000000383e-01,3.626648356478356927e-02
2.890500000000000000e+03,7.024554259999999939e-01,3.629465660497595975e-02
2.891000000000000000e+03,7.025063700000000466e-01,3.632463847885178398e-02
2.891500000000000000e+03,7.025532439999999657e-01,3.635379062276748729e-02
2.892000000000000000e+03,7.025915320000000186e-01,3.637974950544401592e-02
2.892500000000000000e+03,7.026179940000000235e-01,3.640064231155523689e-02
2.893000000000000000e+03,7.026309480000000329e-01,3.641525488425357421e-02
2.893500000000000000e+03,7.026303879999999946e-01,3.642310203394234086e-02
2.894000000000000000e+03,7.026179399999999964e-01,3.642441732461742382e-02
2.894500000000000000e+03,7.025966319999999987e-01,3.642010260545203854e-02
2.895000000000000000e+03,7.025705380000000222e-01,3.641158882307657385e-02
2.895500000000000000e+03,7.025442940000000691e-01,3.640068311220018976e-02
2.896000000000000000e+03,7.025225280000000350e-01,3.638937565511564387e-02
2.896500000000000000e+03,7.025093219999999361e-01,3.637963775475223233e-02
2.897000000000000000e+03,7.025076979999999027e-01,3.637322462916606908e-02
2.897500000000000000e+03,7.025192980000000142e-01,3.637148917024039113e-02
2.898000000000000000e+03,7.025441999999999521e-01,3.637524747420598642e-02
2.898500000000000000e+03,7.025809260000001055e-01,3.638469020313415958e-02
2.899000000000000000e+03,7.026266479999999648e-01,3.639937176622192599e-02
2.899500000000000000e+03,7.026775419999999883e-01,3.641826523676400945e-02
2.900000000000000000e+03,7.027292120000000475e-01,3.643988966484097702e-02
2.900500000000000000e+03,7.027771700000000621e-01,3.646246702356821523e-02
2.901000000000000000e+03,7.028173079999999739e-01,3.648412920817425270e-02
2.901500000000000000e+03,7.028462839999999323e-01,3.650307893810652432e-02
2.902000000000000000e+03,7.028618379999999055e-01,3.651777502684347421e-02
2.902500000000000000e+03,7.028629779999999716e-01,3.652704270930928754e-02
2.903000000000000000e+03,7.028500300000000145e-01,3.653016406379090003e-02
2.903500000000000000e+03,7.028245680000001494e-01,3.652691532899752375e-02
2.904000000000000000e+03,7.027892259999999336e-01,3.651757202759577103e-02
2.904500000000000000e+03,7.027474320000000052e-01,3.650286911022904146e-02
2.905000000000000000e+03,7.027030659999999873e-01,3.648393372473294344e-02
2.905500000000000000e+03,7.026601100000000599e-01,3.646220770092521019e-02
2.906000000000000000e+03,7.026222920000000371e-01,3.643931926036535901e-02
2.906500000000000000e+03,7.025927819999999713e-01,3.641696890335924253e-02
2.907000000000000000e+03,7.025739519999999461e-01,3.639679699428691878e-02
2.907500000000000000e+03,7.025672240000000457e-01,3.638025016164121717e-02
2.908000000000000000e+03,7.025729860000000659e-01,3.636846430463602786e-02
2.908500000000000000e+03,7.025906499999999832e-01,3.636216680323863665e-02
2.909000000000000000e+03,7.026187560000000110e-01,3.636162168090904812e-02
2.909500000000000000e+03,7.026551659999999977e-01,3.636659215762599873e-02
2.910000000000000000e+03,7.026973079999999650e-01,3.637636337438301254e-02
2.910500000000000000e+03,7.027424440000000772e-01,3.638979100232200836e-02
2.911000000000000000e+03,7.027879059999999622e-01,3.640540694799558608e-02
2.911500000000000000e+03,7.028313400000000266e-01,3.642155375986820542e-02
2.912000000000000000e+03,7.028708540000000449e-01,3.643652723785167219e-02
2.912500000000000000e+03,7.029051419999999828e-01,3.644877769642122789e-02
2.913000000000000000e+03,7.029335319999999721e-01,3.645704334285603671e-02
2.913500000000000000e+03,7.029559960000000274e-01,3.646051011186412366e-02
2.914000000000000000e+03,7.029731260000000592e-01,3.645890288273340163e-02
2.914500000000000000e+03,7.029860500000000290e-01,3.645252271233679481e-02
2.915000000000000000e+03,7.029963620000000413e-01,3.644223564082387651e-02
2.915500000000000000e+03,7.030059479999999361e-01,3.642938908921098534e-02
2.916000000000000000e+03,7.030168480000000830e-01,3.641568818737980773e-02
2.916500000000000000e+03,7.030310159999999531e-01,3.640301283083059031e-02
2.917000000000000000e+03,7.030501539999999272e-01,3.639321514429641469e-02
2.917500000000000000e+03,7.030755120000000691e-01,3.638791837006045971e-02
2.918000000000000000e+03,7.031077500000000313e-01,3.638831235580827078e-02
2.918500000000000000e+03,7.031468560000000423e-01,3.639499789099781557e-02
2.919000000000000000e+03,7.031921539999999027e-01,3.640788660666483684e-02
2.919500000000000000e+03,7.032423700000000055e-01,3.642618127076937412e-02
2.920000000000000000e+03,7.032957340000000057e-01,3.644843703002525331e-02
2.920500000000000000e+03,7.033501580000000031e-01,3.647270782637579423e-02
2.921000000000000000e+03,7.034033799999999115e-01,3.649675603265734036e-02
2.921500000000000000e+03,7.034531480000000281e-01,3.651831053185516235e-02
2.922000000000000000e+03,7.034973679999999563e-01,3.653531071778963468e-02
2.922500000000000000e+03,7.035342620000000213e-01,3.654613913279233101e-02
2.923000000000000000e+03,7.035625359999999606e-01,3.654980249339914722e-02
2.923500000000000000e+03,7.035814900000000316e-01,3.654602989983712913e-02
2.924000000000000000e+03,7.035911400000000038e-01,3.653532370404057733e-02
2.924500000000000000e+03,7.035922720000000741e-01,3.651888891961835304e-02
2.925000000000000000e+03,7.035864280000000415e-01,3.649854403614279097e-02
2.925500000000000000e+03,7.035758160000000760e-01,3.647653946057554525e-02
2.926000000000000000e+03,7.035631559999999673e-01,3.645533684124707685e-02
2.926500000000000000e+03,7.035514419999999713e-01,3.643736660060814536e-02
2.927000000000000000e+03,7.035437039999999920e-01,3.642476136599229891e-02
2.927500000000000000e+03,7.035427539999999924e-01,3.641913981955677282e-02
2.928000000000000000e+03,7.035509220000000230e-01,3.642138775902072773e-02
2.928500000000000000e+03,7.035698960000000834e-01,3.643157498851327253e-02
2.929000000000000000e+03,7.036005480000000478e-01,3.644893245201145937e-02
2.929500000000000000e+03,7.036428479999999874e-01,3.647195693694820634e-02
2.930000000000000000e+03,7.036958439999999593e-01,3.649859378379290836e-02
2.930500000000000000e+03,7.037577160000000331e-01,3.652648889628178075e-02
2.931000000000000000e+03,7.038259040000001132e-01,3.655327433727703634e-02
2.931500000000000000e+03,7.038973120000000527e-01,3.657681991984559206e-02
2.932000000000000000e+03,7.039685880000000617e-01,3.659547430052675215e-02
2.932500000000000000e+03,7.040364499999999248e-01,3.660820882583958047e-02
2.933000000000000000e+03,7.040980140000000498e-01,3.661472064195583215e-02
2.933500000000000000e+03,7.041510899999999795e-01,3.661544232249107356e-02
2.934000000000000000e+03,7.041944159999999897e-01,3.661149395665801165e-02
2.934500000000000000e+03,7.042277840000000788e-01,3.660455465802194691e-02
2.935000000000000000e+03,7.042520760000000601e-01,3.659669872247928168e-02
2.935500000000000000e+03,7.042691540000000083e-01,3.659015493028591054e-02
2.936000000000000000e+03,7.042816939999999581e-01,3.658706781012242143e-02
2.936500000000000000e+03,7.042929019999999429e-01,3.658923049130527461e-02
2.937000000000000000e+03,7.043062140000000415e-01,3.659786415852318842e-02
2.937500000000000000e+03,7.043249659999999412e-01,3.661346976528835617e-02
2.938000000000000000e+03,7.043520220000000220e-01,3.663575167890612688e-02
2.938500000000000000e+03,7.043894800000000123e-01,3.666368023335300763e-02
2.939000000000000000e+03,7.044384040000000180e-01,3.669562960178590627e-02
2.939500000000000000e+03,7.044986599999999433e-01,3.672959042399766283e-02
2.940000000000000000e+03,7.045688620000000180e-01,3.676340705726788283e-02
2.940500000000000000e+03,7.046464519999999787e-01,3.679502960113380933e-02
2.941000000000000000e+03,7.047279140000000108e-01,3.682270745785819199e-02
2.941500000000000000e+03,7.048090940000000248e-01,3.684513308934012077e-02
2.942000000000000000e+03,7.048856079999999968e-01,3.686154076279372915e-02
2.942500000000000000e+03,7.049532779999999610e-01,3.687173714177450351e-02
2.943000000000000000e+03,7.050085380000000734e-01,3.687609342562405551e-02
2.943500000000000000e+03,7.050487999999999200e-01,3.687548088516175854e-02
2.944000000000000000e+03,7.050727220000000406e-01,3.687119286939689183e-02
2.944500000000000000e+03,7.050803820000000055e-01,3.686481178293406907e-02
2.945000000000000000e+03,7.050733179999999489e-01,3.685805252292820300e-02
2.945500000000000000e+03,7.050544479999999448e-01,3.685259530740723349e-02
2.946000000000000000e+03,7.050278640000000596e-01,3.684991254529277477e-02
2.946500000000000000e+03,7.049985100000000227e-01,3.685113151795084419e-02
2.947000000000000000e+03,7.049717320000000731e-01,3.685693882513419589e-02
2.947500000000000000e+03,7.049527679999999519e-01,3.686754825914618366e-02
2.948000000000000000e+03,7.049462159999999589e-01,3.688271656723316611e-02
2.948500000000000000e+03,7.049555100000000074e-01,3.690182188642494171e-02
2.949000000000000000e+03,7.049825419999999898e-01,3.692395294150334351e-02
2.949500000000000000e+03,7.050274220000000147e-01,3.694802974247983485e-02
2.950000000000000000e+03,7.050884480000000343e-01,3.697289541834389293e-02
2.950500000000000000e+03,7.051623179999999547e-01,3.699743011561713174e-02
2.951000000000000000e+03,7.052444720000000666e-01,3.702062610820749944e-02
2.951500000000000000e+03,7.053296460000000323e-01,3.704167304884844331e-02
2.952000000000000000e+03,7.054124140000000986e-01,3.706002398058190483e-02
2.952500000000000000e+03,7.054877880000000046e-01,3.707543267834800121e-02
2.953000000000000000e+03,7.055517019999999473e-01,3.708798831406218827e-02
2.953500000000000000e+03,7.056014359999999153e-01,3.709809446505798330e-02
2.954000000000000000e+03,7.056358560000000057e-01,3.710643193399799228e-02
2.954500000000000000e+03,7.056555300000000308e-01,3.711387304117585995e-02
2.955000000000000000e+03,7.056626579999998317e-01,3.712139055610732402e-02
2.955500000000000000e+03,7.056608599999999454e-01,3.712994518921823583e-02
2.956000000000000000e+03,7.056548140000000746e-01,3.714038967948689318e-02
2.956500000000000000e+03,7.056497419999999687e-01,3.715338389347588866e-02
2.957000000000000000e+03,7.056508340000000601e-01,3.716934733871025270e-02
2.957500000000000000e+03,7.056626419999999511e-01,3.718841603884136260e-02
2.958000000000000000e+03,7.056885139999999890e-01,3.721044164925546571e-02
2.958500000000000000e+03,7.057301680000001021e-01,3.723500029447861931e-02
2.959000000000000000e+03,7.057874499999999829e-01,3.726142393875990499e-02
2.959500000000000000e+03,7.058583019999999930e-01,3.728885331034936801e-02
2.960000000000000000e+03,7.059389780000000503e-01,3.731631714209996536e-02
2.960500000000000000e+03,7.060244620000000193e-01,3.734282075899347103e-02
2.961000000000000000e+03,7.061089940000000453e-01,3.736743830174455577e-02
2.961500000000000000e+03,7.061866859999998969e-01,3.738940877852491018e-02
2.962000000000000000e+03,7.062521400000000282e-01,3.740819079774883316e-02
2.962500000000000000e+03,7.063009679999999735e-01,3.742351381529350485e-02
2.963000000000000000e+03,7.063302639999999855e-01,3.743536868207692631e-02
2.963500000000000000e+03,7.063388780000000589e-01,3.744400067708142377e-02
2.964000000000000000e+03,7.063275839999999528e-01,3.744986513018472990e-02
2.964500000000000000e+03,7.062990459999999304e-01,3.745358522956414998e-02
2.965000000000000000e+03,7.062576259999999717e-01,3.745590857061106144e-02
2.965500000000000000e+03,7.062089879999999820e-01,3.745766419462207703e-02
2.966000000000000000e+03,7.061595620000000739e-01,3.745970644554858647e-02
2.966500000000000000e+03,7.061158860000000814e-01,3.746287635629551305e-02
2.967000000000000000e+03,7.060838919999998797e-01,3.746792868515196745e-02
2.967500000000000000e+03,7.060682619999999465e-01,3.747548710020263268e-02
2.968000000000000000e+03,7.060719020000000290e-01,3.748596659102687578e-02
2.968500000000000000e+03,7.060956039999999323e-01,3.749955546443192039e-02
2.969000000000000000e+03,7.061380200000000329e-01,3.751618051058997622e-02
2.969500000000000000e+03,7.061958340000000778e-01,3.753554638985538011e-02
2.970000000000000000e+03,7.062641800000000192e-01,3.755717110991680513e-02
2.970500000000000000e+03,7.063372340000000360e-01,3.758044466960450136e-02
2.971000000000000000e+03,7.064088379999999834e-01,3.760468813894425610e-02
2.971500000000000000e+03,7.064731920000000276e-01,3.762921137525677279e-02
2.972000000000000000e+03,7.065254160000000727e-01,3.765333612756704973e-02
2.972500000000000000e+03,7.065620519999999960e-01,3.767643269679261248e-02
2.973000000000000000e+03,7.065813760000001498e-01,3.769793692509188637e-02
2.973500000000000000e+03,7.065835799999999889e-01,3.771738510766261404e-02
2.974000000000000000e+03,7.065707300000000357e-01,3.773444459419734998e-02
2.974500000000000000e+03,7.065465679999999304e-01,3.774896040271314562e-02
2.975000000000000000e+03,7.065161079999999760e-01,3.776098769051855486e-02
2.975500000000000000e+03,7.064850820000001530e-01,3.777081153861065049e-02
2.976000000000000000e+03,7.064593019999999557e-01,3.777894381295516385e-02
2.976500000000000000e+03,7.064439780000000280e-01,3.778608300360894456e-02
2.977000000000000000e+03,7.064430680000000073e-01,3.779305066097724680e-02
2.977500000000000000e+03,7.064588240000000408e-01,3.780071294591023923e-02
2.978000000000000000e+03,7.064914840000000584e-01,3.780990360334769707e-02
2.978500000000000000e+03,7.065392700000000525e-01,3.782133087685942557e-02
2.979000000000000000e+03,7.065985520000001019e-01,3.783552833562092016e-02
2.979500000000000000e+03,7.066642939999999706e-01,3.785279793303668316e-02
2.980000000000000000e+03,7.067305599999998966e-01,3.787316576070293150e-02
2.980500000000000000e+03,7.067911380000000410e-01,3.789635717123827907e-02
2.981000000000000000e+03,7.068401819999999836e-01,3.792178238187907113e-02
2.981500000000000000e+03,7.068727860000000307e-01,3.794853809172844816e-02
2.982000000000000000e+03,7.068854759999999571e-01,3.797543952537806022e-02
2.982500000000000000e+03,7.068766159999999577e-01,3.800110730605419512e-02
2.983000000000000000e+03,7.068466180000000376e-01,3.802408801934773624e-02
2.983500000000000000e+03,7.067979840000001568e-01,3.804298511530432303e-02
2.984000000000000000e+03,7.067351339999999871e-01,3.805666051304037317e-02
2.984500000000000000e+03,7.066639980000000154e-01,3.806437093183260428e-02
2.985000000000000000e+03,7.065914079999999764e-01,3.806590956610617776e-02
2.985500000000000000e+03,7.065243659999999037e-01,3.806169024023060843e-02
2.986000000000000000e+03,7.064692320000001136e-01,3.805272855951283978e-02
2.986500000000000000e+03,7.064310180000000772e-01,3.804058966420516968e-02
2.987000000000000000e+03,7.064127719999999666e-01,3.802723661842541403e-02
2.987500000000000000e+03,7.064152719999999830e-01,3.801484584168827313e-02
2.988000000000000000e+03,7.064369619999999461e-01,3.800557644751796638e-02
2.988500000000000000e+03,7.064741680000000690e-01,3.800134085749625606e-02
2.989000000000000000e+03,7.065215420000000579e-01,3.800359605876269670e-02
2.989500000000000000e+03,7.065726740000000117e-01,3.801315043102369839e-02
2.990000000000000000e+03,7.066208100000000991e-01,3.803006600120029113e-02
2.990500000000000000e+03,7.066595720000000691e-01,3.805359963686975877e-02
2.991000000000000000e+03,7.066836619999999902e-01,3.808226431929479655e-02
2.991500000000000000e+03,7.066894580000000481e-01,3.811394098973895639e-02
2.992000000000000000e+03,7.066754459999999849e-01,3.814609463972381403e-02
2.992500000000000000e+03,7.066424579999999178e-01,3.817603079601026433e-02
2.993000000000000000e+03,7.065936400000000228e-01,3.820118403739758417e-02
2.993500000000000000e+03,7.065341579999999677e-01,3.821941760849299069e-02
2.994000000000000000e+03,7.064706280000000449e-01,3.822925899990430032e-02
2.994500000000000000e+03,7.064103600000000149e-01,3.823008889846909314e-02
2.995000000000000000e+03,7.063604699999999070e-01,3.822222544145551654e-02
2.995500000000000000e+03,7.063270440000000150e-01,3.820691224138082071e-02
2.996000000000000000e+03,7.063143899999999586e-01,3.818619722656839410e-02
2.996500000000000000e+03,7.063245759999999818e-01,3.816271950602348473e-02
2.997000000000000000e+03,7.063571800000000289e-01,3.813941847923339734e-02
2.997500000000000000e+03,7.064093839999999735e-01,3.811921889805503644e-02
2.998000000000000000e+03,7.064762879999999523e-01,3.810468576103921007e-02
2.998500000000000000e+03,7.065514320000000348e-01,3.809774229059215839e-02
2.999000000000000000e+03,7.066274359999999977e-01,3.809944360056884138e-02
2.999500000000000000e+03,7.066967219999999994e-01,3.810984715788628269e-02
3.000000000000000000e+03,7.067522379999999771e-01,3.812800549538217926e-02
